code,description_en,description_uk,parent_code
A,The Arts,Мистецтво,
AB,The arts: general topics,Мистецтво: загальні питання,A
ABA,Theory of art,Теорія мистецтва,AB
ABC,"Conservation, restoration and care of artworks","Консервація, реставрація та збереження витворів мистецтва",AB
ABK,"Forgery, falsification and theft of artworks","Підробка, фальсифікація та крадіжка витворів (творів) мистецтва",AB
ABQ,Art: financial aspects,Мистецтво: фінансові аспекти,AB
AF,The Arts: art forms,Форми мистецтва,A
AFC,Paintings and painting,Картини та живопис,AF
AFCC,Paintings and painting in watercolours or pastels,Картини та акварельний живопис або живопис пастеллю,AFC
AFCL,Paintings and painting in oils,Картини й олійний живопис,AFC
AFCM,Murals and wall paintings,Фресковий живопис і настінний живопис (стінопис),AFC
AFCP,Paintings and painting in ink,Картини та живопис чорнилом (тушшю),AFC
AFF,Drawing and drawings,"Малювання (рисування, креслення) та рисунки (малюнки)",AF
AFFC,"Drawing and drawings in pencil, charcoal, crayon or pastel","Малювання та малюнки (рисунки) олівцем, вугільним олівцем або пастеллю (кольоровим олівцем)",AFF
AFFK,Drawing and drawings in pen or brush and ink,Малювання та малюнки (рисунки) пером (пензлем) тушшю,AFF
AFH,Prints and printmaking,Графіка,AF
AFJ,Other graphic or visual art forms,Інші види графічного й візуального мистецтва,AF
AFJY,Body art and tattoos,Боді-арт і татуювання,AFJ
AFK,Non-graphic and electronic art forms,Неграфічні й електронні форми мистецтва,AF
AFKB,Sculpture,Скульптура,AFK
AFKC,"Carvings, masks, reliefs","Різьблення, трафарети, рельєфи",AFK
AFKG,"Precious metal, precious stones and jewellery: artworks and design","Дорогоцінні метали, дорогоцінні камені та ювелірні вироби (коштовності): твори мистецтва та дизайн",AFK
AFKN,Installation art,Мистецтво інсталяції,AFK
AFKP,Performance art,"Мистецтво перфомансу (видовище, дійство)",AFK
AFKV,"Digital, video and new media arts","Цифрове (комп’ютерне) мистецтво, відео-арт та мистецтво нових медіа",AFK
AFP,"Ceramics, mosaic and glass: artworks","Кераміка, мозаїка та скло: твори мистецтва",AF
AFT,Decorative arts,Прикладне мистецтво,AF
AFW,Textile arts and artworks,Текстильні вироби,AF
AG,"The visual, decorative or fine arts: treatments and subjects",Мистецтво: трактування й тематика,A
AGA,History of art,Історія мистецтва,AG
AGB,"Individual artists, art monographs","Окремі митці, мистецькі монографії",AG
AGC,Exhibition catalogues and specific collections,Каталоги виставок й особливі колекції,AG
AGH,Human figures depicted in the arts,Зображення людських фігур у мистецтві,AG
AGHF,Portraits and self-portraiture in the arts,Портрети та автопортрети в мистецтві,AGH
AGHN,Nudes depicted in the arts,Зображення оголеного тіла в мистецтві,AGH
AGHX,Erotic art / Erotica in the arts,Еротичне мистецтво,AGH
AGK,"Small-scale, secular and domestic scenes in the arts","Невеликі, світські та побутові сцени в мистецтві",AG
AGN,Nature in the arts,Природа в мистецтві,AG
AGNA,Animals in the arts,Тварини в мистецтві,AGN
AGNB,Botanical arts,Ботанічне мистецтво,AGN
AGNL,Landscapes / seascapes in the arts,Пейзажі / морські пейзажі,AGN
AGNS,Still life,Натюрморт,AGN
AGP,Human made objects depicted in the arts,"Рукотворні предмети, відображені в мистецтві",AG
AGR,Religious and ceremonial arts,Релігійно-обрядове мистецтво,AG
AGT,Public art,Паблік-арт. Публічне мистецтво,AG
AGTS,Urban arts,Урбан-арт. Міське мистецтво,AGT
AGZ,The Arts: techniques and principles,Мистецтво: техніки (методи) й принципи,AG
AGZC,Colours and colour theory,Теорії світла й кольору,AGZ
AJ,Photography and photographs,Фотографія та фотографування,A
AJC,Photographs: collections,Фотографії: колекції,AJ
AJCD,Individual photographers,Особистості фотографів,AJC
AJCP,Photography: portraits and self-portraiture,Фотографія: портрети та автопортрети,AJC
AJCX,Erotic and nude photography,Художня еротична та оголена фотографія,AJC
AJF,Photojournalism and documentary photography,Фотожурналістика і документальна фотографія,AJ
AJT,Photographic equipment and techniques: general,Фотообладнання і фотографічні методи загалом,AJ
AJTA,Camera-specific manuals,Посібники для конкретних фотоапаратів (фотокамер),AJT
AJTF,Photography: subject-specific techniques and principles,Фотографія: тематичні прийоми та принципи,AJT
AJTH,Digital photography,Цифрова фотографія,AJT
AJTR,Monochrome photography,Monochrome photography,AJT
AJTS,Light and lighting,Light and lighting,AJT
AJTV,Video photography / videography,Відеозйомка / відеографія,AJT
AK,"Design, Industrial and commercial arts, illustration","Дизайн, промислове та комерційне мистецтво, ілюстрація",A
AKB,Individual designers or design groups,Дизайнери та дизайнерські спільноти,AK
AKC,Graphic design,Графічний дизайн,AK
AKD,Typography and lettering,Книгодрукування і тиснення (написи),AK
AKH,Book design and Bookbinding,Дизайн книг і палітурна справа,AK
AKHM,Manuscripts and illumination,Рукописи та їх оздоблення кольоровими малюнками (ілюстраціями),AKH
AKL,Illustration and commercial art,Ілюстрація та комерційне мистецтво,AK
AKLB,Illustration,Ілюстрація,AKL
AKLC,Comic book and cartoon artwork,Ілюстрація коміксів та мультфільмів,AKL
AKLC1,Graphic novel and Manga artwork,Ілюстрація графічних романів і манг,AKLC
AKLF,Computer game art,Мистецтво комп’ютерної гри,AKL
AKLP,Poster art,Плакатне мистецтво,AKL
AKP,Product design,Дизайн продукції,AK
AKR,Furniture design,Дизайн меблів,AK
AKT,Fashion and textile design,Мода і текстильний дизайн,AK
AKTF,Fashion and textile design: accessories,Мода і текстильний дизайн: аксесуари,AKT
AKTR,National or regional costume / textiles,Національне й регіональне вбрання,AKT
AKX,History of design,Історія дизайну,AK
AM,Architecture,Архітектура,A
AMA,Theory of architecture,Теорія архітектури,AM
AMB,Individual architects and architectural firms,Архітектори та архітектурні фірми,AM
AMC,Architectural structure and design,Архітектурна структура та дизайн (проєкт),AM
AMCD,"Architectural details, components and motifs","Архітектурні деталі, компоненти та мотиви",AMC
AMCM,Materials in architecture,Архітектурні матеріали,AMC
AMCR,Environmentally-friendly and sustainable architecture and design,Екологічна («зелена») архітектура і дизайн,AMC
AMD,Architecture: professional practice,Архітектура: професійна практика,AM
AMG,"Architecture: public, commercial and industrial buildings","Архітектура: громадські, комерційні та промислові будівлі",AM
AMK,Architecture: residential and domestic buildings,Архітектура: житлові та приватні будівлі,AM
AMKH,Architecture: small-scale domestic buildings,Архітектура: малогабаритні житлові споруди,AMK
AMKL,Architecture: castles and fortifications,Архітектура: замки та фортифікаційні споруди (укріплення),AMK
AMKS,"Architecture: palaces, stately homes and mansions","Архітектура: палаци, величні будівлі та особняки (маєтки)",AMK
AMN,Architecture: religious buildings,Архітектура: культові споруди,AM
AMR,Architecture: interior design,Архітектура: дизайн інтер’єру,AM
AMV,Landscape architecture and design,Ландшафтна архітектура та дизайн,AM
AMVD,City and town planning: architectural aspects,Міське проєктування та містобудування: архітектурні аспекти,AMV
AMX,History of architecture,Історія архітектури,AM
AT,Performing arts,Театральне (сценічне) мистецтво,A
ATA,Performing arts: events / competitions / performances,Performing arts: events / competitions / performances,AT
ATC,Individual actors and performers,Актори та виконавці,AT
ATD,Theatre studies,Театрознавство,AT
ATDC,Acting techniques,Акторська майстерність,ATD
ATDF,Theatre direction and production,Театральна режисура і постановка,ATD
ATDH,Theatre: technical and background skills,Театр: техніка і театральна майстерність,ATD
ATDS,Theatre management,Театральний менеджмент,ATD
ATF,"Films, cinema","Фільми, кіномистецтво",AT
ATFA,"Film history, theory or criticism",Кінознавство: теорія чи критика,ATF
ATFB,"Individual film directors, film-makers","Режисери, творці фільмів",ATF
ATFD,Film scripts and screenplays,Кіносценарії,ATF
ATFG,Film guides and reviews,Кіноогляди,ATF
ATFN,Film: styles and genres,Кіно: стилі та жанри,ATF
ATFR,Documentary films,Документальні фільми,ATF
ATFV,Animated films and animation,Анімаційні фільми та анімація,ATF
ATFV1,Anime,Аніме,ATFV
ATFX,Filmmaking and production: technical and background skills,Створення та виробництво фільмів: техніка та кіномайстерність,ATF
ATJ,Television,Телебачення,AT
ATJD,"Television screenplays, scripts and performances",Телевізійні сценарії та вистави,ATJ
ATJS,Television: styles and genres,Телебачення: стилі та жанри,ATJ
ATJS1,Television: reality shows,Television: reality shows,ATJS
ATJX,Television production: technical and background skills,Телепродукція: техніка і кваліфікаційні навички,ATJ
ATL,Radio / podcasts,Радіо / Аудіопрограми (подкасти),AT
ATLD,"Radio plays, scripts and performances","Радіоп’єси, сценарії та вистави",ATL
ATM,"Performing arts genres: film, television, radio, and theatre","Кіно, телебачення, радіо та жанри сценічного мистецтва",AT
ATMB,"Performing arts genres: Action, adventure, crime and thrillers","Кіно-, теле-, радіо- жанри: Бойовик (екшн), пригодницький жанр, кримінальний жанр і трилери",ATM
ATMC,Performing arts genres: Comedy and humour,"Кіно-, теле-, радіожанри: комедія та гумор",ATM
ATMF,Performing arts genres: Drama,"Кіно-, теле-, радіожанри: драма",ATM
ATMH,Performing arts genres: Historical,"Кіно-, теле-, радіожанри: історичний",ATM
ATMN,"Performing arts genres: Science fiction, fantasy and horror","Кіно-, теле-, радіожанри: наукова фантастика, фентезі та жахи",ATM
ATMP,Performing arts genres: Superhero and comic book inspired,"Кіно-, теле-, радіожанри: супергерої та комікси",ATM
ATN,Internet and digital media: arts and performance,Інтернет та цифрові медіа: мистецтво й перфоманс,AT
ATQ,Dance,Танець,AT
ATQC,Choreography,Хореографія,ATQ
ATQL,Ballet,Балет,ATQ
ATQR,Ballroom dancing,Бальні танці,ATQ
ATQT,Contemporary dance,Сучасний танець,ATQ
ATQV,Dancers / choreographers,Танцюристи / хореографи,ATQ
ATQZ,Folk dancing,Народні танці,ATQ
ATR,Performing arts: directing or directors,Performing arts: directing or directors,AT
ATS,Performing arts: makeup,Performing arts: makeup,AT
ATT,Performing arts: costume / props,Performing arts: costume / props,AT
ATV,"Performing arts: production, producing and business aspects","Performing arts: production, producing and business aspects",AT
ATX,Other performing arts,Інші сценічні мистецтва,AT
ATXB,Drag culture and performance,Drag culture and performance,ATX
ATXC,Circus and circus skills,Цирк і циркова майстерність,ATX
ATXD,Comedy and stand-up,Комедія й стендап,ATX
ATXF,Conjuring and magic,Чаклунство та магія,ATX
ATXM,"Puppetry, miniature and toy theatre","Театр ляльок, мініатюр та іграшок",ATX
ATXP,"Pageants, parades, festivals","Конкурси, паради, фестивалі",ATX
ATXZ,"Animal spectacles, performing animals","Вистави з тваринами, дресировані тварини",ATX
ATXZ1,Bullfighting,Корида,ATXZ
ATY,History of Performing Arts,Історія сценічних мистецтв,AT
ATZ,"Film, television, radio and performing arts: companion works","Кіно, телебачення, радіо та сценічні мистецтва: супутні твори",AT
AV,Music,Музика,A
AVA,Theory of music and musicology,Теорія музики та музикознавство,AV
AVC,Music reviews and criticism,Музичні огляди та критика,AV
AVD,Discographies and buyer’s guides,Дискографії та музичні путівники,AV
AVL,Music: styles and genres,Музика: стилі та жанри,AV
AVLA,"Art music, orchestral and formal music","Художня музика, оркестрова та академічна (класична) музика",AVL
AVLC,Choral music,Хорова музика,AVL
AVLF,Opera,Опера,AVL
AVLK,Sacred and religious music,Духовна і релігійна музика,AVL
AVLM,Music of film and stage,Музика кіно і театру,AVL
AVLP,Popular music,Популярна музика,AVL
AVLT,Traditional and folk music,Традиційна та народна музика,AVL
AVLW,Global or regional music styles,Інші світові та регіональні музичні стилі,AVL
AVLX,Electronic music,Електронна музика,AVL
AVM,History of music,Історія музики,AV
AVN,Composers and songwriters,Композитори та пісняри,AV
AVP,"Musicians, singers, bands and groups","Музиканти, співаки, гурти та групи",AV
AVQ,"Musical scores, lyrics and libretti","Музичні партитури, тексти пісень і партитури",AV
AVQS,Songbooks,Пісенники,AVQ
AVR,Musical instruments,Музичні інструменти,AV
AVRG,Keyboard instruments,Клавішні інструменти,AVR
AVRG1,Piano,Фортепіано,AVRG
AVRJ,Percussion instruments,Ударні інструменти,AVR
AVRL,String instruments,Струнні інструменти,AVR
AVRL1,Guitar,Гітара,AVRL
AVRL2,Plucked instruments,Щипкові інструменти,AVRL
AVRL3,Violin and violin family instruments,Скрипка,AVRL
AVRN,Wind instruments,Духові інструменти,AVR
AVRN1,Brass instruments,Brass instruments,AVRN
AVRN2,Woodwind instruments,Woodwind instruments,AVRN
AVRQ,Mechanical musical instruments,Механічні музичні інструменти,AVR
AVRS,Electronic musical instruments,Електронні музичні інструменти,AVR
AVS,Techniques of music / music tutorials / teaching of music,Техніка музики / підручники з музики / викладання музики,AV
AVSA,Singing: techniques,Спів: техніка,AVS
AVSD,Music composition,Музична композиція,AVS
AVX,Music recording and reproduction,Запис і відтворення музики,AV
C,Language and Linguistics,Мова та мовознавство,
CB,Language: reference and general,Мова загалом та довідкова література,C
CBD,Dictionaries,Словники,CB
CBDX,Bilingual and multilingual dictionaries,Двомовні та багатомовні словники,CBD
CBF,Thesauri / conceptual dictionaries,Тезауруси (синонімічні словники),CB
CBG,Usage and grammar guides,Посібники з граматики і вживання мови,CB
CBM,Languages: revitalisation / revival,Languages: revitalisation / revival,CB
CBP,Speaking in public: advice and guides,Публічні виступи: поради та путівники,CB
CBV,Creative writing and creative writing guides,Творче письмо і довідники з творчого письма,CB
CBVS,Screenwriting techniques,Техніка написання сценаріїв,CBV
CBW,Writing and editing guides,Посібники для письменників і видавців,CB
CBX,Language: history and general works,Мова: історія та загальні праці,CB
CF,Linguistics,Мовознавство,C
CFA,Philosophy of language,Філософія мови,CF
CFB,Sociolinguistics,Соціолінгвістика,CF
CFC,Literacy (Theories of reading and writing),Грамотність,CF
CFD,Psycholinguistics and cognitive linguistics,Психолінгвістика та когнітивна лінгвістика,CF
CFDC,Language acquisition,Опанування мови,CFD
CFDM,Bilingualism and multilingualism,Двомовність та багатомовність,CFD
CFF,Historical and comparative linguistics,Порівняльно-історичне мовознавство,CF
CFFD,"Dialect, slang and jargon","Діалект, сленг і жаргон",CFF
CFG,"Semantics, discourse analysis, stylistics","Семантика, дискурс-аналіз, стилістика",CF
CFH,"Phonetics, phonology","Фонетика, фонологія",CF
CFK,"Grammar, syntax and morphology","Граматика, синтаксис і морфологія",CF
CFL,Palaeography,Палеографія,CF
CFLA,"Writing systems, alphabets, scripts","Системи письма, абетки",CFL
CFM,Lexicography,Лексикографія,CF
CFN,Philology,Philology,CF
CFP,Translation and language interpretation,Переклад і тлумачення (інтерпретація),CF
CFX,Computational and corpus linguistics,Математична та корпусна лінгвістика,CF
CFZ,"Sign languages, Braille and other linguistic communication","Жестові мови, шрифт Брайля та інші мовні комунікації",CF
CJ,Language teaching and learning,Викладання та вивчення мови,C
CJA,Language teaching theory and methods,Теорія та методи викладання мови,CJ
CJAB,Language teaching and learning: first or native languages,Викладання та вивчення мови: перша або рідна мова,CJA
CJAD,Language teaching and learning: second or additional languages,Викладання та вивчення мови: друга або додаткова мова,CJA
CJB,Language teaching and learning material and coursework,Викладання та вивчення мови: матеріали та курсові роботи,CJ
CJBC,Language teaching and learning material and coursework: culture / civilisation,Language teaching and learning material and coursework: culture / civilisation,CJB
CJBG,"Language learning: grammar, vocabulary and pronunciation","Вивчення мови: граматика, словниковий запас і вимова",CJB
CJBR,Language readers,Збірники текстів для читання (читанки),CJB
CJBT,Language self-study,Самостійне вивчення мови,CJB
CJC,Language learning: specific skills,Вивчення мови: специфічні навички,CJ
CJCK,Language learning: speaking skills,Вивчення мови: мовленнєві навички,CJC
CJCL,Language learning: listening skills,Вивчення мови: слухові навички,CJC
CJCR,Language learning: reading skills,Вивчення мови: навички читання,CJC
CJCW,Language learning: writing skills,Вивчення мови: навички письма,CJC
CJP,Language learning for specific purposes,Вивчення мови для конкретних цілей,CJ
CJPD,"Language learning for business, professional and vocational",Вивчення мови для ділової та професійної діяльності,CJP
CJPG,"Language learning for academic, technical and scientific purposes","Вивчення мови для академічних, технічних та професійних цілей",CJP
D,"Biography, Literature and Literary studies","Біографія, література та літературознавство",
DB,"Ancient, classical and medieval texts","Стародавні, класичні та середньовічні тексти",D
DBS,Ancient Sagas and epics,Стародавні саги та епічні поеми,DB
DBSG,Ancient Greek and Roman literature,Давньогрецька та давньоримська література,DBS
DBSN,Icelandic and Old Norse sagas,Ісландські та давньоскандинавські саги,DBS
DC,Poetry / Poems,Поезія,D
DCA,Classic poetry / poems,Класична поезія та поезія до 20 століття,DC
DCC,Modern and contemporary poetry / poems,Новітня та сучасна поезія (після 1900 року),DC
DCF,Poetry / poems by individual poets,Поезія окремих поетів,DC
DCQ,Poetry anthologies (various poets),Поетичні антології (різні поети),DC
DCR,Poetry / poems by form or style,Поетична форма,DC
DCRB,Poetry / poems by form or style: Haiku,Поетична форма: хайку,DCR
DCRC,Poetry / poems by form or style: Tanka,Поетична форма: танка,DCR
DCRG,Poetry / poems by form or style: Ghazal,Поетична форма: газель,DCR
DCRH,Poetry / poems by form or style: Calligram,Поетична форма: каліграм,DCR
DCRL,Poetry / poems by form or style: Limerick,Поетична форма: лімерик,DCR
DCRS,Poetry / poems by form or style: Sonnet,Поетична форма: сонет,DCR
DD,"Plays, playscripts, drama","П’єси, сценарії",D
DDA,Classic plays / drama,Класичні п’єси та п’єси до 20 століття,DD
DDC,Modern and contemporary plays / drama,Новітні та сучасні п’єси (1900 рік і далі),DD
DDL,Comedic plays,Комедійні п’єси,DD
DDT,Tragic plays,Трагічні п’єси,DD
DDV,Monologues / Duologues,Монологи / Діалоги,DD
DH,Oral literature,Oral literature,D
DN,Biography and non-fiction prose,Біографії та нехудожня література,D
DNB,Biography: general,Біографії загалом,DN
DNBA,Autobiography: general,Автобіографії загалом,DNB
DNBB,Biography: business and industry,Біографії: бізнес та промисловість,DNB
DNBB1,Autobiography: business and industry,Автобіографії: бізнес та промисловість,DNBB
DNBF,Biography: arts and entertainment,Біографії: мистецтво і розважальний бізнес,DNB
DNBF1,Autobiography: arts and entertainment,Автобіографії: мистецтво і розважальний бізнес,DNBF
DNBG,Biography: social media / internet celebrities,Biography: social media / internet celebrities,DNB
DNBG1,Autobiography: social media / internet celebrities,Autobiography: social media / internet celebrities,DNBG
DNBH,"Biography: historical, political and military","Біографії: історична, політична та військова",DNB
DNBH1,"Autobiography: historical, political and military","Автобіографії: історична, політична та військова",DNBH
DNBL,Biography: writers,Біографії письменників,DNB
DNBL1,Autobiography: writers,Автобіографії письменників,DNBL
DNBM,Biography: philosophy and social sciences,Біографії: філософія та соціальні науки,DNB
DNBM1,Autobiography: philosophy and social sciences,Автобіографії: філософія та соціальні науки,DNBM
DNBP,Biography: adventurers and explorers,Біографії шукачів пригод і дослідників,DNB
DNBP1,Autobiography: adventurers and explorers,Автобіографії шукачів пригод і дослідників,DNBP
DNBR,Biography: royalty,Біографії аристократів (монархів),DNB
DNBR1,Autobiography: royalty,Автобіографії аристократів,DNBR
DNBS,Biography: sport,Біографії спортсменів,DNB
DNBS1,Autobiography: sport,Автобіографії спортсменів,DNBS
DNBT,"Biography: science, technology and medicine","Біографії: наука, техніка та медицина",DNB
DNBT1,"Autobiography: science, technology and medicine","Автобіографії: наука, техніка та медицина",DNBT
DNBX,Biography: religious and spiritual,Біографії релігійних і духовних діячів,DNB
DNBX1,Autobiography: religious and spiritual,Автобіографії релігійних та духовних діячів,DNBX
DNBZ,Collected biographies,Зібрані біографії,DNB
DNC,Memoirs,Мемуари,DN
DND,"Published diaries, letters and journals","Щоденники, листи та журнали",DN
DNG,Animal life stories,Оповідання про життя тварин,DN
DNL,Essays,Літературні нариси,DN
DNP,"Reportage, journalism or collected columns","Репортаж, журналістика та збірки шпальт",DN
DNPB,Interviews / discussions,Interviews / discussions,DNP
DNS,Speeches,Промови,DN
DNT,Anthologies,Антології загалом,DN
DNX,True stories / true accounts of events,Правдиві історії (оповідання) загалом,DN
DNXC,True crime,Кримінальне чтиво (детективи),DNX
DNXC2,True crime: cold cases / long-unsolved crimes,True crime: cold cases / long-unsolved crimes,DNXC
DNXC3,True crime: serial killers and murderers,Кримінальне чтиво: серійні убивці та маньяки,DNXC
DNXH,True stories of discovery,Правдиві історії відкриттів,DNX
DNXM,True war and combat stories,Правдиві історії про війну та битви,DNX
DNXP,"True stories of heroism, endurance and survival","Правдиві історії про героїзм, витривалість івиживання",DNX
DNXR,True stories of survival of abuse and injustice,Правдиві історії виживання серед зловживань і несправедливості,DNX
DNXZ,Erotic confessions and true stories,Еротичні зізнання та правдиві історії,DNX
DS,Literature: history and criticism,Література: історія та критика,D
DSA,Literary theory,Теорія літератури,DS
DSB,Literary studies: general,Загальне літературознавство,DS
DSBB,"Literary studies: ancient, classical and medieval","Літературознавство: античне, класичне та середньовічне",DSB
DSBC,Literary studies: c 1400 to c 1600,Літературознавство: 1400-1600 рр.,DSB
DSBD,Literary studies: c 1600 to c 1800,Літературознавство: 1600-1800 рр.,DSB
DSBF,Literary studies: c 1800 to c 1900,Літературознавство: 1800-1900 рр.,DSB
DSBH,Literary studies: c 1900 to c 2000,Літературознавство: 1900-2000 рр.,DSB
DSBH5,Literary studies: postcolonial literature,Літературознавство: постколоніальна література,DSBH
DSBJ,Literary studies: from c 2000,Літературознавство: після 2000 р.,DSB
DSC,Literary studies: poetry and poets,Літературознавство: поезія та поети,DS
DSG,Literary studies: plays and playwrights,Літературознавство: п’єси та драматурги,DS
DSK,"Literary studies: fiction, novelists and prose writers","Літературознавство: художня література, письменники-романісти та прозаїки",DS
DSM,Comparative literature,Порівняльна література,DS
DSR,Literary reference works,Літературно-довідкові твори,DS
DSRC,"Literary companions, book reviews and guides","Літературні довідники, огляди книг і путівники",DSR
DSY,Children’s and teenage literature studies: general,Загальне літературознавство дитячої та підліткової літератури,DS
DSYC,Children’s and teenage book reviews and guides,Огляди та путівники дитячих та підліткових книг,DSY
F,Fiction,Художня література та супутня інформація,
FB,Fiction: literary and general non-genre,Художня література: жанрова й епістолярна,F
FBA,Modern and contemporary fiction: literary and general,Новітня та сучасна художня література,FB
FBAN,Street fiction / urban fiction,Вулична (міська) художня література,FBA
FBC,Classic fiction: literary and general,Класична художня література,FB
FC,Biographical fiction / autobiographical fiction,Біографічна художня література,F
FD,Speculative fiction,Фантастика,F
FDB,Dystopian and utopian fiction,Утопічна та дистопічна фантастика,FD
FDK,Alternative history fiction,Альтернативна історія (фантастика),FD
FDM,Black Speculative fiction,Афрофутуризм / Чорна фантастика,FD
FDV,Metaphysical / philosophical fiction,Metaphysical / philosophical fiction,FD
FF,Crime and / or mystery fiction,Детектив і кримінальний роман,F
FFC,Classic crime and mystery fiction,Класичний детектив і кримінальний роман,FF
FFD,Crime and mystery: private investigator / amateur detectives,Детектив і кримінальний роман: приватні детективи / детективи-аматори,FF
FFH,Historical crime and mysteries,Історичний детектив і кримінальний роман,FF
FFJ,Crime and mystery: cosy mystery,Детектив і кримінальний роман: іронічний детектив,FF
FFK,Comical (humorous) crime and mystery,Іронічний детектив і кримінальний роман,FF
FFL,"Crime and mystery: hard-boiled crime, noir fiction","Детектив і кримінальний роман: крутий детектив, нуар (чорний роман)",FF
FFP,Crime and mystery: police procedural,Поліцейський детектив і кримінальний роман,FF
FFS,Crime and mystery: women sleuths / detectives,Детектив і кримінальний роман: жінки-злочинці,FF
FG,Sports fiction,Художня література спортивної тематики,F
FH,Thriller / suspense fiction,Трилер / Пригодницька література,F
FHD,Espionage and spy thriller,Шпигунство і шпигунський трилер,FH
FHF,Financial / Corporate thrillers,Financial / Corporate thrillers,FH
FHK,Technothriller,Технотрилер,FH
FHM,Medical thriller,Medical thriller,FH
FHP,Political / legal thriller,Політичний / юридичний трилер,FH
FHQ,Esoteric thriller,Езотеричний трилер,FH
FHR,Thriller: organised crime / gangland crime,Thriller: organised crime / gangland crime,FH
FHS,Thriller: serial killers,Thriller: serial killers,FH
FHT,Thriller: terrorism,Thriller: terrorism,FH
FHX,Psychological thriller,Психологічний трилер,FH
FJ,Adventure / action fiction,Пригодницька література,F
FJD,Martial arts fiction,Martial arts fiction,FJ
FJH,Historical adventure fiction,"Історична, пригодницька література",FJ
FJM,"War, combat and military adventure fiction",Пригодницька література про війну,FJ
FJMC,Napoleonic War fiction,Література про Наполеонівську війну,FJM
FJMF,First World War fiction,Література про Першу світову війну,FJM
FJMS,Second World War fiction,Література про Другу світову війну,FJM
FJMV,Vietnam War fiction,Література про війну у В’єтнамі,FJM
FJN,Sea stories,Маринізм (морська тематика в художній літературі),FJ
FJW,Adventure fiction: Westerns,Пригодницька література: вестерни,FJ
FK,"Horror, ghost stories and supernatural fiction",Жахи та надприродна фантастика,F
FKC,"Classic horror, ghost stories and supernatural fiction",Класичні книги жахів і привидів,FK
FKM,"Contemporary horror, ghost stories and supernatural fiction",Сучасні книги жахів і привидів,FK
FKW,Occult fiction / Paranormal Horror,Окультна література (фантастика),FK
FL,Science fiction,Наукова фантастика,F
FLC,Classic science fiction,Класична наукова фантастика,FL
FLG,Science fiction: time travel / time slip,Наукова фантастика: подорож у часі,FL
FLH,Hard science fiction,Hard science fiction,FL
FLJ,Science Fiction: cosy / cozy,Science Fiction: cosy / cozy,FL
FLM,Science fiction: steampunk,Наукова фантастика: стімпанк,FL
FLP,Science fiction: near future,Наукова фантастика: найближче майбутнє,FL
FLPB,Science fiction: cyberpunk / biopunk,Наукова фантастика: кіберпанк / біопанк,FLP
FLQ,Science fiction: apocalyptic and post-apocalyptic,Наукова фантастика: апокаліптична і постапокаліптична,FL
FLR,Science fiction: military,Бойова наукова фантастика,FL
FLS,Science fiction: space opera,Космічна наукова фантастика,FL
FLU,Science fiction: aliens / UFOs,Наукова фантастика: інопланетяни / НЛО,FL
FLW,Science fiction: space exploration,Наукова фантастика: дослідження космосу,FL
FM,Fantasy,Фентезі,F
FMB,Epic fantasy / high fantasy,Епічне фентезі / героїчне фентезі,FM
FMBN,Heroic fantasy / Sword and sorcery,Heroic fantasy / Sword and sorcery,FMB
FMH,Historical fantasy,Історичне фентезі,FM
FMJ,Fantasy: cosy / cozy,Fantasy: cosy / cozy,FM
FMK,Comic (humorous) fantasy,Гумористичне фентезі,FM
FMM,Magical realism,Магічний реалізм,FM
FMR,Fantasy romance / Romantic fantasy,Фентезі-романтика,FM
FMS,Superhero stories,Superhero stories,FM
FMT,Dark fantasy,Темне фентезі,FM
FMW,Contemporary fantasy / Low fantasy,Сучасне фентезі,FM
FMX,Urban fantasy,Міське фентезі,FM
FN,"Traditional or cultural fiction and true stories, tales and retellings","Легенди, міфи та казки",F
FNF,Fairy and Folk tales / Fairy tale retellings,Казки та народні казки,FN
FNM,Myths and Legends / Mythic fiction,Міфи та легенди,FN
FNT,Trickster stories and tales,Trickster stories and tales,FN
FP,Erotic fiction / Erotica,Еротична література,F
FQ,Contemporary lifestyle fiction,Художня література про сучасний спосіб життя,F
FR,Romance,Романтична література,F
FRB,Romantic comedies,Romantic comedies,FR
FRD,Modern and Contemporary romance,Сучасний любовний роман,FR
FRDJ,Romance: cosy / cozy,Romance: cosy / cozy,FRD
FRE,Romance: workplace,Romance: workplace,FR
FRF,Romance: wholesome / clean,Любовний роман зі щасливим фіналом,FR
FRG,Romance: college / university,Romance: college / university,FR
FRH,Historical romance,Історичний любовний роман,FR
FRJ,"Romance: ‘western’, rural or ‘outback’",«Західний» та «сільський» любовний роман,FR
FRK,Romance: love triangles,Romance: love triangles,FR
FRL,Romance: unlikely or unexpected lovers,Romance: unlikely or unexpected lovers,FR
FRLC,Romance: friends to lovers,Romance: friends to lovers,FRL
FRLE,Romance: enemies to lovers,Romance: enemies to lovers,FRL
FRLF,Romance: fake or pretend relationships,Romance: fake or pretend relationships,FRL
FRLH,Romance: unintentional or forced proximity,Romance: unintentional or forced proximity,FRL
FRM,Romantic suspense,Гостросюжетний любовний роман,FR
FRN,Romance: sports,Romance: sports,FR
FRP,Romance in uniform,Військовий любовний роман (кохання в уніформі),FR
FRQ,Romance: medical,Медичні любовні романи,FR
FRR,Romance: the rich / famous / powerful,Romance: the rich / famous / powerful,FR
FRS,Romance: multiple partners / lovers,Romance: multiple partners / lovers,FR
FRT,Romance: fantasy and paranormal,Любовне фентезі та любовна містика (любовний роман з паранормальними рисами),FR
FRU,Romance: time travel / time slip,Любовний роман про подорожі у часі,FR
FRV,Dark romance,Темний любовний роман,FR
FRW,Romance: bad boys / bad girls,Romance: bad boys / bad girls,FR
FRX,Erotic romance,Еротичний любовний роман,FR
FS,Family life fiction / Stories about family,Художня література про сімейне життя,F
FT,Family saga / generational saga fiction,Сімейні саги,F
FU,Humorous fiction,Гумористична художня література,F
FUP,Satirical fiction and parodies,Сатирична література і пародії,FU
FV,Historical fiction,Історична проза,F
FW,Religious and spiritual fiction,Релігійна і духовна література,F
FX,Fiction / Literature / Comics / Graphic novels: narrative themes,Художня література: сюжети,F
FXB,Narrative theme: coming of age,Сюжет: повноліття,FX
FXC,Narrative theme: books and the world of books,Narrative theme: books and the world of books,FX
FXD,Narrative theme: love / relationships,Сюжет: любов і стосунки,FX
FXE,Narrative theme: environmental issues / the natural world,Сюжет: екологічні проблеми,FX
FXED,Narrative theme: animals,Narrative theme: animals,FXE
FXF,Narrative theme: war and conflict,Narrative theme: war and conflict,FX
FXK,Narrative theme: health and illness,Narrative theme: health and illness,FX
FXL,"Narrative theme: death, grief, loss","Сюжет: смерть, горе, втрата",FX
FXM,Narrative theme: interior life / psychological fiction,Сюжет: життя,FX
FXN,Narrative theme: identity / belonging,Сюжет: ідентичність,FX
FXP,Narrative theme: politics / economics,Сюжет: політика,FX
FXQ,"Narrative theme: displacement, exile, migration","Сюжет: переселення, заслання, міграція",FX
FXR,Narrative theme: sense of place,Сюжет: відчуття місця,FX
FXS,Narrative theme: social issues / social problems,Сюжет: соціальні проблеми,FX
FXT,"Narrative theme: diversity, equity, equality, inclusion","Narrative theme: diversity, equity, equality, inclusion",FX
FXV,Narrative theme: journeys and voyages,Narrative theme: journeys and voyages,FX
FY,Fiction / Literature / Comics / Graphic novels: special features,Художня література: особливості,F
FYB,Short stories,"Оповідання, новели",FY
FYC,Novella (Short Novel),Novella (Short Novel),FY
FYD,Epistolary fiction / fictional diaries,Епістолярна література,FY
FYG,Fiction: continuations by another,Fiction: continuations by another,FY
FYH,Fiction: pastiche,Художня література: пастиш (стилізація),FY
FYJ,Fiction: dual or multiple timelines,Fiction: dual or multiple timelines,FY
FYL,Fiction: gothic,Fiction: gothic,FY
FYM,Fiction: mashup / crossover,Художня література: мешап (змішаний сюжет),FY
FYP,Fiction based on or inspired by true events,Fiction based on or inspired by true events,FY
FYQ,Fiction: special features: yaoi / BL / danmei novels,Художня література: яой / БЛ романи,FY
FYR,Category fiction,Категорія художньої літератури,FY
FYS,Fiction: special features: ranobe (‘light novels’),Художня література: ранобе «легкі романи»),FY
FYT,Fiction in translation,Художня література в перекладі (перекладна),FY
FYV,Fiction: inspired by or adapted from other media,Адаптована художня література,FY
FYW,Fiction: special features: game-related / LitRPG stories,"Художня література, пов’язана з іграми",FY
FZ,Fiction companion works,Супутня художня література,F
G,"Reference, Information and Interdisciplinary subjects","Довідкова, інформаційна та міждисциплінарна тематика",
GB,Encyclopaedias and reference works,Енциклопедії та довідники,G
GBA,General encyclopaedias,Загальні енциклопедії,GB
GBC,Reference works,Довідкові видання,GB
GBCB,Dictionaries of biography,Біографічні словники,GBC
GBCD,Subject dictionaries,Тематичні словники,GBC
GBCF,Subject atlases / Visual reference,Subject atlases / Visual reference,GBC
GBCQ,"Quotations, proverbs and sayings","Цитати, прислів’я та приказки",GBC
GBCR,"Bibliographies, catalogues","Бібліографії, каталоги",GBC
GBCS,"Serials, periodicals, abstracts, indexes","Серійні видання, періодичні видання, тези, покажчики",GBC
GBCT,Directories,Довідники,GBC
GBCY,"Yearbooks, annuals, almanacs","Щорічники, альманахи",GBC
GBD,Miscellanies and compendia,Збірники і збірки зведених матеріалів (зведення),GB
GL,Library and information sciences / Museology,Бібліотечно-інформаційні науки / Музеологія,G
GLC,"Library, archive and information management","Управління бібліотеками, архівами та інформацією",GL
GLCA,Information retrieval and access,Пошук та доступ до інформації,GLC
GLF,"IT, Internet and electronic resources in libraries","ІТ, інтернет і електронні ресурси в бібліотеках",GL
GLH,Acquisitions and collection development,Придбання та розвиток колекції,GL
GLK,Bibliographic and subject control,Бібліографічний і предметно-тематичний контроль,GL
GLM,Library and information services,Бібліотечно-інформаційні послуги,GL
GLP,"Archiving, preservation and digitization","Архівування, збереження та оцифровування",GL
GLZ,Museology and heritage studies,Музеологія та дослідження культурної спадщини,GL
GM,Orality / Oral transmission,Orality / Oral transmission,G
GP,Research and information: general,Загальні джерела інформації та дослідницькі ресурси,G
GPF,Information theory,Теорія інформації,GP
GPFC,Cybernetics and systems theory,Кібернетика та теорія систем,GPF
GPH,Data science and analysis,Інформаційна наука та аналіз даних,GP
GPJ,Coding theory and cryptology,Теорія кодування та криптологія,GP
GPQ,Decision theory: general,Загальна теорія рішення,GP
GPQD,Risk assessment,Оцінка ризику,GPQ
GPS,Research methods / methodology,Загальні методи досліджень,GP
GPSB,Empirical research methods / methodology,Empirical research methods / methodology,GPS
GPSD,Quantitative research methods / methodology,Quantitative research methods / methodology,GPS
GPSE,Qualitative research methods / methodology,Qualitative research methods / methodology,GPS
GPSF,Applied research methods / methodology,Applied research methods / methodology,GPS
GT,Interdisciplinary studies,Міждисциплінарні дослідження,G
GTB,History of scholarship (principally of social sciences and humanities),Історія вчених (здебільшого соціальних і гуманітарних наук),GT
GTC,Communication studies,Комунікативні дослідження,GT
GTD,Semiotics / semiology,Семіотика/ Семіологія,GT
GTF,Reception or Interpretation studies / Audience Theory,Reception or Interpretation studies / Audience Theory,GT
GTK,Cognitive studies,Когнітивні дослідження,GT
GTM,Regional / International studies,Регіональні / міжнародні дослідження,GT
GTP,Development studies,Дослідження розвитку,GT
GTQ,Globalization,Глобалізація,GT
GTS,Decolonisation of knowledge / Decoloniality,Decolonisation of knowledge / Decoloniality,GT
GTT,"Flags, emblems, symbols, logos","Прапори, емблеми, символи, логотипи",GT
GTU,Peace studies and conflict resolution,Дослідження миру та вирішення конфліктів,GT
GTV,Institutions and learned societies: general,Інститути та наукові товариства загалом,GT
GTZ,General studies and General knowledge,Загальні дослідження та загальні знання,GT
J,Society and Social Sciences,Суспільство та соціальні науки,
JB,Society and culture: general,Суспільство і культура загалом,J
JBC,Cultural and media studies,Культурологія та медіадослідження,JB
JBCC,Cultural studies,Культурологія,JBC
JBCC1,Popular culture,Масова культура,JBCC
JBCC2,Material culture,Матеріальна культура,JBCC
JBCC3,Cultural studies: dress and society,Культурологія: мода та суспільство,JBCC
JBCC4,Cultural studies: food and society,Культурологія: їжа та суспільство,JBCC
JBCC6,Cultural studies: customs and traditions,Культурологія: звичаї та традиції,JBCC
JBCC7,Cross-cultural / Intercultural studies and topics,Міжкультурні (кроскультурні) дослідження та теми,JBCC
JBCC8,Cultural policies and debates,Культурна політика та дискусії,JBCC
JBCC9,History of ideas,Історія ідей,JBCC
JBCT,Media studies,Медіадослідження,JBC
JBCT1,"Media studies: internet, digital media and society","Медіадослідження: інтернет, цифрові медіа та суспільство",JBCT
JBCT2,Media studies: TV and society,Медіадослідження: телебачення та суспільство,JBCT
JBCT3,Media studies: advertising and society,Медіадослідження: реклама та суспільство,JBCT
JBCT4,Media studies: journalism,Медіадослідження: журналістика,JBCT
JBCT5,Disinformation and misinformation,Дезінформація та неправильна інформація,JBCT
JBF,Social and ethical issues,Соціально-етичні проблеми,JB
JBFA,Social discrimination and social justice,Соціальна дискримінація та рівність,JBF
JBFA1,Racism and racial discrimination / Anti-racism,Расизм та расова дискримінація,JBFA
JBFB,Social or cultural Integration and assimilation,Соціальна інтеграція та асиміляція,JBF
JBFB2,Forced assimilation or acculturation,Forced assimilation or acculturation,JBFB
JBFC,Poverty and precarity,Бідність і нестабільність,JBF
JBFD,Housing and homelessness,Житло та безпритульність,JBF
JBFF,Social impact of disasters / accidents (natural or man-made),Соціальний вплив катастроф,JBF
JBFG,Refugees and political asylum,Біженці та політичний притулок,JBF
JBFG1,Aiding escape and evasion,Допомога при втечі,JBFG
JBFH,"Migration, immigration and emigration","Міграція, імміграція та еміграція",JBF
JBFH1,"Forced displacements, removals or population transfers","Forced displacements, removals or population transfers",JBFH
JBFJ,Modern slavery / Human trafficking,Торгівля людьми,JBF
JBFK,Violence and abuse in society,Насильство та жорстоке поводження в суспільстві,JBF
JBFK1,Child abuse,Жорстоке поводження з дитиною,JBFK
JBFK2,Sexual abuse and harassment,Сексуальне насильство та домагання,JBFK
JBFK3,Domestic abuse,Домашнє насильство,JBFK
JBFK4,Bullying and harassment,Знущання та переслідування,JBFK
JBFL,"Control, privacy and safety in society","Контроль, конфіденційність і безпека в суспільстві",JBF
JBFM,Disability: social aspects,Інвалідність: соціальні аспекти,JBF
JBFN,"Health, illness or addiction: social aspects","Здоров’я, хвороби та згубні звички: соціальні аспекти",JBF
JBFN2,Drugs and alcohol: social aspects,Наркотики та алкоголь: соціальні аспекти,JBFN
JBFQ,Social mobility,Соціальна мобільність,JBF
JBFS,Consumerism,Консумеризм (споживацтво),JBF
JBFU,Animals and society / Animal rights - issues and debates,Тварини та суспільство,JBF
JBFV,"Ethical issues, topics and debates",Етичні питання та дискусії,JBF
JBFV1,"Ethical issues, topics and debates: reproductive health, abortion and birth control",Етичні питання: аборти та контроль за народжуваністю,JBFV
JBFV2,Ethical issues: capital punishment,Етичні питання: смертна кара,JBFV
JBFV3,Ethical issues: censorship / freedom of expression,Етичні питання: цензура,JBFV
JBFV4,Ethical issues: euthanasia and right to die,Етичні питання: евтаназія та право на смерть,JBFV
JBFV5,"Ethical issues: scientific, technological and medical developments","Етичні питання: наукові, технологічні та медичні розробки",JBFV
JBFV6,Ethical issues and debates: Competing or conflicting rights,Ethical issues and debates: Competing or conflicting rights,JBFV
JBFW,"Sex and sexuality, social aspects",Секс і сексуальність: соціальні аспекти,JBF
JBFX,Social attitudes,Соціальні установки,JBF
JBFZ,"Social forecasting, future studies","Соціальне прогнозування, майбутні дослідження",JBF
JBG,Popular beliefs,Поширені вірування та суперечливі знання,JB
JBGB,Folklore studies / Study of myth,"Фольклор, міфи та легенди",JBG
JBGX,Conspiracy theories,Теорії змови,JBG
JBS,"Social groups, communities and identities",Соціальні групи та ідентичності,JB
JBSA,Social classes,Соціальні класи,JBS
JBSB,Indigenous reservation / reserve communities or equivalents,Indigenous reservation / reserve communities or equivalents,JBS
JBSC,Rural communities / rural life,Сільські громади,JBS
JBSD,Urban communities / city life,Міські громади,JBS
JBSD1,Suburban communities / suburban life,Suburban communities / suburban life,JBSD
JBSE,Small town communities / small town life,Small town communities / small town life,JBS
JBSF,"Gender studies, gender groups","Ґендерні дослідження, ґендерні групи",JBS
JBSF1,Gender studies: women and girls,Ґендерні дослідження: жінки та дівчата,JBSF
JBSF11,Feminism and feminist theory,Фемінізм та феміністична теорія,JBSF1
JBSF2,Gender studies: men and boys,Ґендерні дослідження: чоловіки та хлопці,JBSF
JBSF3,"Gender studies: ‘trans’, transgender people and gender variance",Ґендерні дослідження: трансґендерні люди та ґендерні відмінності,JBSF
JBSJ,LGBTQIA+ Studies / topics,ЛГБТК / Геї та лесбіянки,JBS
JBSJ2,LGBTQIA+ topics: coming out,LGBTQIA+ topics: coming out,JBSJ
JBSL,Ethnic studies / Ethnicity,Етнічні дослідження,JBS
JBSL1,Ethnic groups and multicultural studies,Етнічні групи та міжкультурні дослідження,JBSL
JBSL11,Indigenous peoples / Indigeneity,Корінні народи,JBSL1
JBSL13,Mixed heritage / Multiracial groups or people,Люди чи групи змішаної раси / Змішані традиції,JBSL1
JBSP,Age groups and generations,Вікові групи та покоління,JBS
JBSP1,Age groups: children,Вікові групи: діти,JBSP
JBSP2,Age groups: adolescents,Вікові групи: підлітки,JBSP
JBSP3,Age groups: adults,Вікові групи: дорослі,JBSP
JBSP4,Age groups: the elderly / old age,Вікові групи: літні люди,JBSP
JBSP9,Future generations,Future generations,JBSP
JBSR,Social groups: religious groups and communities,Соціальні групи: релігійні групи та громади,JBS
JBSW,Social groups: alternative lifestyles / subcultures,Соціальні групи: альтернативний спосіб життя,JBS
JBSX,Secret societies,Таємні товариства,JBS
JBSY,Social groups: clubs and societies,Соціальні групи: клуби та товариства,JBS
JH,Sociology and anthropology,Соціологія та антропологія,J
JHB,Sociology,Соціологія,JH
JHBA,Social theory,Соціальна теорія,JHB
JHBC,Social research and statistics,Соціальні дослідження та статистика,JHB
JHBD,Population and demography,Населення та демографія,JHB
JHBK,"Sociology: family, kinship and relationships",Соціологія: сім’я та стосунки,JHB
JHBL,Sociology: work and labour,Соціологія: праця та робота,JHB
JHBS,Sociology: sport and leisure,Соціологія: спорт і відпочинок,JHB
JHBZ,Sociology: death and dying,Соціологія: смерть і вимирання,JHB
JHM,Anthropology,Антропологія,JH
JHMC,Social and cultural anthropology,Соціальна та культурна антропологія,JHM
JK,"Social services and welfare, criminology","Соціальні послуги та соціальне забезпечення, кримінологія",J
JKS,"Social welfare, social policy and social services",Соціальне забезпечення та соціальні послуги,JK
JKSB,Welfare and benefit systems,Системи соціального забезпечення та допомоги,JKS
JKSB1,Child welfare and youth services,Захист дітей і молодіжні служби,JKSB
JKSF,Adoption and fostering,Усиновлення та виховання,JKS
JKSG,Care of the elderly,Догляд за літніми людьми,JKS
JKSL,Care of people with specific needs,Догляд за людьми з особливими потребами,JKS
JKSM,Care of people with mental health conditions,Догляд за людьми з проблемами психічного здоров’я,JKS
JKSN,Social work,Соціальна робота,JKS
JKSN1,"Charities, voluntary services and philanthropy","Благодійність, волонтерство та філантропія",JKSN
JKSN2,Social counselling and advice services,Послуги соціального консультування,JKSN
JKSR,Aid and relief programmes,Програми допомоги,JKS
JKSW,Emergency services,Екстренні служби,JKS
JKSW1,Police and security services,Поліція та служба безпеки,JKSW
JKSW2,Fire services,Пожежні служби,JKSW
JKSW3,Ambulance and rescue services,Швидка допомога та рятувальні служби,JKSW
JKV,Crime and criminology,Злочинність і кримінологія,JK
JKVC,Causes and prevention of crime,Причини та попередження злочинності,JKV
JKVF,Criminal investigation and detection,Розслідування та викриття злочинів,JKV
JKVF1,Forensic science,Криміналістика,JKVF
JKVG,Drugs trade / drug trafficking,Торгівля наркотиками / незаконний обіг наркотиків,JKV
JKVJ,Street crime,Вулична злочинність,JKV
JKVK,Corporate crime / white-collar crime,Корпоративна злочинність / злочини «білих комірців»,JKV
JKVM,Organized crime,Організована злочинність,JKV
JKVN,Violent crimes,Жорстокі злочини,JKV
JKVN1,"Abduction, kidnapping, hijacking","Abduction, kidnapping, hijacking",JKVN
JKVP,Penology and punishment,Пенологія та покарання,JKV
JKVQ,Offenders / Criminals,Правопорушники,JKV
JKVQ1,Rehabilitation of offenders,Реабілітація правопорушників,JKVQ
JKVQ2,Juvenile offenders,Неповнолітні правопорушники,JKVQ
JKVS,Probation services,Служби пробації,JKV
JKVV,Victimology and victims of crime,Віктимологія та жертви злочину,JKV
JM,Psychology,Психологія,J
JMA,"Psychological theory, systems, schools and viewpoints","Психологічна теорія, системи, школи та погляди",JM
JMAF,Psychoanalytical and Freudian psychology,Психоаналітична і фрейдівська психологія,JMA
JMAF1,Lacanian psychoanalysis,Лаканівський психоаналіз,JMAF
JMAJ,Analytical and Jungian psychology,Аналітична та юнгіанська психологія,JMA
JMAL,"Behaviourism, Behavioural theory","Біхевіоризм, теорія поведінки",JMA
JMAN,Humanistic psychology,Гуманістична психологія,JMA
JMAP,Positive psychology,Позитивна психологія,JMA
JMAQ,"Cognitivism, cognitive theory","Когнітивізм, когнітивна теорія",JMA
JMB,Psychological methodology,Психологічна методологія,JM
JMBT,Psychological testing and measurement,Психологічне тестування і психометрія,JMB
JMC,"Child, developmental and lifespan psychology","Дитяча психологія, психологія розвитку та психологія тривалості життя",JM
JMD,Psychology of ageing,Психологія старіння,JM
JME,Psychosocial studies,Psychosocial studies,JM
JMF,Couple and Family psychology,Сімейна психологія,JM
JMG,Psychology of gender,Психологія статі,JM
JMH,"Social, group or collective psychology","Соціальна, групова або колективна психологія",JM
JMHC,Interpersonal communication and skills,Міжособистісне спілкування та навички,JMH
JMJ,Occupational and industrial psychology,Професійна та виробнича психологія,JM
JMK,Criminal or forensic psychology,Кримінальна або судова психологія,JM
JML,Experimental psychology,Екпериментальна психологія,JM
JMM,"Physiological psychology, neuropsychology, biopsychology","Фізіологічна та нейропсихологія, біопсихологія",JM
JMN,Applied psychology,Applied psychology,JM
JMP,Abnormal psychology,Психологія аномального розвитку,JM
JMQ,Psychology: emotions,Психологія: емоції,JM
JMR,Cognition and cognitive psychology,Пізнання і когнітивна психологія,JM
JMS,"Psychology: the self, ego, identity, personality","Психологія: я, его, ідентичність, особистість",JM
JMT,Psychology: states of consciousness,Психологія: стани свідомості,JM
JMU,Psychology: sexual behaviour,Психологія: сексуальна поведінка,JM
JMX,Parapsychological studies,Парапсихологічні дослідження,JM
JN,Education / Educational sciences / Pedagogy,Освіта,J
JNA,Philosophy and theory of education,Філософія та теорія освіти,JN
JNAM,Moral and social purpose of education,Морально-соціальна мета освіти,JNA
JNAS,Progressive education,Progressive education,JNA
JNB,History of education,Історія освіти,JN
JNC,Educational psychology,Педагогічна психологія,JN
JND,Educational systems and structures,Освітні системи та структури,JN
JNDC,Education: comparative studies,Education: comparative studies,JND
JNDG,Curriculum planning and development,Планування та розробка навчальних програм,JND
JNDH,Education: examinations and assessment,Освіта: іспити та оцінювання,JND
JNE,Social pedagogy,Соціальна педагогіка,JN
JNF,Educational strategies and policy,Освітні стратегії та освітня політика,JN
JNFC,Counselling and care of students,Консультування студентів,JNF
JNFK,Educational strategies and policy: inclusion,Освітні стратегії та освітня політика: інклюзія,JNF
JNFN,"Education: relations with parents, communities or organisations","Education: relations with parents, communities or organisations",JNF
JNG,Early childhood care and education,Догляд за дітьми раннього віку та освіта,JN
JNH,Home schooling / home education,Домашнє навчання,JN
JNK,Educational administration and organization,Управління та організація освітнім процесом,JN
JNKG,Funding of education and student finance,Фінансування освіти та студентів,JNK
JNKH,Teaching staff / Educators,Педагогічний колектив,JNK
JNL,Schools and pre-schools,Школи та дошкільні навчальні заклади,JN
JNLA,Pre-school and kindergarten,Дошкільний заклад і дитячий садок,JNL
JNLB,Primary and middle schools,Початкова та середня школа,JNL
JNLC,Secondary schools,Середні школи,JNL
JNLP,"Independent schools, private education","Приватні школи, приватна освіта",JNL
JNLQ,Residential educational institutions,Residential educational institutions,JNL
JNLR,Faith (religious) schools,Духовні навчальні заклади та релігійні школи,JNL
JNLV,Outdoor schools / education,Школи на відкритому повітрі / освіта поза класом,JNL
JNM,"Higher education, tertiary education",Вища освіта,JN
JNMT,Teacher training,Підготовка вчителів,JNM
JNP,"Adult education, continuous learning","Освіта дорослих, безперервне навчання",JN
JNQ,"Open learning, distance education","Віддалене навчання, дистанційна освіта",JN
JNR,Careers guidance,Профорієнтація,JN
JNRD,"Work experience, placements and internships","Досвід роботи, працевлаштування та стажування",JNR
JNRV,Industrial or vocational training,Виробниче або професійне навчання,JNR
JNS,Teaching of students with different educational needs,Навчання студентів з різними освітніми потребами,JN
JNSC,Teaching of students with physical impairments or disabilities,Навчання студентів з особливими фізичними потребами,JNS
JNSG,Teaching of students with learning difficulties or disorders,Навчання студентів з труднощами в навчанні,JNS
JNSL,"Teaching of students with social, emotional or behavioural difficulties or disorders","Навчання студентів із соціальними, емоційними або поведінковими труднощами",JNS
JNSP,Teaching of gifted or talented students,Навчання обдарованих або талановитих учнів,JNS
JNSR,Remedial education and teaching,Компенсаційна медична освіта та навчання (освіта розвитку),JNS
JNSV,Education of bilingual or multilingual students,Освіта двомовних та багатомовних студентів,JNS
JNT,Teaching skills and techniques,Викладацькі навички та прийоми,JN
JNTC,Competence development,Розвиток компетентності,JNT
JNTP,Project-based learning,Проєктне навчання,JNT
JNTR,Play-based learning,Навчання на основі гри,JNT
JNTS,"Teaching of reading, writing and numeracy","Навчання читанню, письму та лічбі",JNT
JNU,Teaching of a specific subject,Викладання конкретного предмета,JN
JNUM,Teachers’ classroom resources and material,Ресурси та матеріали для вчителів,JNU
JNUM1,Lesson plans,Навчальні плани,JNUM
JNV,"Educational equipment and technology, computer-aided learning (CAL)","Навчальне обладнання та технології, автоматизоване навчання (CAL)",JN
JNW,Extra-curricular activities,Позакласні заходи,JN
JNZ,Study and learning skills: general,Загальні навички теоретичного і практичного навчання,JN
JP,Politics and government,Політика та уряд,J
JPA,Political science and theory,Політологія: теорія,JP
JPB,Comparative politics,Порівняльна політологія,JP
JPF,Political ideologies and movements,Політичні ідеології та рухи,JP
JPFA,Green politics / ecopolitics / environmentalism,«Зелена політика» / екополітика / «зелений» рух,JPF
JPFB,Anarchism,Анархізм,JPF
JPFC,Far-left political ideologies and movements,Ультраліві політичні ідеології та рухи,JPF
JPFF,Left-of-centre democratic ideologies and movements,Лівоцентристські демократичні ідеології,JPF
JPFK,Centrist democratic ideologies and movements,Центристські демократичні ідеології,JPF
JPFL,Libertarianism and libertarian ideologies and movements,Libertarianism and libertarian ideologies and movements,JPF
JPFM,Right-of-centre democratic ideologies and movements,Правоцентристські демократичні ідеології,JPF
JPFN,Nationalism and nationalist ideologies and movements,Націоналізм,JPF
JPFN2,Pan-nationalism,Пан-націоналізм,JPFN
JPFP,Populism / populist ideologies and movements,Populism / populist ideologies and movements,JPF
JPFQ,Far-right political ideologies and movements,Ультраправі політичні ідеології та рухи,JPF
JPFR,Religious and theocratic ideologies and movements,Релігійно-теократичні ідеології,JPF
JPFT,Conservatism / conservative ideologies and movements,Conservatism / conservative ideologies and movements,JPF
JPH,Political structure and processes,Політична структура та процеси,JP
JPHC,Constitution: government and the state,Конституція: уряд і держава,JPH
JPHF,Elections and referenda / suffrage,Вибори та референдуми,JPH
JPHL,Political leaders and leadership,Політичні лідери та керівництво,JPH
JPHR,Political structures / systems: monarchies,Political structures / systems: monarchies,JPH
JPHT,Political structures / systems: republics,Political structures / systems: republics,JPH
JPHV,Political structures / systems: democracy,Політичні структури: демократія,JPH
JPHX,"Political structures / systems: autocracy, totalitarianism and dictatorship",Політичні структури: тоталітаризм і диктатура,JPH
JPL,Political parties and party platforms,Політичні партії та партійні платформи,JP
JPN,Indigenous people: governance and politics,Корінне населення: управління та політика,JP
JPP,Public administration / Public policy,Державне управління,JP
JPQ,Central / national / federal government,Центральний / національний / федеральний уряд,JP
JPQB,Central / national / federal government policies,Політика центрального / національного / федерального уряду,JPQ
JPR,"Regional, state and other local government","Регіональні, державні та інші органи місцевого самоврядування",JP
JPRB,"Regional, state and other local government policies","Політика регіональних, державних та інших видів місцевого самоврядування",JPR
JPS,International relations,Міжнародні зв’язки,JP
JPSD,Diplomacy,Дипломатія,JPS
JPSF,Arms negotiation and control,Переговори та контроль над зброєю,JPS
JPSH,Espionage and secret services,Шпигунство та спецслужби,JPS
JPSL,Geopolitics,Геополітика,JPS
JPSL1,Neo-colonialism / Neo-imperialism,Neo-colonialism / Neo-imperialism,JPSL
JPSN,International institutions / intergovernmental organizations,Міжнародні установи,JPS
JPT,Municipal / city government,Муніципальне / міське управління,JP
JPV,Political control and freedoms,Політичний контроль і свободи,JP
JPVC,Civics and citizenship,Громадянство та громадянськість,JPV
JPVH,"Human rights, civil rights","Права людини, громадянські права",JPV
JPVR,Political oppression and persecution,Політичне переслідування,JPV
JPVR1,"Political abduction, imprisonment, ‘Disappearance’ and assassination","Політичні викрадення, увязнення, «зникнення» та вбивства",JPVR
JPW,Political activism / Political engagement,Політична активність,JP
JPWA,Public opinion and polls,Громадська думка та опитування,JPW
JPWB,Public affairs / Lobbying,Public affairs / Lobbying,JPW
JPWC,Political campaigning and advertising,Політична кампанія та реклама,JPW
JPWG,"Pressure groups, protest movements and non-violent action","Групи тиску, протестні рухи та ненасильницькі дії",JPW
JPWH,Non-governmental organizations (NGOs),Неурядові (громадські) організації (НУО),JPW
JPWL,"Terrorism, armed struggle","Тероризм, збройна боротьба",JPW
JPWQ,Revolutionary groups and movements,Революційні групи та рухи,JPW
JPWS,Armed conflict,Збройний конфлікт,JPW
JPZ,"Corruption in politics, government and society","Корупція в політиці, уряді та суспільстві",JP
JW,Warfare and defence,Війна та оборона,J
JWA,Theory of warfare and military science,Теорія війни та військова наука,JW
JWC,Military forces and sectors,Військові сили та сектори,JW
JWCD,Land forces and warfare,Сухопітні війська та війна,JWC
JWCG,Irregular or guerrilla forces and warfare,Нерегулярні або партизанські сили та війна,JWC
JWCK,Naval forces and warfare,Військово-морські сили та війна,JWC
JWCM,Air forces and warfare,Повітряні сили та війна,JWC
JWCS,Special and elite forces,Спеціальні та елітні збройні сили,JWC
JWD,Information warfare / Cyberwarfare,Information warfare / Cyberwarfare,JW
JWJ,Military administration,Військове управління,JW
JWK,Military and defence strategy,Військова та оборонна стратегія,JW
JWKF,Military intelligence,Військова розвідка,JWK
JWL,War and defence operations,Війни та оборонні операції,JW
JWLF,Battles / military campaigns,Битви та походи,JWL
JWLP,Peacekeeping operations,Миротворчі операції,JWL
JWM,Weapons and equipment,Зброя та військове спорядження,JW
JWMC,Chemical and biological weapons,Хімічна та біологічна зброя,JWM
JWMN,Nuclear weapons,Ядерна зброя,JWM
JWMV,"Military vehicles and transport of air, land and sea",Військові машини,JWM
JWT,Military institutions,Військові установи,JW
JWTU,Military uniforms / insignia,Військова форма / військові знаки,JWT
JWX,Other warfare and defence issues,Військові та оборонні питання,JW
JWXF,Arms trade,Торгівля зброєю,JWX
JWXJ,Non-combatants / impact of war on civil society,"Некомбатанти (медичний, духовний персонал, військові кореспонденти, юристи)",JWX
JWXK,War crimes,Військові злочини,JWX
JWXN,Mercenaries,Найманці,JWX
JWXR,Prisoners of war,Військовополонені,JWX
JWXT,Mutiny,Повстання,JWX
JWXV,Military veterans,Ветерани військової служби,JWX
JWXZ,Combat / defence skills and manuals,Бойові оборонні навички та посібники,JWX
K,"Economics, Finance, Business and Management","Економіка, фінанси, бізнес та управління (менеджмент)",
KC,Economics,Економіка,K
KCA,Economic theory and philosophy,Економічна теорія та філософія,KC
KCB,Macroeconomics,Макроекономіка,KC
KCBM,Monetary economics,Грошово-кредитна економіка,KCB
KCC,Microeconomics,Мікроекономіка,KC
KCCD,Domestic or internal trade,Внутрішня торгівля,KCC
KCD,Economics of industrial organization,Економіка організації виробництва,KC
KCF,Labour / income economics,Економіка праці / доходів,KC
KCG,Economic growth,Економічне зростання,KC
KCH,Econometrics and economic statistics,Економетрика та економічна статистика,KC
KCJ,Economic forecasting,Економічне прогнозування,KC
KCK,Behavioural economics,Поведінкова економіка. Біхевіоризм,KC
KCL,International economics,Міжнародна економіка,KC
KCLT,International trade and commerce,Міжнародна торгівля,KCL
KCM,Development economics and emerging economies,"Економіка розвитку та економіки, що розвиваються",KC
KCP,Political economy,Політекономія,KC
KCS,Economic systems and structures,Економічні системи та структури,KC
KCSA,Capitalism,Капіталізм,KCS
KCSD,Mixed economic systems,Змішані економічні системи,KCS
KCSG,Planned economic systems,Планові економічні системи,KCS
KCST,Circular economic systems / Regenerative economics,Циклічні економічні системи (замкнутого циклу),KCS
KCSV,Degrowth / post-growth economics,Degrowth / post-growth economics,KCS
KCV,Economics of specific sectors,Економіка конкретних галузей,KC
KCVD,Agricultural and rural economics,Економіка сільського господарства,KCV
KCVG,Environmental economics,Екологічна економіка,KCV
KCVJ,Health economics,Економіка охорони здоров’я,KCV
KCVK,Welfare economics,Економіка добробуту,KCV
KCVM,Digital or internet economics,"Цифрова економіка, інтернет-економіка",KCV
KCVP,Knowledge / Information / Data economics,Економіка знань,KCV
KCVQ,Service sector economics,Економіка сфери послуг,KCV
KCVS,Regional / urban economics,Міська економіка,KCV
KCX,Economic and financial crises and disasters,Економічні та фінансові кризи,KC
KCY,Popular economics,Популярна економіка,KC
KCZ,Economic history,Економічна історія,KC
KF,Finance and accounting,Фінанси та бухгалтерія,K
KFC,Accounting,Бухгалтерський облік,KF
KFCC,Cost accounting,Облік витрат,KFC
KFCF,Financial accounting,Фінансовий облік,KFC
KFCM,"Management accounting, bookkeeping and auditing",Управлінський облік і бухгалтерія,KFC
KFCM1,Auditing / Audits,Auditing / Audits,KFCM
KFCM2,Valuation (finance),Valuation (finance),KFCM
KFCP,Public finance accounting,Облік державних фінансів,KFC
KFCR,"Financial reporting, financial statements",Фінансова звітність,KFC
KFCT,Tax planning and compliance,Tax planning and compliance,KFC
KFCX,Accounting: study and revision guides,Бухгалтерський облік: навчальні посібники,KFC
KFF,Finance and the finance industry,Фінанси,KF
KFFC,"Fundraising, grants, donations","Fundraising, grants, donations",KFF
KFFD,Public finance and taxation,Державні фінанси та оподаткування,KFF
KFFF,Financial technology (fintech),Financial technology (fintech),KFF
KFFH,Corporate finance,Корпоративні фінанси,KFF
KFFJ,Currency / Foreign exchange,Валюта / іноземна валюта,KFF
KFFK,Banking,Банківська справа,KFF
KFFL,Credit and credit institutions,Кредити та кредитні установи,KFF
KFFM,Investment and securities,Інвестиції та цінні папери,KFF
KFFN,Insurance and actuarial studies,Страхування та актуарні дослідження,KFF
KFFP,Pensions,Пенсії,KFF
KFFR,Property and real estate,Майно та нерухомість,KFF
KFFS,Green finance / sustainable finance,Green finance / sustainable finance,KFF
KFFT,Private wealth management,Private wealth management,KFF
KFFX,Banking and finance: study and revision guides,Банківська справа та фінанси: навчальні посібники,KFF
KJ,Business and Management,Бізнес та управління,K
KJB,Business studies: general,Загальні бізнес-дослідження,KJ
KJBX,Business and management: study and revision guides,Бізнес та менеджмент: навчальні посібники,KJB
KJC,Business strategy,Стратегії розвитку бізнесу,KJ
KJD,Business innovation,Інновації у бізнесі,KJ
KJDD,Disruptive innovation,Руйнівні інновації,KJD
KJE,E-commerce: business aspects,Електронна комерція: ділові аспекти,KJ
KJF,Business competition,Ділова конкуреція. Бізнес-конкуренція,KJ
KJG,Business ethics and social responsibility,Ділова етика та соціальна відповідальність,KJ
KJH,Entrepreneurship / Start-ups,Підприємництво,KJ
KJJ,Business and the environment; sustainable approaches to business,Бізнес та навколишнє середовище (довкілля): «зелені»підходи до бізнесу,KJ
KJK,International business,Міжнародний бізнес,KJ
KJL,Consultancy,Консалтинг,KJ
KJM,Management and management techniques,Управління та методи управління,KJ
KJMB,Management: leadership and motivation,Менеджмент: лідерство та мотивація,KJM
KJMD,Management decision making,Прийняття управлінських рішень,KJM
KJMK,Knowledge management,Управління знаннями,KJM
KJMN,Business process / operations management,Business process / operations management,KJM
KJMP,Project management,Управління проєктами,KJM
KJMQ,Quality Assurance (QA) and Total Quality Management (TQM),Забезпечення якості. Загальне управління якістю,KJM
KJMT,Time management,Управління часом. Тайм-менеджмент,KJM
KJMV,Management of specific areas,Управління окремими напрямами,KJM
KJMV1,Budgeting and financial management,Бюджетування та управління фінансами,KJMV
KJMV2,Personnel and human resources management,Управління персоналом та людськими ресурсами,KJMV
KJMV21,Performance management / appraisals,Управління ефективністю / оцінка,KJMV2
KJMV22,"Diversity, equality, equity and inclusion in the workplace",Різноманітність та інклюзія на робочому місці,KJMV2
KJMV3,IT and information systems management,IT and information systems management,KJMV
KJMV4,"Management of assets: real estate, property and plant","Управління нерухомістю, майном та підприємством",KJMV
KJMV5,Production and quality control management,Управління виробництвом та контролем якості,KJMV
KJMV6,Research and development management,Управління дослідженнями та розробками,KJMV
KJMV7,Sales and marketing management,Управління продажами та маркетингом,KJMV
KJMV8,Purchasing and supply management,Управління закупівлями та поставками,KJMV
KJMV9,Distribution and logistics management,Управління розподілом та логістикою,KJMV
KJN,Business negotiation,Ділові переговори,KJ
KJP,"Business communication, etiquette and presentation",Ділове спілкування та презентація,KJ
KJQ,Business mathematics and systems,Бізнес-математика та системи,KJ
KJR,Corporate governance: role and responsibilities of boards and directors,Корпоративне управління: роль та обов’язки правлінь та директорів,KJ
KJS,Sales and marketing,Продажі та мпркетинг,KJ
KJSA,Advertising,Реклама,KJS
KJSC,Brands and branding,Бренди та брендинг,KJS
KJSG,Online marketing / Social media marketing,Інтернет-маркетинг. Електронний маркетинг,KJS
KJSJ,Direct marketing / telemarketing,Прямий маркетинг / телемаркетинг,KJS
KJSM,Market research,Маркетингове дослідження,KJS
KJSP,Public relations,Зв’язки з громадськістю,KJS
KJSR,Marketing for change / Cause-related marketing,Marketing for change / Cause-related marketing,KJS
KJST,Greenwashing and other forms of deceptive marketing,Greenwashing and other forms of deceptive marketing,KJS
KJSU,Customer services,Обслуговування клієнтів,KJS
KJT,Operational research,Оперативні дослідження,KJ
KJU,Organizational theory and behaviour,Організаційна теорія та поведінка,KJ
KJV,Ownership and organization of enterprises,Власність та організація підприємств,KJ
KJVB,"Takeovers, mergers and buy-outs","Поглинання, злиття та викуп",KJV
KJVD,Privatization,Приватизація,KJV
KJVF,Franchises,Франшизи,KJV
KJVG,Multinationals,Транснаціональні компанії,KJV
KJVH,Public companies,Public companies,KJV
KJVN,Public ownership / nationalization,Державна власність / націоналізація,KJV
KJVP,Monopolies,Монополії,KJV
KJVQ,Family and Owner-Managed Companies,Family and Owner-Managed Companies,KJV
KJVS,Small businesses and self-employment,Малий бізнес та самозайнятість,KJV
KJVT,Outsourcing and insourcing,Аутсорсинг та інсорсинг,KJV
KJVV,Joint ventures,Спільні підприємства,KJV
KJVW,Employee-ownership and co-operatives,Право власності працівників та кооперативи,KJV
KJVX,Non-profitmaking organizations,Некомерційні організації,KJV
KJW,Office and workplace,Офіс і робоче місце,KJ
KJWB,Office management,Управління офісом,KJW
KJWF,Office systems and equipment,Офісні системи та обладнання,KJW
KJWS,"Secretarial, clerical and office skills","Секретарські, асистенські та службові навички",KJW
KJWX,Working patterns and practices,Режим роботи і трудові навички,KJW
KJZ,History of specific companies / corporate history,Історія конкретних компаній / корпоративна історія,KJ
KN,Industry and industrial studies,Промисловість і промислові дослідження,K
KNA,Agribusiness and primary industries,Агробізнес та первинний сектор економіки,KN
KNAC,"Agriculture, agribusiness and food production industries","Сільське господарство, агропромисловий комплекс та харчова промисловість",KNA
KNAF,Fisheries and related industries,Рибне господарство та суміжні галузі,KNA
KNAL,Forestry industry,Лісова промисловість,KNA
KNAT,Extractive industries,Добувна промисловість,KNA
KNB,Energy industries and utilities,Енергетична промисловість і комунальне господарство (благоустрій),KN
KNBL,Electrical power generation and distribution industries,Виробництво та розподіл електроенергії,KNB
KNBP,"Petroleum, oil and gas industries",Нафтова та газова промисловість,KNB
KNBT,Alternative and renewable energy industries,Галузі альтернативної та відновлювальної енергетики,KNB
KNBW,Water industries,Водна промисловість,KNB
KND,Manufacturing industries,Виробнича промисловість,KN
KNDC,"Chemical, biotechnology and pharmaceutical industries","Хімічна, біотехнологічна та фармацевтична промисловість",KND
KNDD,"Apparel, garment and textile industries",Швейна та текстильна промисловість,KND
KNDR,Vehicle and transport manufacturing industries,Автомобільна та транспортна промисловість,KND
KNG,Transport industries,Транспортні галузі,KN
KNJ,Construction and heavy industry,Будівництво та важка промисловість,KN
KNJC,Construction and building industry,Будівництво та будівельна промисловість,KNJ
KNJH,"Iron, steel and other metal industries","Чорна металургія, сталеливарна та інші металургійні галузі",KNJ
KNP,Retail and wholesale industries,Оптова та роздрібна торгівля,KN
KNS,Hospitality and service industries,Готельна індустрія та сфера послуг,KN
KNSB,Food and drink service industries,Харчова промисловість. Громадське харчування,KNS
KNSG,"Hospitality, sports, leisure and tourism industries","Готельна індустрія, спорт, дозвілля та туризм",KNS
KNSJ,Events management industry,Індустрія організації заходів,KNS
KNSX,Fashion and beauty industries,Індустрія моди та краси,KNS
KNSZ,Deathcare and funeral industries,Deathcare and funeral industries,KNS
KNT,"Media, entertainment, information and communication industries","Медіа, розважальна, інформаційна та комунікаційна індустрія",KN
KNTC,"Film, TV and Radio industries","Індустрія кіно, телебачення. Радіотехнічна промисловість",KNT
KNTF,Music industry,Музична індустрія,KNT
KNTP,Publishing industry and journalism,Видавнича справа. Журналістика,KNT
KNTP1,Publishing and book trade,Видавнича справа та книжкова торгівля,KNTP
KNTP2,News media and journalism,Засоби масової інформації та журналістика,KNTP
KNTR,Printing and reprographic industries,Поліграфічна та репрографічна галузі,KNT
KNTV,Computer and video game industry,Комп’ютерна промисловість й індустрія відеоігор,KNT
KNTX,Information technology industries,Галузі інформаційних технологій,KNT
KNV,Civil service and public sector,Державна служба та державний сектор,KN
KNX,"Industrial relations, occupational health and safety","Виробничі відносини, охорона праці",KN
KNXC,Health and safety in the workplace,Здоров’я та безпека на робочому місці,KNX
KNXH,Whistleblowing,Whistleblowing,KNX
KNXN,Industrial arbitration and negotiation,Комерційний арбітраж і переговори,KNX
KNXU,Trade unions,Профспілки,KNX
L,Law,Право,
LA,Jurisprudence and general issues,Загальні аспекти правознавства,L
LAB,"Methods, theory and philosophy of law","Методи, теорія та філософія права",LA
LABN,Legal pluralism,Legal pluralism,LAB
LAF,Systems of law,Правові системи,LA
LAFC,Systems of law: common law,Правові системи: загальне право,LAF
LAFD,Systems of law: civil codes / civil law,Правові системи: цивільні кодекси / цивільне право,LAF
LAFF,Systems of law: customary law,Правові системи: звичаєве право,LAF
LAFG,Systems of law: mixed systems,Правові системи: змішані правові системи,LAF
LAFP,Systems of law: Indigenous,Systems of law: Indigenous,LAF
LAFR,Systems of law: Roman law,Правові системи: римське право,LAF
LAFS,Systems of law: Islamic law,Правові системи: ісламське право,LAF
LAFT,Systems of law: Jewish Law,Правові системи: єврейське право,LAF
LAFX,Systems of law: ecclesiastical (canon) law,Правові системи: церковне (канонічне) право,LAF
LAH,Legal reform / Law Reform,Legal reform / Law Reform,LA
LAM,Comparative law,Порівняльне право,LA
LAP,Legal technology,Legal technology,LA
LAQ,"Law and society, sociology of law","Право і суспільство, соціологія права",LA
LAQG,"Law and society, gender issues",Право і суспільство: гендерні проблеми,LAQ
LAR,Legal aspects of criminology,Правові аспекти кримінології,LA
LAS,Legal skills and practice,Юридичні навички та практики,LA
LASB,Collaborative or Integrative legal skills / practice,Collaborative or Integrative legal skills / practice,LAS
LASD,Legal skills: advocacy,Юридичні навички: адвокатська діяльність,LAS
LASH,Legal skills: drafting and legal writing,Юридичні навички: складання юридичних документів,LAS
LASK,Legal skills: negotiating and interviewing,Юридичні навички: ведення переговорів та співбесіда,LAS
LASN,Legal skills: research methods,Юридичні навички: методи дослідження,LAS
LASP,Legal practice: paralegals and paralegalism,Юридична практика: параюридична діяльність та паралегалізм,LAS
LAT,Legal profession / practice of law: general,Юридична професія загалом,LA
LATC,Legal ethics and professional conduct,Юридична етика та професійна поведінка,LAT
LAY,Law as it applies to other professions and disciplines,Право стосовно інших професій та дисциплін,LA
LAZ,Legal history,Правова історія,LA
LB,International law,Міжнародне право,L
LBB,Public international law,Міжнародне публічне право,LB
LBBC,Public international law: treaties and other sources,Міжнародне публічне право: договори та інші джерела,LBB
LBBC1,Public International law: customary law,Міжнародне публічне право: звичаєве право,LBBC
LBBD,Public international law: diplomatic law,Міжнародне публічне право: дипломатичне право,LBB
LBBF,Public international law: jurisdiction and immunities,Міжнародне публічне право: юрисдикція та суверенний імунітет,LBB
LBBJ,Public international law: territory and statehood,Міжнародне публічне право: територія та державність,LBB
LBBK,Public international law: law of the sea,Міжнародне публічне право: морське право,LBB
LBBL,Public International law: health,Міжнародне публічне право: охорона здоров’я,LBB
LBBM,Public international law: economic and trade,Міжнародне публічне право: економіка і торгівля,LBB
LBBM1,"Public international law, economic and trade: tariffs",Міжнародне публічне право: економіка і торгівля: мито,LBBM
LBBM3,"Public international law, economic and trade: investment treaties and disputes",Міжнародне публічне право: економіка і торгівля: інвестиційні договори та спори,LBBM
LBBM5,Public international law: energy and natural resources,Міжнародне публічне право: енергетика та природні ресурси,LBBM
LBBM7,"Public international law, economic and trade: corporations",Міжнародне публічне право: економіка і торгівля: корпорації,LBBM
LBBP,Public international law: environment,Міжнародне публічне право: довкілля,LBB
LBBP1,"Public international law, environment: agricultural law",Міжнародне публічне право: довкілля: аграрне право,LBBP
LBBQ,Public international law: administration,Міжнародне публічне право: адміністрація,LBB
LBBR,Public international law: human rights,Міжнародне публічне право: права людини,LBB
LBBR1,"Public international law, human rights: labour and social",Міжнародне публічне право: права людини: трудова та соціальна,LBBR
LBBS,Public international law: humanitarian law,Міжнародне публічне право: гуманітарне право,LBB
LBBU,Public international law: international organizations and institutions,Міжнародне публічне право: організації та установи,LBB
LBBV,Public international law: responsibility of states and other entities,Міжнародне публічне право: відповідальність держав та інших суб’єктів,LBB
LBBZ,Public international law: criminal law,Міжнародне публічне право: кримінальне право,LBB
LBD,"International law: transport, communications and commerce","Міжнародне право: транспорт, зв’язок і торгівля",LB
LBDA,"International law, transport: space and aerospace law",Міжнародне право: транспорт: космічне та аерокосмічне право,LBD
LBDK,International law: transnational commerce and international sale of goods law,Міжнародне право: транснаціональна торгівля та міжнародне право продажу товарів,LBD
LBDM,"International law, transport and commerce: maritime law",Міжнародне право: транспорт і торгівля: морське право,LBD
LBDT,"International law: communications, telecommunications and media","Міжнародне право: зв’язок, телекомунікації та медіа",LBD
LBG,Private international law / Conflict of laws,Міжнародне приватне право: конфлікт інтересів,LB
LBH,International law: international disputes and civil procedure,Міжнародне право: міжнародні суперечки та цивільний процес,LB
LBHG,International law: courts and procedures,Міжнародне право: суди та судові процедури,LBH
LBHT,International law: arbitration,Міжнародне право: арбітраж,LBH
LBJ,International law: intellectual property,Міжнародне право: інтелектуальна власність,LB
LBK,International law: sports,Міжнародне право: спорт,LB
LBL,International law reports,Звіти в міжнародному праві,LB
LN,Laws of specific jurisdictions and specific areas of law,Закони конкретних юрисдикцій та конкретних галузей права,L
LNA,Legal systems: general,Правові системи: загальні питання,LN
LNAA,Legal systems: courts and procedures,Правові системи: суди та судові процедури,LNA
LNAA1,Legal systems: judges and judicial powers,Правові системи: судові повноваження,LNAA
LNAA12,Legal systems: lay and citizen judges / juries,Legal systems: lay and citizen judges / juries,LNAA1
LNAA2,Legal systems: law of contempt,Правові системи: законодавство про неповагу до суду,LNAA
LNAC,"Legal systems: civil procedure, litigation and dispute resolution","Правові системи: цивільний процес, судовий процес та вирішення спорів",LNA
LNAC1,Civil remedies,Цивільні засоби правового захисту,LNAC
LNAC12,Restitution,Реституція (поновлення порушених майнових прав),LNAC1
LNAC14,Damages and compensation,Збитки та компенсація,LNAC1
LNAC16,Injunctions and other orders,Заборони та інші обмеження,LNAC1
LNAC3,Civil procedure: law of evidence,Цивільний процесуальне право: доказування,LNAC
LNAC4,Civil procedure: investigation and specific proceedings,Цивільне процесуальне право: слідство та конкретні провадження,LNAC
LNAC5,"Arbitration, mediation and alternative dispute resolution","Арбітраж, медіація та альтернативне вирішення спорів",LNAC
LNAD,Legal systems: General Part / General Provisions,Legal systems: General Part / General Provisions,LNA
LNAF,Legal systems: costs and funding,Правові системи: витрати та фінансування,LNA
LNAL,Legal systems: regulation of legal profession,Правові ситеми: регулювання адвокатської діяльності,LNA
LNB,Private or civil law: general,Приватне чи цивільне право: загальні питання,LN
LNBA,Legal entity (natural and legal persons),Юридична особа (фізичні та юридичні особи),LNB
LNBB,Civil registration system,Система реєстрації актів цивільного стану,LNB
LNBF,Law of Obligations / legal duties,Law of Obligations / legal duties,LNB
LNC,"Company, commercial and competition law: general","Законодавство про компанії, господарське право та конкуренцію: загальні питання",LN
LNCB,Commercial law,Господарське право,LNC
LNCB1,Franchising law,Законодавство з франчайзингу,LNCB
LNCB2,E-commerce law,Законодавство про електронну комерцію,LNCB
LNCB3,Sale of goods law,Законодавство про внутрішню торгівлю,LNCB
LNCB4,Outsourcing law,Законодавство про аутсорсинг,LNCB
LNCB5,Shipping law,Законодавство про внутрішній водний транспорт,LNCB
LNCB6,Aviation law,Повітряне та авіаційне право,LNCB
LNCB7,Catering and restaurant law,Правове регулювання діяльності закладів громадського харчування та ресторанів,LNCB
LNCB8,"Hospitality, Travel and Tourism law","Законодавство про готельне господарство, подорожі та туризм",LNCB
LNCC,Regulatory compliance,Відповідність нормативним актам,LNC
LNCD,Company law,Корпоративне право,LNC
LNCD1,Mergers and acquisitions law,Законодавство про злиття та поглинання,LNCD
LNCE,Registry and proceedings law,Секретаріат і судочинство,LNC
LNCF,Partnership and cooperative law,Кооперативне право і партнерство,LNC
LNCG,"Transformation law, change of corporate form","Законодавство про трансформацію, зміна корпоративної власності",LNC
LNCH,Competition law / Antitrust law,Антимонопольне і конкурентне право,LNC
LNCJ,Contract law,Договірне право,LNC
LNCK,Company and business offences,Корпоративні злочини,LNC
LNCL,Agency law,Агентське право,LNC
LNCN,Procurement law,Закон про закупівлі,LNC
LNCQ,Construction and engineering law,Будівельне право та цивільна інженерія,LNC
LNCQ1,Private construction and engineering law,Приватне будівельне право та цивільна інженерія,LNCQ
LNCQ2,Public construction law,Законодавство про державне будівництво,LNCQ
LNCR,Energy and natural resources law,Законодавство про енергетику та природні ресурси,LNC
LND,Constitutional and administrative law: general,Конституційне та адміністративне право: загальні питання,LN
LNDA,Citizenship and nationality law,Законодавство про громадянство,LND
LNDA1,Immigration law,Імміграційне законодавство,LNDA
LNDA3,Asylum law,Законодавство про біженців,LNDA
LNDB,Administrative jurisdiction and public administration,Адміністративна юрисдикція та державне управління,LND
LNDB1,"Administrative law, general",Адміністративне право загалом,LNDB
LNDB2,Administrative procedure and courts,Адміністративний процес та суди,LNDB
LNDB3,State and public properties and assets,Державне і суспільне майно та активи,LNDB
LNDB4,Sanctioning power of the administration,Санкційна влада адміністрації,LNDB
LNDB5,"Compulsory expropriation, compulsory purchase, eminent domain","Примусова експропріація, примусова купівля",LNDB
LNDB6,Making of rules and administrative acts,Складання адміністративних актів та норм,LNDB
LNDB7,Regulation of public services,Регулювання державних послуг,LNDB
LNDB8,"Law of science and research, university college law","Законодавство про науково-технічну діяльність, про вищу освіту",LNDB
LNDC,Law: Human rights and civil liberties,Законодавство: права людини та громадянські свободи,LND
LNDC1,Constitutional law and human rights,Конституційне право та права людини,LNDC
LNDC2,Privacy law,Закон про конфіденційність,LNDC
LNDC4,Freedom of expression law,Законодавство про свободу самовираження,LNDC
LNDC5,History of constitution and comparative constitutional law,Історія конституції та порівняльне конституційне право,LNDC
LNDE,Civil and Public Servants law,Законодавство про державних службовців,LND
LNDF,Freedom of information law,Законодавство про свободу інформації,LND
LNDG,Religious law and concordats,Релігійне право та конкордати,LND
LNDH,Government powers,Державна влада,LND
LNDJ,State liability and compensation law,Законодавство про державну відповідальність та компенсацію,LND
LNDK,Military and defence law and civilian service law,Військове та оборонне право. Законодавство про цивільну / державну службу,LND
LNDL,"Safety and police law, regulatory and weapons law",Законодавство про безпеку та поліцію. Законодавство про зброю,LND
LNDM,Judicial review,Судовий нагляд,LND
LNDP,Parliamentary and legislative practice,Урядова та законодавча практика,LND
LNDS,Election law,Виборче право,LND
LNDU,Local government law,Законодавство про місцеве самоврядування,LND
LNDV,Regional government law,Законодавство про регіональну владу,LND
LNDX,Constitution,Конституція,LND
LNE,Economic administrative law and public commercial law,Господарське адміністративне право. Публічне комерційне право,LN
LNEA,Financial administration and public finance law,Управління фінансами. Публічне фінансове право,LNE
LNEB,Foreign economics and customs law,Міжнародна економіка. Митне право,LNE
LNEC,Law of allowances and subsidies,Законодавство про виплати та субсидії,LNE
LNEF,"Public procurement, services and supplies","Державні закупівлі, послуги та постачання",LNE
LNF,Criminal law: procedure and offences,Кримінальне право: судочинство та правопорушення,LN
LNFB,Criminal justice law,Кримінальне покарання,LNF
LNFG,Criminal law: offences against the government,Кримінальне право: злочини проти уряду,LNF
LNFG1,"Offences against the State, against public administration and the administration of justice","Злочини проти держави, державної влади та правосуддя",LNFG
LNFG2,"Offences against land use and city planning, monument, land and environment protection","Злочини проти землекористування, містопланування, пам’ятників, захисту земельних ресурсів і навколишнього середовища (довкілля)",LNFG
LNFJ,Criminal law: offences against the person,Кримінальне право: злочини проти особистості,LNF
LNFJ1,Criminal law: Harassment and stalking,Кримінальне право: домагання та переслідування,LNFJ
LNFJ2,Criminal law: Gender violence,Кримінальне право: гендерне насильство,LNFJ
LNFL,Criminal law: offences against property,Кримінальне право: злочини проти власності,LNF
LNFN,Fraud,Шахрайство,LNF
LNFQ,Juvenile criminal law,Ювенальна юстиція / ювенальне кримінальне право / кримінальне право щодо неповнолітніх,LNF
LNFR,"Offences against public health, safety, order","Злочини проти громадського здоров’я, безпеки, порядку",LNF
LNFS,Criminal law: additional penalty law,Кримінальне право: закони про додаткові покарання,LNF
LNFT,"Road traffic law, motoring offences",Законодавство про дорожній рух і порушення правил дорожнього руху,LNF
LNFU,Criminal law: fiscal offences,Кримінальне право: фінансові (податкові) злочини,LNF
LNFV,Criminal law: terrorism law,Кримінальне право: законодавство про тероризм,LNF
LNFW,Criminal law: corruption,"Корупція, хабарництво",LNF
LNFX,Criminal procedure,Кримінальне судочинство,LNF
LNFX1,Sentencing and punishment,Вирок і покарання,LNFX
LNFX3,Criminal procedure: law of evidence,Кримінальне судочинство: доказове право,LNFX
LNFX31,Criminal procedure: investigation and specific proceedings,Кримінальне судочинство: слідчі дії та окремі провадження,LNFX3
LNFX5,Police law and police procedures,Поліцейське право та справочинство,LNFX
LNFX51,Police law: preliminary injunction,Поліцейське право: попередня / тимчасова судова заборона,LNFX5
LNFX7,Prison law,Пенітенціарне право,LNFX
LNFY,Jury trials,Суди присяжних,LNF
LNH,Employment and labour law: general,Законодавство про зайнятість і працю (трудове законодавство / трудове право): загальні питання,LN
LNHD,Discrimination in employment and harassment law,Законодавство про дискримінацію у галузі працевлаштування та про переслідування,LNH
LNHH,"Occupational health and safety law, working time law","Законодавство про гігієну праці, безпеку праці, робочий час",LNH
LNHJ,Labour rules violations and penalties,Порушення трудової дисципліни та заходи покарання,LNH
LNHR,Industrial relations and trade unions law,Законодавство про виробничі відносини та профспілки,LNH
LNHU,Employment contracts,Трудові угоди,LNH
LNHW,Law of professional training,Законодавство про професійну підготовку,LNH
LNHX,"Employment and labour law: procedure, dispute resolution","Законодавство про зайнятість і працю (трудове законодавство): процедури, вирішення суперечок",LNH
LNJ,Entertainment and media law,Законодавство про розваги та засоби масової інформації (ЗМІ),LN
LNJD,"Defamation law, slander and libel","Законодавство про дифамацію, наклеп і плітки",LNJ
LNJS,Sport and the law,Спорт і право,LNJ
LNJX,"Advertising, marketing and sponsorship law","Законодавство про рекламну діяльність, маркетинг і спонсорство",LNJ
LNK,"Environment, transport and planning law: general","Законодавство про навколишнє середовище (довкілля), транспорт і планування: загальні питання",LN
LNKC,Climate law / Climate change laws,Climate law / Climate change laws,LNK
LNKF,Agricultural Law / Fisheries Law,Аграрне (сільськогосподарське) право,LNK
LNKG,Animal law / Animal Rights Laws,Законодавство про тварин,LNK
LNKJ,Environmental law,Законодавство про навколишнє середовище (довкілля),LNK
LNKK,Disaster control and fire protection law,Законодавство про боротьбу зі стихійним лихом і протипожежний захист,LNK
LNKN,Nature conservation law / Biodiversity law / Wildlife law,Законодавство про захист природи,LNK
LNKP,Water and wastewater law,Законодавство про водні ресурси та стічні води,LNK
LNKT,Transport law,Транспортне право,LNK
LNKV,Ways and highways law,Законодавство про дороги та автомагістралі,LNK
LNKW,Planning law,Законодавство про планування,LNK
LNKX,Protection of historic buildings and cultural assets,Захист історичних будівель і культурного спадку,LNK
LNL,"Law: equity and trusts, foundations","Право: акції, трасти, фонди",LN
LNM,Family law,Сімейне право,LN
LNMB,"Family law: marriage, separation and divorce","Сімейне право: шлюб, окреме проживання, розлучення",LNM
LNMC,Family law: cohabitation,Сімейне право: спільне проживання,LNM
LNMF,Family law: same-sex partnership,Сімейне право: одностатеві подружні пари,LNM
LNMG,Family law: legal guardianship,Family law: legal guardianship,LNM
LNMI,Family law: financial statement between spouses,Сімейне право: фінансові питання між подружжям,LNM
LNMK,Family law: children,Сімейне право: діти,LNM
LNP,Financial law: general,Сімейне право: загальні питання,LN
LNPA,Accounting and auditing law,Законодавство про бухгалтерську справу й аудит,LNP
LNPB,Banking law,Законодавство про банківську справу,LNP
LNPC,Bankruptcy and insolvency,Банкрутство та неплатоспроможність,LNP
LNPC1,Bankruptcy law: extrajudicial procedures,Законодавство про банкрутство: позасудові процедури,LNPC
LNPD,Capital markets and securities law and regulation,"Законодавство про ринок капіталу, цінні папери та їхнє регулювання",LNP
LNPE,Private equity law,Private equity law,LNP
LNPF,Financial services law and regulation,Законодавство про фінансові послуги та їхнє регулювання,LNP
LNPN,Insurance law,Страхове право,LNP
LNPP,"Pensions, old-age provisions and private compensation",Пенсійні виплати. Виплати за віком. Індивідуальні виплати,LNP
LNQ,"Digital, IT and Communications law",Законодавство про інформаційні та комунікаційні технології. Законодавство про поштовий зв’язок та його регулювання,LN
LNQD,Data protection law,Законодавство про захист даних,LNQ
LNQE,"Computer crime, cybercrime","Злочини в галузі інформаційних технологій, комп’ютерна злочинність, кіберзлочинність",LNQ
LNQH,Artificial intelligence law and regulations,Artificial intelligence law and regulations,LNQ
LNQT,Information technology law / Cyberlaw,Information technology law / Cyberlaw,LNQ
LNR,Intellectual property law,Законодавство про інтелектуальну власність,LN
LNRC,Copyright law,Законодавство про авторське право,LNR
LNRD,Patents law,Патентне право,LNR
LNRF,Trademarks law,Законодавство про торговельні марки (товарні знаки),LNR
LNRL,Designs law,Законодавство про дизайн (промисловий),LNR
LNRV,Confidential information law,Законодавство про конфіденційність інформації,LNR
LNS,Property law: general,Законодавство про право власності: загальні питання,LN
LNSD,Indigenous land rights / property rights,Indigenous land rights / property rights,LNS
LNSH,Land and real estate law / Real property law,Законодавство про землю і нерухомість. Земельне право,LNS
LNSH1,Ownership and mortgage law,Законодавство про власність та іпотеку,LNSH
LNSH3,Landlord and tenant law,Законодавство про орендодавців та орендарів,LNSH
LNSH5,Conveyancing law,Законодавство про передання права власності,LNSH
LNSH7,Rating and valuation law,Законодавство про ренту та вартісну оцінку,LNSH
LNSH9,Housing law,Житлове законодавство,LNSH
LNSP,Personal property law,Законодавство про особисте майно,LNS
LNT,Social law and Medical law,Законодавство про соціальне забезпечення (соціальне право). Медичне право,LN
LNTC,Charity law,Законодавство про благодійність,LNT
LNTD,Education law,Законодавство про освіту,LNT
LNTH,Social security and welfare law,Законодавство про соціальний захист і соціальне забезпечення,LNT
LNTH1,Social insurance law,Законодавство про соціальне страхування,LNTH
LNTJ,Public health and safety law,Законодавство про суспільне здоров’я та безпеку,LNT
LNTM,Medical and healthcare law,Законодавство про медицину й охорону здоров’я,LNT
LNTM1,Mental health law,Законодавство про психічне здоров’я,LNTM
LNTM2,Regulation of medicines and medical devices,Контроль за ліками та медичним обладнанням,LNTM
LNTN,Pharmaceutical law,Законодавство про фармацевтику,LNT
LNTQ,Disability and the law,Інвалідність і право,LNT
LNTS,Law and the elderly,Право та літні особи,LNT
LNTU,Consumer protection law,Законодавство про захист прав споживачів,LNT
LNTV,Food law,Законодавство про харчові продукти,LNT
LNTX,"Licensing, gaming and club law","Законодавство про ліцензування, гральний бізнес і клуби",LNT
LNU,Taxation and duties law,Законодавство про оподаткування та мито. Податкове законодавство,LN
LNUC,Corporate and business tax laws,Корпоративний і комерційний податок,LNU
LNUD,"Local taxation, charges, public sector pricing","Місцеве оподаткування, платежі, ціноутворення в державному секторі",LNU
LNUE,Environmental tax laws,Environmental tax laws,LNU
LNUG,Payroll or workforce tax laws,Payroll or workforce tax laws,LNU
LNUP,Personal tax,Особистий податок,LNU
LNUS,"Sales tax, tariffs and customs duties",Податок із продажу. Мито,LNU
LNUT,"Trusts and estates taxation, gift tax",Трастове оподаткування. Оподаткування нерухомості. Податок на подарунки,LNU
LNUU,"Real estate tax, property valuation",Податок на нерухоме майно. Вартісне оцінювання майна,LNU
LNUV,Excise taxes and duties,"Акцизні податки, акцизи",LNU
LNUW,Other transaction taxes,Інші податки на фінансові операції,LNU
LNUX,International taxation law,Міжнародне податкове законодавство,LNU
LNUY,Taxation procedure,Процедура оподаткування,LNU
LNV,"Law of torts, damages and compensation","Деліктне право. Шкода, збитки. Відшкодування збитків",LN
LNVC,Negligence,Недбалість,LNV
LNVF,Nuisance,Порушення громадського порядку,LNV
LNVJ,Personal injury,Особиста шкода. Тілесні ушкодження,LNV
LNW,"Law: wills, probate, succession, inheritance","Право: заповіти, успадкування",LN
LNWB,Private client law,Private client law,LNW
LNX,Public Law,Публічне право,LN
LNY,Cultural heritage law / Art and Culture law,Cultural heritage law / Art and Culture law,LN
LNZ,Primary sources of law,Першоджерела права,LN
LNZC,"Sources of law: case law, precedent","Джерела права: прецедентне право, прецедент",LNZ
LNZL,Sources of law: legislation,Джерела права: закони (законодавство),LNZ
LW,Shariah law,Шаріат. Шаріатське право,L
LWF,Shariah law: four Schools of Fiqh,Шаріатське право: чотири школи фікгу (фікху),LW
LWFA,Shariah law: Al-Shafi’i School of Fiqh,Шаріатське право: школа фікгу Аш-Шафії,LWF
LWFB,Shariah law: Al-Hanbali School of Fiqh,Шаріатське право: школа фікгу Аль-Ханбалі (Ганбалі),LWF
LWFC,Shariah law: Al-Maaliki School of Fiqh,Шаріатське право: школа фікгу Аль-Малікі,LWF
LWFD,Shariah law: Al-Hanafi School of Fiqh,Шаріатське право: школа фікгу Аль-Ханафі (Ганафі),LWF
LWK,Shariah law: key topics and practice,Шаріатське право: ключові питання та практика,LW
LWKF,Shariah law: family relations,Шаріатське право: сімейні відносини,LWK
LWKG,Shariah law: crime and punishment,Шаріатське право: злочин і покарання,LWK
LWKH,Shariah law: inheritance and disposal of property,Шаріатське право: успадкування та розпорядження майном,LWK
LWKL,Shariah law: economics and finance,Шаріатське право: економіка та фінанси,LWK
LWKM,Shariah law: dietary,Шаріатське право: харчування,LWK
LWKN,Shariah law: alcohol and gambling,Шаріатське право: алкоголь й азартні ігри,LWK
LWKP,Shariah law: customs and behaviour,Шаріатське право: звичаї та норми поведінки,LWK
LWKR,Shariah law: administration of justice (including penalties and apostasy),Шаріатське право: здійснення правосуддя (в тому числі покарання та віровідступництво),LWK
LWKT,Shariah law: Islamic rituals,Шаріатське право: ісламські ритуали,LWK
LWKT1,Shariah law: Islamic rituals: purification,Шаріатське право: ісламські ритуали: очищення,LWKT
LWKT2,Shariah law: Islamic rituals: jihad,Шаріатське право: ісламські ритуали: джихад (джигад),LWKT
LWKT3,Shariah law: Islamic rituals: prayer and funeral prayer,"Шаріатське право: ісламські ритуали: молитва та заупокійна (погребальна, поминальна) молитва",LWKT
LWKT4,Shariah law: Islamic rituals: zakat (alms),"Шаріатське право: ісламські ритуали: закят (милостиня, подаяння)",LWKT
LWKT5,Shariah law: Islamic rituals: fasting,Шаріатське право: ісламські ритуали: піст,LWKT
LWKT6,Shariah law: Islamic rituals: pilgrimage,Шаріатське право: ісламські ритуали: паломництво,LWKT
LX,Law: study and revision guides,Право: навчальні та оглядові посібники,L
M,Medicine and Nursing,Медицина та догляд за хворими,
MB,Medicine / Healthcare: general issues / topics,Медицина: загальні питання,M
MBD,Medical profession,Медична професія,MB
MBDC,Medical ethics and professional conduct,Медична етика та професійна поведінка,MBD
MBDP,Doctor / patient relationship,Відносини лікар – пацієнт,MBD
MBDS,Patient safety,Безпека пацієнтів,MBD
MBF,Medical and health informatics,Медична інформатика. Інформатика охорони здоров’я,MB
MBG,"Medical equipment, devices and techniques",Медичне обладнання та техніка,MB
MBGD,Implementation and management of medical equipment and healthcare technologies,Implementation and management of medical equipment and healthcare technologies,MBG
MBGL,Medical laboratory testing and techniques,Медичні лабораторні дослідження та методи,MBG
MBGR,Medical research,Медичні дослідження,MBG
MBGR1,Clinical trials,Клінічні випробування,MBGR
MBGT,Telemedicine,Телемедицина,MBG
MBN,Public health and preventive medicine,Суспільне здоров’я та профілактична (превентивна) медицина,MB
MBNC,Medical screening,Медичне обстеження,MBN
MBND,Social medicine,Social medicine,MBN
MBNF,Behavioural medicine,Behavioural medicine,MBN
MBNH,Personal and public health / health education,Особисте та суспільне здоров’я. Санітарна просвіта,MBN
MBNH1,Hygiene,Гігієна,MBNH
MBNH2,Environmental factors,Фактори навколишнього середовища (довкілля),MBNH
MBNH3,Dietetics and nutrition,Дієтологія та харчування,MBNH
MBNH4,"Birth control, contraception, family planning","Контроль народжуваності. Контрацепція, запобігання вагітності. Планування сім’ї",MBNH
MBNH9,Health psychology,Психологія здоров’я,MBNH
MBNK,Vaccination,Вакцинація,MBN
MBNS,Epidemiology and Medical statistics,Епідеміологія та медична статистика,MBN
MBP,Health systems and services,Системи та служби охорони здоров’я,MB
MBPA,"Primary care medicine, primary health care",Первинне медичне обслуговування. Первинна медична допомога,MBP
MBPC,General practice / Family medicine,Загальна практика. Сімейна медицина,MBP
MBPK,Mental health services,Психіатрична допомога,MBP
MBPM,Medical administration and management,Медична адміністрація та управління,MBP
MBPN,Residential care / Long-Term Care Facilities,Догляд за місцем мешкання,MBP
MBPR,Medical insurance,Медичне страхування,MBP
MBQ,Medicolegal issues,Медико-правові питання,MB
MBR,Sciences in medicine and healthcare,Sciences in medicine and healthcare,MB
MBS,Medical sociology,Медична соціологія,MB
MBX,History of medicine,Історія медицини,MB
MF,Pre-clinical medicine: basic sciences,Доклінічна медицина: фундаментальні науки,M
MFC,Anatomy,Анатомія,MF
MFCC,Cytology,Цитологія,MFC
MFCH,Histology,Гістологія,MFC
MFCR,Regional anatomy,Топографічна анатомія,MFC
MFCX,Dissection,Розтин,MFC
MFG,Physiology,Фізіологія,MF
MFGC,Cellular physiology,Клітинна фізіологія,MFG
MFGG,Regional physiology,Топографічна фізіологія,MFG
MFGM,Metabolism,Метаболізм,MFG
MFGT,Electrophysiology,Електрофізіологія,MFG
MFGV,"Biomechanics, human kinetics",Біомеханіка. Кінетика тіла людини,MFG
MFK,"Human reproduction, growth and development",Репродуктивна функція людини. Розвиток,MF
MFKC,Reproductive medicine,Репродуктивна медицина,MFK
MFKC1,Infertility and fertilization,Безпліддя та запліднення,MFKC
MFKC3,Embryology,Ембріологія,MFKC
MFKH,Human growth and development,Зростання та розвиток людини,MFK
MFKH3,Maturation and ageing,Дрослішання та старіння,MFKH
MFN,Medical genetics,Медична генетика,MF
MJ,Clinical and internal medicine,"Клінічна медицина. Внутрішні хвороби (внутрішня медицина, терапія)",M
MJA,Medical diagnosis,Медична діагностика,MJ
MJAD,Examination of patients,Обстеження пацієнтів,MJA
MJC,Diseases and disorders,Хвороби та розлади,MJ
MJCG,Congenital diseases and disorders,Вроджені хвороби та розлади,MJC
MJCG1,Hereditary diseases and disorders,Спадкові хвороби та розлади,MJCG
MJCJ,Infectious and contagious diseases,Інфекційні хвороби. Контагіозність,MJC
MJCJ1,Sexually transmitted infections / Venereal diseases,Венеричні хвороби,MJCJ
MJCJ2,"Medicine: HIV/AIDS, retroviral diseases","Медицина: СНІД, ретровірусні хвороби",MJCJ
MJCJ3,Hospital-acquired infections,"Внутрішньолікарняні інфекції (ВЛІ, госпітальні інфекції, нозокоміальні інфекції)",MJCJ
MJCJ4,Human coronaviruses,Human coronaviruses,MJCJ
MJCL,Oncology,Онкологія,MJC
MJCL1,Radiotherapy,Радіотерапія,MJCL
MJCL2,Chemotherapy / Pharmacotherapy,Хіміотерапія,MJCL
MJCM,Immunology,Імунологія,MJC
MJCM1,Medicine: Allergies,Медицина: алергії,MJCM
MJD,Cardiovascular medicine,Кардіоваскулярна медицина,MJ
MJE,Musculoskeletal medicine,Медицина опорно-рухової системи,MJ
MJF,Haematology,Гематологія,MJ
MJG,Endocrinology,Ендокринологія,MJ
MJGD,Medicine: Diabetes,Медицина: цукровий діабет,MJG
MJH,Gastroenterology,Гастроентерологія,MJ
MJJ,Hepatology,Гепатологія,MJ
MJK,Dermatology,Дерматологія,MJ
MJL,Respiratory medicine,Медицина респіраторних захворювань,MJ
MJM,Rheumatology,Ревматологія,MJ
MJP,Otorhinolaryngology (ENT),Оториноларингологія (ЛОР),MJ
MJPD,Audiology and otology,Аудіологія та отологія,MJP
MJQ,Ophthalmology,Офтальмологія,MJ
MJR,Renal medicine and nephrology,Нефрологія,MJ
MJRD,Haemodialysis,Гемодіаліз,MJR
MJS,Urology and urogenital medicine,Урологія та урогенітальна медицина,MJ
MK,"Medical specialties, branches of medicine",Медичні спеціальності. Галузі медицини,M
MKA,Anaesthetics,Анестезіологія,MK
MKAL,Pain and pain management,Біль і знеболювання,MKA
MKB,Palliative medicine,Паліативна медицина,MK
MKC,Gynaecology and obstetrics,Гінекологія та акушерство,MK
MKCM,Materno-foetal medicine / perinatology,Перінатологія,MKC
MKD,Paediatric medicine / child and adolescent medicine,Педіатрія,MK
MKDN,Neonatal medicine,Неонатологія,MKD
MKE,Dentistry and related oral medicines,Стоматологія,MK
MKED,Orthodontics,Ортодонтія,MKE
MKEH,Dentistry specialities,Стоматологічні спеціальності,MKE
MKEP,Oral and maxillofacial surgery,Оральна та щелепно-лицьова хірургія,MKE
MKF,Pathology,Патологія,MK
MKFC,Cytopathology,Цитопатологія,MKF
MKFH,Histopathology,Гістопатологія,MKF
MKFK,Chronic diseases and conditions,Хронічні хвороби та стани,MKF
MKFM,Medical microbiology and virology,Медична мікробіологія та вірусологія,MKF
MKFM1,Medicine: Antimicrobial resistance (AMR) / multiresistance,Medicine: Antimicrobial resistance (AMR) / multiresistance,MKFM
MKFP,Medical parasitology,Медична паразитологія,MKF
MKFS,Psychosomatics,Психосоматика,MKF
MKG,Pharmacology,Фармакологія,MK
MKGT,Medical toxicology,Медична токсикологія,MKG
MKGW,Psychopharmacology,Психофармакологія,MKG
MKH,Regenerative medicine,Регенеративна медицина,MK
MKHC,Regenerative medicine: stem cells,Регенеративна медицина: стовбурові клітини,MKH
MKJ,Neurology and clinical neurophysiology,Неврологія та клінічна нейрофізіологія,MK
MKJA,Autism Spectrum Disorder,Аутизм. Синдром Аспергера (Асперґера),MKJ
MKJD,"Alzheimer’s, dementia, Parkinson’s disease and other neurodegenerative diseases",Хвороба Альцгеймера. Слабоумство,MKJ
MKL,Psychiatry,Психіатрія,MK
MKLD,Psychiatric and mental disorders,Психічні розлади,MKL
MKM,Clinical psychology,Клінічна психологія,MK
MKMT,Psychotherapy,Психотерапія,MKM
MKMT1,Psychotherapy: therapies or techniques,Психотерапія: загальні питання,MKMT
MKMT11,Systemic therapy,Systemic therapy,MKMT1
MKMT2,Psychotherapy: group,Психотерапія групова,MKMT
MKMT3,Psychotherapy: child and adolescent,Психотерапія: діти та підлітки,MKMT
MKMT4,Psychotherapy: couples and families,Психотерапія: подружжя та родини,MKMT
MKMT5,Psychotherapy: counselling,Психотерапія: консультативна допомога,MKMT
MKMT6,Cognitive behavioural therapy,Когнітивно-поведінкова терапія,MKMT
MKN,Geriatric medicine,Геріатрія,MK
MKP,Accident and emergency medicine,Медицина катастроф. Невідкладна медична допомога,MK
MKPB,Trauma and shock,Травми та шок,MKP
MKPD,Burns,Опіки,MKP
MKPL,Intensive care medicine,Інтенсивна терапія. Реанімація,MKP
MKR,Nuclear medicine,Ядерна медицина,MK
MKS,Medical imaging,Медична візуалізація,MK
MKSF,Medical imaging: ultrasonics,Медична візуалізація: ультразвукове дослідження (УЗД),MKS
MKSG,Medical imaging: nuclear magnetic resonance (NMR / MRI),Медична візуалізація: магнітно-резонансна томографія (МРТ),MKS
MKSH,Medical imaging: radiology,Медична візуалізація: рентгенологія,MKS
MKSJ,Medical imaging: tomography,Медична візуалізація: томографія,MKS
MKT,Forensic medicine,Судова медицина,MK
MKV,Environmental medicine,Екологічна медицина,MK
MKVB,Aviation and space medicine,Авіаційна медицина. Космічна медицина,MKV
MKVD,Diving and hyperbaric medicine,"Підводна медицина, дайвінг-медицина, гіпербарична медицина",MKV
MKVP,Occupational medicine,Медицина професійних захворювань (промислова медицина). Гігієна праці,MKV
MKVQ,Travel medicine / emporiatrics,Медицина подорожей і хвороб мандрівників. Емпоріатрія,MKV
MKVT,Tropical medicine,Тропічна медицина,MKV
MKW,Sports injuries and medicine,Спортивні травми. Спортивна медицина,MK
MKZ,Therapy and therapeutics,Терапія,MK
MKZD,Eating disorders and therapy,Розлади травлення та терапія,MKZ
MKZF,Obesity: treatment and therapy,"Ожиріння: лікування, терапія",MKZ
MKZL,Speech and language disorders and therapy,Мовні розлади та терапія,MKZ
MKZP,Psychosocial therapy / treatments,Psychosocial therapy / treatments,MKZ
MKZR,Addiction and therapy,Залежність і терапія,MKZ
MKZS,Sleep disorders and therapy,Розлади сну й терапія,MKZ
MKZV,Gene therapy,Генотерапія,MKZ
MN,Surgery,Хірургія,M
MNB,Surgical techniques,Хірургічні методи,MN
MNC,General surgery,Загальна хірургія,MN
MND,Abdominal surgery,Абдомінальна хірургія,MN
MNG,Gastrointestinal and colorectal surgery,Хірургія шлунково-кишкового тракту. Колоректальна хірургія,MN
MNH,Cardiothoracic surgery,Кардіоторакальна хірургія (кардіохірургія),MN
MNJ,Vascular surgery,Судинна хірургія,MN
MNK,Surgical oncology,Онкологічна хірургія (онкохірургія),MN
MNL,Critical care surgery,Реанімаційна хірургія,MN
MNN,Neurosurgery,Нейрохірургія,MN
MNP,Plastic and reconstructive surgery,Пластична та реконструктивна хірургія,MN
MNPC,Cosmetic surgery,Косметична (естетична) хірургія,MNP
MNQ,Transplant surgery,Трансплантаційна хірургія,MN
MNS,Surgical orthopaedics and fractures,Хірургічна ортопедія та травми / переломи,MN
MNZ,Peri-operative care,Післяопераційний догляд,MN
MQ,Nursing and ancillary services,Медсестринство (медсестринський догляд за хворими) та супутні послуги,M
MQC,Nursing,Медсестринство / медсестринська (сестринська) справа. Догляд за хворими,MQ
MQCA,Nursing fundamentals and skills,Основи та навички медсестринського догляду за хворими,MQC
MQCB,Nursing research and theory,Дослідження і теорія медсестринства,MQC
MQCH,Nurse / patient relationship,Відносини медсестра-пацієнт,MQC
MQCL,Nursing specialties,Спеціальності медсестринства,MQC
MQCL1,Accident and emergency nursing,Медсестринська допомога за невідкладних станів і травматичних випадків,MQCL
MQCL2,Intensive care nursing,Реанімаційний медсестринський догляд за хворими,MQCL
MQCL3,Paediatric nursing,Медсестринський догляд за дітьми,MQCL
MQCL4,Geriatric nursing,Медсестринський догляд за хворими похилого віку,MQCL
MQCL5,Psychiatric nursing / Mental health nursing,Медсестринство в психіатрії,MQCL
MQCL6,Surgical nursing,Медсестринство в хірургії,MQCL
MQCL7,Nurse practitioner / Advanced Practice nursing and equivalents,Кваліфіковані медсестри. Спеціалізований медсестринський догляд за хворими,MQCL
MQCL8,Learning disability nursing / Special needs nursing,Learning disability nursing / Special needs nursing,MQCL
MQCL9,Terminal care nursing,Медсестринський догляд за смертельно хворими,MQCL
MQCM,Nursing pharmacology,Медсестринська фармакологія,MQC
MQCW,Nursing sociology,Медсестринська соціологія,MQC
MQCX,Community nursing,Громадське медсестринство,MQC
MQCX1,Home care / domiciliary care,Home care / domiciliary care,MQCX
MQCZ,Nursing management and leadership,Управління та керівні кадри в медсестринстві,MQC
MQD,Midwifery,Акушерство,MQ
MQDB,Birthing methods,Методи допомоги на пологах,MQD
MQF,First aid and paramedical services,Невідкладна допомога та парамедичні служби,MQ
MQG,Medical assistants / Physicians’ assistants,Фельдшери. Асистенти лікарів,MQ
MQH,Radiography,Рентгенографія,MQ
MQK,Chiropody and podiatry,Догляд за ногами. Подіатрія,MQ
MQP,Pharmacy / dispensing,Фармацевтика,MQ
MQR,Optometry / opticians,Оптометрія. Оптики,MQ
MQS,Physiotherapy,Фізіотерапія,MQ
MQT,Occupational therapy,Трудова терапія (трудотерапія),MQ
MQTC,Creative therapy / Expressive therapies,Арт-терапія. Терапія творчістю,MQT
MQU,Medical counselling,Медичне консультування,MQ
MQV,Rehabilitation,Реабілітація,MQ
MQVB,Rehabilitation: brain and spinal injuries,Реабілітація: пошкодження мозку та хребта,MQV
MQW,Biomedical engineering / Medical engineering,Біомедична інженерія,MQ
MQWB,Orthotics,Ортопедія,MQW
MQWP,Prosthetics,Протезування,MQW
MQZ,Mortuary practice,Діяльність моргів,MQ
MR,Medical study and revision guides and reference material,"Медичні навчальні та оглядові посібники, довідкові матеріали",M
MRG,"Medical study, exam preparation and revision guides",Медичні навчальні та оглядові посібники,MR
MRGD,Medical revision aids: MRCP,"Медичні посібники: MRCP (іспит на здобуття членства Королівських коледжів лікарів, Сполучене Королівство)",MRG
MRGK,Medical revision aids: MRCS,"Медичні посібники: MRCS (іспит на здобуття членства Королівських коледжів хірургів, Великобританія та Ірландія)",MRG
MRGL,Medical revision aids: PLAB,Медичні посібники: PLAB (іспит для оцінювання професійного і мовного рівня медиків),MRG
MRP,Medical guidelines / Clinical guidelines,Medical guidelines / Clinical guidelines,MR
MRT,"Medical charts, colour atlases",Медичні карти. Кольорові атласи,MR
MX,"Complementary, integrated and alternative medicine and therapies","Комплементарна (альтернативна, народна, нетрадиційна) медицина",M
MXH,Chiropractic and osteopathy,Хіропрактика та остеопатія,MX
MXN,Animal-assisted therapy,Animal-assisted therapy,MX
MZ,Veterinary medicine,Ветеринарна медицина,M
MZA,Veterinary medicine: general,Ветеринарна медицина: загальні питання,MZ
MZAB,Veterinary medicine: research,Ветеринарна медицина: дослідження,MZA
MZAD,Veterinary medicine: reference and statistics,Ветеринарна медицина: довідково-статистичні дані,MZA
MZB,Pre-clinical veterinary medicine: basic sciences,Доклінічна ветеринарна медицина: фундаментальні науки,MZ
MZC,Veterinary medicine: small animals,Ветеринарна медицина: невеликі тварини,MZ
MZD,Veterinary medicine: large animals,Ветеринарна медицина: великі тварини,MZ
MZDH,Equine veterinary medicine,Кінська ветеринарна медицина,MZD
MZF,Veterinary medicine: laboratory animals,"Ветеринарна медицина: лабораторні, піддослідні тварини",MZ
MZG,Veterinary medicine: exotic and zoo animals,Ветеринарна медицина: екзотичні тварини та тварини зоопарків,MZ
MZH,Veterinary anatomy and physiology,Ветеринарна анатомія та фізіологія,MZ
MZK,Veterinary pathology and histology,Ветеринарна патологія та гістологія,MZ
MZL,Veterinary nutrition,Харчування у ветеринарії,MZ
MZM,Veterinary medicine: diseases and therapeutics,Ветеринарна медицина: хвороби та терапія,MZ
MZMP,"Veterinary bacteriology, virology, parasitology","Ветеринарна бактеріологія, вірусологія, паразитологія",MZM
MZP,Veterinary pharmacology,Ветеринарна фармакологія,MZ
MZR,Veterinary radiology,Ветеринарна рентгенологія,MZ
MZS,Veterinary surgery,Ветеринарна хірургія,MZ
MZSN,Veterinary anaesthetics,Ветеринарна анестезіологія,MZS
MZT,Veterinary dentistry,Ветеринарна стоматологія,MZ
MZV,Veterinary nursing,Догляд за хворими тваринами у ветеринарії,MZ
MZX,Complementary medicine for animals,"Комплементарна (альтернативна, нетрадиційна) ветеринарна медицина",MZ
N,History and Archaeology,Історія та археологія,
NH,History,Історія,N
NHA,History: theory and methods,Історія: теорія та методологія,NH
NHAH,Historiography,Історіографія,NHA
NHAP,Historical research: source documents,Історичні дослідження: вихідні документи,NHA
NHB,General and world history,Загальна та світова історія,NH
NHC,Ancient history,Стародавня історія,NH
NHD,European history,Історія Європи,NH
NHDA,European history: the Romans,Історія Європи: римляни,NHD
NHDC,European history: the Celts,Історія Європи: кельти,NHD
NHDE,European history: the Vikings,Історія Європи: вікінги,NHD
NHDG,European history: the Normans,Історія Європи: нормани,NHD
NHDJ,"European history: medieval period, middle ages",Історія Європи: Середньовіччя,NHD
NHDL,European history: Renaissance,Історія Європи: Відродження (Ренесанс),NHD
NHDN,European history: Reformation,Історія Європи: Реформація,NHD
NHF,Asian history,Історія Азії,NH
NHG,Middle Eastern history,Історія Близького Сходу,NH
NHH,African history,Історія Африки,NH
NHHA,African history: pre-colonial,Історія Африки: доколоніальний період,NHH
NHK,History of the Americas,Історія Америки,NH
NHKA,History of the Americas: pre-contacts,Історія Америки: доколумбовий період,NHK
NHM,Australasian and Pacific history,Історія Австралії та тихоокеанського регіону,NH
NHQ,History of other geographical groupings and regions or specific cultures / societies / groups / peoples,Історія інших географічних регіонів,NH
NHT,History: specific events and topics,Історія: окремі події та теми,NH
NHTB,Social and cultural history,Соціальна історія. Історія культури,NHT
NHTB1,Historical cross-cultural or intercultural interactions / encounters,Historical cross-cultural or intercultural interactions / encounters,NHTB
NHTD,Oral history,Усна історія,NHT
NHTF,"History: plagues, diseases, famines","Історія: епідемії, хвороби",NHT
NHTG,"Genealogy, heraldry, names and honours","Генеалогія. Геральдика. Звання та нагороди, почесті",NHT
NHTK,Industrialisation and industrial history,Індустріалізація. Історія промислового розвитку,NHT
NHTM,Maritime history,Історія мореплавства,NHT
NHTM1,Maritime history: Pirates / piracy,Maritime history: Pirates / piracy,NHTM
NHTP,Historical geography,Історична географія,NHT
NHTP1,Historical maps and atlases,Історичні мапи й атласи,NHTP
NHTQ,Colonialism and imperialism,Колоніалізм та імперіалізм,NHT
NHTR,National liberation and independence,Національно-визвольний рух і незалежність,NHT
NHTR1,Decolonisation and postcolonial studies,Decolonisation and postcolonial studies,NHTR
NHTS,"Slavery, enslaved persons and abolition of slavery",Рабство. Скасування рабства,NHT
NHTT,"Invasion, conquest and occupation","Вторгнення, нашестя. Завоювання. Окупація",NHT
NHTV,"Revolutions, uprisings, rebellions",Революції. Повстання. Заколоти,NHT
NHTW,Cold wars and proxy conflicts,Холодні війни. «Посередницькі війни»,NHT
NHTX,"Violence, intolerance and persecution in history","Насилля, нетерпимість та гоніння в історії",NHT
NHTZ,Genocide and ethnic cleansing,Геноцид та етнічне знищення,NHT
NHTZ1,The Holocaust,Голокост,NHTZ
NHW,Military history,Військова історія,NH
NHWA,Ancient warfare,Стародавні війни,NHW
NHWD,Medieval warfare (predating gunpowder warfare),Середньовічні війни (до застосування у війнах димного / чорного пороху),NHW
NHWF,Early modern warfare (including gunpowder warfare),Війни раннього Нового періоду (із застосуванням у війнах димного / чорного пороху),NHW
NHWL,Modern warfare,Сучасні війни,NHW
NHWR,Specific wars and military campaigns,Окремі війни та конфлікти,NHW
NHWR1,Specific battles,Окремі битви,NHWR
NHWR3,Civil wars,Громадянські війни,NHWR
NHWR5,First World War,Перша світова війна,NHWR
NHWR7,Second World War,Друга світова вйна,NHWR
NHWR9,Military history: post-WW2 conflicts,Воєнна історія: конфлікти після Другої світової війни,NHWR
NK,Archaeology,Археологія,N
NKA,Archaeological theory,Теорія археології,NK
NKD,Archaeology by period / region,Археологія за періодами / регіонами,NK
NKDS,Archaeological sites,Місця археологічних розкопок,NKD
NKL,Landscape archaeology,Ландшафтна археологія,NK
NKP,Environmental archaeology,Екоархеологія,NK
NKR,Underwater archaeology,Підводна археологія,NK
NKT,Industrial archaeology,Промислова археологія,NK
NKV,Battlefield archaeology,Археологія поля бою,NK
NKX,"Archaeological science, methodology and techniques","Археологічна наука, методологія й техніка",NK
P,Mathematics and Science,Математика і наука,
PB,Mathematics,Математика,P
PBB,Philosophy of mathematics,Філософія математики,PB
PBC,Mathematical foundations,Основи математики,PB
PBCD,Mathematical logic,Математична логіка,PBC
PBCH,Set theory,Теорія множин,PBC
PBCN,Number systems,Системи числення,PBC
PBD,Discrete mathematics,Дискретна математика,PB
PBF,Algebra,Алгебра,PB
PBG,Groups and group theory,Групи та теорія груп,PB
PBH,Number theory,Теорія чисел,PB
PBJ,Pre-calculus,Попереднє обчислення,PB
PBK,Calculus and mathematical analysis,Обчислення та математичний аналіз,PB
PBKA,Calculus,Обчислення,PBK
PBKB,"Real analysis, real variables",Дійсні змінні. Аналіз функцій дійсної змінної,PBK
PBKD,"Complex analysis, complex variables",Комплексні змінні. Аналіз функцій комплексної змінної,PBK
PBKF,Functional analysis and transforms,Функціональний аналіз і перетворення,PBK
PBKJ,Differential calculus and equations,Диференціальне числення та рівняння,PBK
PBKL,Integral calculus and equations,Інтегральне числення та рівняння,PBK
PBKQ,Calculus of variations,Варіаційне числення,PBK
PBKS,Numerical analysis,Чисельний аналіз,PBK
PBM,Geometry,Геометрія,PB
PBMB,Trigonometry,Тригонометрія,PBM
PBMH,Euclidean geometry,Евклідова геометрія,PBM
PBML,Non-Euclidean geometry,Неевклідова геометрія,PBM
PBMP,Differential and Riemannian geometry,Диференціальна та риманова геометрія,PBM
PBMS,Analytic geometry,Аналітична геометрія,PBM
PBMW,Algebraic geometry,Алгебраїчна геометрія,PBM
PBMX,Fractal geometry,Фрактальна геометрія,PBM
PBP,Topology,Топологія,PB
PBPD,Algebraic topology,Алгебраїчна топологія,PBP
PBPH,Analytic topology,Аналітична топологія,PBP
PBT,Probability and statistics,Ймовірність і статистика,PB
PBTB,Bayesian inference,Байєсівський висновок,PBT
PBU,Optimization,Оптимізація,PB
PBUD,Game theory,Теорія ігор,PBU
PBUH,Linear programming,Лінійне програмування,PBU
PBV,Combinatorics and graph theory,Комбінаторика і теорія графів,PB
PBW,Applied mathematics,Прикладна математика,PB
PBWH,Mathematical modelling,Математичне моделювання,PBW
PBWL,Stochastics,Стохастика,PBW
PBWR,Nonlinear science,Нелінійна наука,PBW
PBWS,Chaos theory,Теорія хаосу,PBW
PBWX,Fuzzy set theory,Теорія нечітких множин,PBW
PBX,History of mathematics,Історія математики,PB
PD,Science: general issues,Наука: загальні питання,P
PDA,Philosophy of science,Філософія науки,PD
PDC,Scientific nomenclature and classification,Наукова номенклатура і класифікація,PD
PDD,"Scientific standards, measurement etc","Наукові стандарти, вимірювання тощо",PD
PDE,Maths for scientists,Математика для науковців,PD
PDG,Industrial applications of scientific research and technological innovation,Промислове застосування наукових досліджень і технологічних інновацій,PD
PDJ,Regulation of science and experimentation,Регулювання наукових досліджень та експериментів,PD
PDK,Science funding and policy,Фінансування науки та політика,PD
PDM,Scientific research,Наукові дослідження,PD
PDN,"Scientific equipment, experiments and techniques","Наукове устаткування, експерименти, методи",PD
PDND,Microscopy,Microscopy,PDN
PDR,Impact of science and technology on society,Вплив науки та технологій на суспільство,PD
PDT,Nanosciences,Нанонауки,PD
PDX,History of science,Історія науки,PD
PDZ,Popular science,Популяризація науки,PD
PDZM,Popular and recreational mathematics,Популярна і рекреаційна математика,PDZ
PG,"Astronomy, space and time","Астрономія, простір і час",P
PGC,Theoretical and mathematical astronomy,Теоретична та математична астрономія,PG
PGG,"Astronomical observation: observatories, equipment and methods","Астрономічні спостереження: обсерваторії, обладнання, методи",PG
PGK,Cosmology and the universe,Космологія та Всесвіт,PG
PGM,Galaxies and stars,Галактики та зорі,PG
PGS,Solar system: the Sun and planets,Сонячна система: Сонце і планети,PG
PGT,Astronomical charts and atlases,Астрономічні карти й атласи,PG
PGZ,"Time (chronology), time systems and standards","Час (хронологія), часові системи та стандарти",PG
PH,Physics,Фізика,P
PHD,Classical mechanics,Класична механіка,PH
PHDB,Elementary mechanics,Елементарна механіка,PHD
PHDD,Analytical mechanics,Аналітична механіка,PHD
PHDF,Physics: Fluid mechanics,Фізика: гідравлічна механіка,PHD
PHDS,Wave mechanics (vibration and acoustics),Хвильова механіка (вібрація та акустика),PHD
PHDT,Dynamics and statics,Динаміка і статика,PHD
PHDV,Gravity,Сила тяжіння,PHD
PHDY,Energy,Енергія,PHD
PHF,Materials / States of matter,Речовини. Стан речовин,PH
PHFB,Low temperature physics,Фізика низьких температур,PHF
PHFC,Condensed matter physics (liquid state and solid state physics),Фізика конденсованого стану (рідкий стан та фізика твердого стану),PHF
PHFC1,Soft matter physics,Фізика м’якої речовини,PHFC
PHFC2,Mesoscopic physics,Мезоскопічна фізика,PHFC
PHFG,Physics of gases,Фізика газів,PHF
PHFP,Plasma physics,Фізика плазми,PHF
PHH,Thermodynamics and heat,Термодинаміка і тепло,PH
PHJ,Optical physics,Оптична фізика,PH
PHJL,Laser physics,Лазерна фізика,PHJ
PHK,"Electricity, electromagnetism and magnetism","Електрика, електромагнетизм і магнетизм",PH
PHM,Atomic and molecular physics,Атомна і молекулярна фізика,PH
PHN,Nuclear physics,Ядерна фізика,PH
PHP,Particle and high-energy physics,Фізика елементарних частинок і високих енергій,PH
PHQ,Quantum physics (quantum mechanics and quantum field theory),Квантова фізика (квантова механіка і квантова теорія поля),PH
PHR,Relativity physics,Релятивістська фізика,PH
PHS,Statistical physics,Статистична фізика,PH
PHU,Mathematical / Computational / Theoretical physics,Математична фізика,PH
PHV,Applied physics,Прикладна фізика,PH
PHVB,Astrophysics,Астрофізика,PHV
PHVD,Medical physics,Медична фізика,PHV
PHVG,Geophysics,Геофізика,PHV
PHVJ,Atmospheric physics,Фізика атмосфери,PHV
PHVN,Biophysics,Біофізика,PHV
PHVQ,Chemical physics,Хімічна фізика,PHV
PHVS,Cryogenics,Кріогеніка,PHV
PN,Chemistry,Хімія,P
PNA,Periodic table of the Elements,Periodic table of the Elements,PN
PNB,Medicinal chemistry,Медична хімія,PN
PNC,Environmental chemistry,Хімія навколишнього середовища (хімія довкілля). Екохімія,PN
PND,Food chemistry / Food science,Хімія харчових продуктів,PN
PNF,Analytical chemistry,Аналітична хімія,PN
PNFC,Chromatography,Хроматографія,PNF
PNFR,Magnetic resonance,Магнітний резонанс,PNF
PNFS,"Spectrum analysis, spectrochemistry, mass spectrometry",Спектральний аналіз. Спектрохімія. Мас-спектрометрія,PNF
PNK,Inorganic chemistry,Неорганічна хімія,PN
PNN,Organic chemistry,Органічна хімія,PN
PNND,Organometallic chemistry,Металоорганічна хімія,PNN
PNNP,Polymer chemistry,Хімія полімерів,PNN
PNR,Physical chemistry,Фізична хімія,PN
PNRA,Computational chemistry,Обчислювальна хімія,PNR
PNRC,Colloid chemistry,Колоїдна хімія,PNR
PNRD,Catalysis,Каталіз,PNR
PNRD1,Bio-catalysis,Біокаталіз,PNRD
PNRE,Experimental chemistry,Експериментальна хімія,PNR
PNRH,Electrochemistry and magnetochemistry,Електрохімія та магнітохімія,PNR
PNRL,"Nuclear chemistry, photochemistry and radiation","Ядерна хімія, фотохімія та радіація",PNR
PNRP,Quantum and theoretical chemistry,Квантова і теоретична хімія,PNR
PNRR,Physical organic chemistry,Фізична органічна хімія,PNR
PNRS,Solid state chemistry,Хімія твердих тіл,PNR
PNRW,Thermochemistry and chemical thermodynamics,Термохімія та хімічна термодинаміка,PNR
PNRX,Surface chemistry and adsorption,Хімія поверхні та адсорбція,PNR
PNT,Crystallography,Кристалографія,PN
PNV,"Chemistry of minerals, crystals and gems","Хімія мінералів, кристалів і коштовного каміння",PN
PS,"Biology, life sciences",Науки про життя. Біологія,P
PSA,Life sciences: general issues,Науки про життя: загальні питання,PS
PSAB,Taxonomy and systematics,Таксономія та систематика,PSA
PSAD,Bioethics,Біоетика,PSA
PSAF,"Ecological science, the Biosphere",Екологічні науки. Біосфера,PSA
PSAG,Xenobiotics,Ксенобіотики,PSA
PSAJ,Evolution / Evolutionary biology,Еволюція,PSA
PSAK,Genetics (non-medical),Генетика (не медична),PSA
PSAN,Neurosciences,Нейронауки,PSA
PSAN1,Cellular and molecular neuroscience,Клітинні та молекулярні нейронауки,PSAN
PSAN2,Developmental neuroscience,Нейронауки розвитку,PSAN
PSAN3,Neuroimaging and neuroanatomy,Нейровізуалізація та нейроанатомія,PSAN
PSAN4,Sensory and motor systems,Сенсорні та рухові системи,PSAN
PSAN5,Cognitive and behavioural neuroscience,Когнітивна та поведінкова нейронауки,PSAN
PSAX,Computational biology / bioinformatics,Обчислювальна біологія / біоінформатика,PSA
PSB,Biochemistry,Біохімія,PS
PSBD,Phytochemistry,Phytochemistry,PSB
PSC,Developmental biology,Біологія розвитку,PS
PSD,Molecular biology,Молекулярна біологія,PS
PSE,Chemical biology,Хімічна біологія,PS
PSF,Cellular biology (cytology),Клітинна біологія / цитологія,PS
PSG,Microbiology (non-medical),Мікробіологія (не медична),PS
PSGN,Protozoa,Найпростіші,PSG
PSP,Hydrobiology,Гідробіологія,PS
PSPA,Phycology (algae and seaweed),Альгологія (водорості),PSP
PSPF,Freshwater biology,Біологія прісних водойм / прісноводна біологія,PSP
PSPM,Marine biology,Біологія океану / морська біологія,PSP
PSQ,"Mycology, fungi",Мікологія. Гриби,PS
PST,Botany and plant sciences,Ботаніка та науки про рослини,PS
PSTB,Plant biology,Біологія рослин. Ботаніка,PST
PSTH,Flowering plants (angiosperms),Квітучі рослини (покритонасінні),PST
PSTJ,Conifers and gymnosperms,Хвойні та голонасінні,PST
PSTM,"Ferns, mosses and liverworts","Папороті, мохи та печінковики",PST
PSV,Zoology and animal sciences,Зоологія та науки про тварин,PS
PSVA,Zoology: invertebrates,Зоологія: безхребетні,PSV
PSVA2,Insects (entomology),Ентомологія. Комахи,PSVA
PSVA4,Crustaceans (carcinology),Карцинологія. Ракоподібні,PSVA
PSVA6,Molluscs (malacology),Малакологія. Молюски,PSVA
PSVA8,Arachnids (arachnology),"Арахнологія. Павукоподібні, арахніди",PSVA
PSVC,Zoology: fishes (ichthyology),Зоологія: риби (іхтіологія),PSV
PSVF,Zoology: amphibians and reptiles (herpetology),Зоологія: земноводні (амфібії) та плазуни (рептилії). Герпетологія,PSV
PSVJ,Zoology: birds (ornithology),Зоологія: птахи (орнітологія),PSV
PSVM,Zoology: mammals (mammalogy),Зоологія: ссавці (теріологія),PSV
PSVM1,Zoology: marsupials and monotremes,Зоологія: сумчасті та однопрохідні,PSVM
PSVM2,Zoology: marine and freshwater mammals,Зоологія: морські та прісноводні ссавці,PSVM
PSVM3,Zoology: primates (primatology),Зоологія: примати (приматологія),PSVM
PSVP,Ethology and animal behaviour,Етологія та поведінка тварин,PSV
PSX,Human biology,Біологія людини,PS
PSXE,Evolutionary anthropology / Human evolution,Еволюційна антропологія,PSX
Q,Philosophy and Religion,Філософія та релігія,
QD,Philosophy,Філософія,Q
QDH,Philosophical traditions and schools of thought,Філософські традиції та школи думки,QD
QDHA,Ancient Greek and Roman philosophy,Філософія Стародавніх Греції та Риму,QDH
QDHC,East Asian and Indian philosophy,Філософія Східної Азії та Індії,QDH
QDHC2,Yoga (as a philosophy),Йога (як філософія),QDHC
QDHF,Medieval Western philosophy,Середньовічна західна філософія,QDH
QDHH,Humanist philosophy,Гуманістична філософія,QDH
QDHK,Islamic and Arab philosophy,Ісламська та арабська філософія,QDH
QDHL,Jewish philosophy,Іудейська філософія,QDH
QDHM,Western philosophy: Enlightenment,Західна філософія: просвітництво,QDH
QDHP,African philosophy,Африканська філософія,QDH
QDHR,Western philosophy from c 1800,Західна філософія з 1800 р.,QDH
QDHR1,Idealism,Ідеалізм,QDHR
QDHR3,Pragmatism,Прагматизм,QDHR
QDHR5,Phenomenology and Existentialism,Феноменологія та екзистенціалізм,QDHR
QDHR7,Structuralism and Post-structuralism,Структуралізм та постструктуралізм,QDHR
QDHR9,Analytical philosophy and Logical Positivism,Аналітична філософія та логічний позитивізм,QDHR
QDT,Topics in philosophy,Філософські теми,QD
QDTJ,Philosophy: metaphysics and ontology,Філософія: метафізика та онтологія,QDT
QDTK,Philosophy: epistemology and theory of knowledge,Філософія: епістемологія та теорія пізнання,QDT
QDTL,Philosophy: logic,Філософія: логіка,QDT
QDTM,Philosophy of mind,Філософія думки,QDT
QDTN,Philosophy: aesthetics,Філософія: естетика,QDT
QDTQ,Ethics and moral philosophy,Етика та моральна філософія,QDT
QDTS,Social and political philosophy,Соціальна та політична філософія,QDT
QDTS1,Critical theory,Critical theory,QDTS
QDX,Popular philosophy,Популярна філософія,QD
QDXB,Popular philosophy: Meaning of life / finding sense in life,Popular philosophy: Meaning of life / finding sense in life,QDX
QR,Religion and beliefs,Релігія та віра,Q
QRA,Religion: general,Релігія: загальні питання,QR
QRAB,Philosophy of religion,Філософія релігії,QRA
QRAB1,Nature and existence of God and of the Divine,Існування та сутність бога,QRAB
QRAB7,Religion: Sin / salvation,Religion: Sin / salvation,QRAB
QRAB9,Religion: Eschatology,Religion: Eschatology,QRAB
QRAC,Comparative religion,Порівняльне релігієзнавство,QRA
QRAF,Interfaith relations,Міжконфесійні відносини,QRA
QRAM,Religious issues and debates,Релігійні питання і дискусії,QRA
QRAM1,Religious ethics,Релігійна етика,QRAM
QRAM2,Religion and politics,Релігія і політика,QRAM
QRAM3,Religion and science,Релігія і наука,QRAM
QRAM6,Religious fundamentalism,Релігійний фундаменталізм,QRAM
QRAM7,"Blasphemy, heresy, apostasy","Святотатство, богохульство. Єресь. Віровідступництво",QRAM
QRAM9,"Religious intolerance, persecution and conflict","Релігійна нетерпимість / інтолерантність, переслідування та конфлікти",QRAM
QRAX,History of religion,Історія релігії,QRA
QRD,Hinduism,Індуїзм,QR
QRDB,Hinduism: branches and groups,Індуїзм: напрями та течії,QRD
QRDF,Hinduism: sacred texts and revered writings,Індуїстські священні тексти та шановані твори,QRD
QRDF1,"Hindu texts: Vedas, Upanishads","Індуїстські священні тексти: Веди, Упанішади",QRDF
QRDF2,Hindu texts: Bhagavad Gita,Індуїстські священні тексти: Бгаґавад-Ґіта,QRDF
QRDP,Hindu life and practice,Індуїстське життя і практика,QRD
QRF,Buddhism,Буддизм,QR
QRFB,Buddhism: branches and groups,Буддизм: напрями та течії,QRF
QRFB1,Theravada Buddhism,Буддизм Тгеравади,QRFB
QRFB2,Mahayana Buddhism,Буддизм Магаяни (Махаяни),QRFB
QRFB21,Tibetan Buddhism,Тибетський буддизм,QRFB2
QRFB23,Zen Buddhism,Дзен-буддизм,QRFB2
QRFF,Buddhism: sacred texts and revered writings,Буддистські священні тексти та шановані твори,QRF
QRFP,Buddhist life and practice,Буддистське життя і практика,QRF
QRJ,Judaism,Іудаїзм,QR
QRJB,Judaism: branches and groups,Іудаїзм: напрями та течії,QRJ
QRJB1,Orthodox Judaism,Ортодоксальний іудаїзм,QRJB
QRJB2,Masorti Judaism,Консервативний іудаїзм,QRJB
QRJB3,Liberal and Reform Judaism,Ліберальний і реформістський іудаїзм,QRJB
QRJF,Judaism: sacred texts and revered writings,Іудаїзм: священні тексти та шановані твори,QRJ
QRJF1,"Jewish texts: Tanakh, Torah, Nevi’im, Ketuvim","Іудаїстські тексти: Танах, Тора, Невіїм, Ктувім",QRJF
QRJF5,Rabbinic literature,Рабиністична (раввинська) література,QRJF
QRJP,Judaism life and practice,Іудаїзм: життя та практика,QRJ
QRM,Christianity,Християнство,QR
QRMB,"Christian Churches, denominations, groups","Християнські церкви, конфесії (деномінації), течії",QRM
QRMB1,"Roman Catholicism, Roman Catholic Church",Католицизм. Католицька церква,QRMB
QRMB2,Orthodox and Oriental Orthodox Churches,Православ’я. Православна (ортодоксальна) та орієнтальна православна церкви,QRMB
QRMB3,Protestantism and Protestant Churches,Протестантизм. Протестантська церква,QRMB
QRMB31,Anglican and Episcopalian Churches,Англіканська та єпископальна церкви,QRMB3
QRMB32,Baptist Churches,Баптизм. Баптистська церква,QRMB3
QRMB33,"Calvinist, Reformed and Presbyterian Churches","Кальвінізм. Реформатство. Пресвітеріанство. Кальвіністична, реформатська та пресвітеріанська церкви",QRMB3
QRMB34,Lutheran Churches,Лютеранство. Лютеранська церква,QRMB3
QRMB35,Methodist Churches,Методизм. Методистська церква,QRMB3
QRMB36,Pentecostal or Charismatic Churches,П’ятдесятництво. Церква п’ятидесятників,QRMB3
QRMB37,Quakers (Religious Society of Friends),Квакери. Релігійна Спілка друзів,QRMB3
QRMB38,Anabaptism and Anabaptist Churches,Anabaptism and Anabaptist Churches,QRMB3
QRMB39,Other Nonconformist and Evangelical Churches,Інші нонконформістські та євангельські церкви,QRMB3
QRMB5,Denominations of American origin,Конфесії (деномінації) американського походження,QRMB
QRMB8,Christian and quasi-Christian cults and sects,Християнські та квазіхристиянські культи й секти,QRMB
QRMB9,Ecumenism,Екуменізм,QRMB
QRMF,Christianity: sacred texts and revered writings,Християнство: священні тексти та шановані твори,QRM
QRMF1,Bibles,Біблія,QRMF
QRMF12,Old Testaments,Старий Завіт / Заповіт,QRMF1
QRMF13,New Testaments,Новий Завіт / Заповіт,QRMF1
QRMF14,Biblical Apocrypha and Intertestamental,Біблійний апокриф і міжзавітний період,QRMF1
QRMF19,"Bible readings, selections and meditations",Читання Біблії. Вибране. Молитви / роздуми над одкровеннями Бога,QRMF1
QRMF3,Writings of the Early Church Fathers,Твори Отців Церкви,QRMF
QRMP,Christian life and practice,Християнське життя і практика,QRM
QRMP1,Christian sacraments,Християнські таїнства,QRMP
QRP,Islam,Іслам,QR
QRPB,Islam: branches and groups,Іслам: напрями та течії,QRP
QRPB1,"Islamic groups: Sunni, Alsalaf","Ісламські течії: сунізм, салафізм",QRPB
QRPB2,"Islamic groups: Khawarij, Kharijite",Ісламські течії: хаваріджи / харіджити (хариджити),QRPB
QRPB3,"Islamic groups: Shi’ah, Shi’ite",Ісламські течії: шиїзм,QRPB
QRPB4,Islamic groups: Sufis,Ісламські течії: суфізм,QRPB
QRPF,Islam: sacred texts and revered writings,Ісламські священні тексти та шановані твори,QRP
QRPF1,The Koran (Qur’an),Коран,QRPF
QRPF2,Hadith,Хадис,QRPF
QRPP,Islamic life and practice,Ісламське життя і практика,QRP
QRR,"Further religions and spiritual beliefs,",Інші релігії та духовні вірування,QR
QRRB,Baha’i,Бахаїзм,QRR
QRRC,Jainism,Джайнізм,QRR
QRRD,Sikhism,Сикхізм,QRR
QRRF,Zoroastrianism,Зороастризм,QRR
QRRL,East Asian religions and spiritual beliefs,Релігії Східної Азії,QRR
QRRL1,Confucianism,Конфуціанство,QRRL
QRRL3,Shintoism,Синтоїзм / синто,QRRL
QRRL5,Taoism,Даосизм,QRRL
QRRL6,Chinese folk religion / Chinese Mythology,Китайська традиційна релігія,QRRL
QRRM,Afro-American / African diaspora religions,Афро-американські релігії,QRR
QRRN,Traditional African religions and spiritual beliefs,Традиційні африканські релігії та духовні вірування,QRR
QRRT,"Indigenous peoples: religions, belief systems, cultural worldviews and spiritual beliefs","Інші місцеві, етнічні й традиційні релігії та духовні вірування",QRR
QRRT1,"Indigenous peoples in the Americas: religions, belief systems, cultural worldviews and spiritual beliefs",Релігії та міфологія доколумбового періоду,QRRT
QRRV,Animism / Shamanism,Анімізм. Шаманізм,QRR
QRS,Ancient religions and Mythologies,Стародавні релігії та міфологія,QR
QRSA,Ancient Egyptian religion and mythology,Релігія та міфологія Стародавнього Єгипту,QRS
QRSG,Ancient Greek religion and mythology,Релігія та міфологія Стародавньої Греції,QRS
QRSL,Roman religion and mythology,Релігія та міфологія Стародавнього Риму,QRS
QRST,Celtic religion and mythology,Кельтська релігія та міфологія,QRS
QRSV,Slavic religion and mythology,Слов’янська релігія та міфологія,QRS
QRSW,Norse religion and mythology,Скандинавська релігія та міфологія,QRS
QRV,Aspects of religion,Аспекти релігії,QR
QRVA,"Sacred texts, scriptures and revered writings","Священні / сакральні тексти, книги, писання, шановані твори",QRV
QRVA2,"Readings, selections and meditations from sacred texts",Читання священних текстів. Вибране. Молитви / роздуми над одкровеннями Бога,QRVA
QRVB,Sacred stories / sacred histories,Sacred stories / sacred histories,QRV
QRVC,Criticism and exegesis of sacred texts,Критика та екзегеза священних текстів,QRV
QRVD,Religious doctrines,Релігійні доктрини,QRV
QRVG,Theology,Теологія,QRV
QRVG2,Systematic theology / Dogmatics,Systematic theology / Dogmatics,QRVG
QRVG3,Practical theology / Pastoral Theology,Practical theology / Pastoral Theology,QRVG
QRVH,Sermons,Проповіді,QRV
QRVJ,Prayers and liturgical material,Молитви та літургійні тексти (богослужбова література),QRV
QRVJ1,"Worship, rites, ceremonies and rituals","Богослужіння, обряди, церемонії, ритуали",QRVJ
QRVJ2,Prayer and prayer books,Молитва. Молитовники,QRVJ
QRVJ3,Devotional material,Молитовний матеріал,QRVJ
QRVK,Spirituality and religious experience,Духовний і релігійний досвід,QRV
QRVK2,Mysticism,Містицизм,QRVK
QRVK4,"Miracles, apparitions and religious phenomena",Дива. Видіння. Релігійні явища,QRVK
QRVL,Religion: death and dying,Religion: death and dying,QRV
QRVP,Religious life and practice,Релігійне життя і практика,QRV
QRVP1,Pilgrimage,Паломництво,QRVP
QRVP2,Religious Festivals,Релігійні свята,QRVP
QRVP3,Religious instruction,Релігійне навчання / виховання / просвіта,QRVP
QRVP4,Fasting and abstinence,Піст і стриманість,QRVP
QRVP5,Religious counselling,Релігійні настанови,QRVP
QRVP7,"Religious aspects of sexuality, gender and relationships","Релігійні аспекти статевої ідентичності, гендеру та стосунків",QRVP
QRVQ,Religious sites / Holy or sacred places,Religious sites / Holy or sacred places,QRV
QRVS,Religious institutions and organizations,Релігійні заклади та організації,QRV
QRVS1,Religious and spiritual figures,Релігійні та духовні діячі,QRVS
QRVS2,Religious social and pastoral thought and activity,Релігійні соціальні та пастирські погляди й діяльність,QRVS
QRVS3,Religious ministry and clergy,Релігійні священнослужителі та духовенство (духівництво),QRVS
QRVS4,Religious mission and Religious Conversion,Релігійне місіонерство. Навернення в релігію,QRVS
QRVS5,Religious communities and monasticism,Релігійні громади. Чернецтво,QRVS
QRVX,Personal religious testimony and popular inspirational works,Особисте релігійне свідчення та популярні натхненні праці,QRV
QRY,Alternative belief systems and spiritual worldviews,Альтернативні системи вірувань,QR
QRYA,Humanist and secular alternatives to religion,Гуманістичні та секулярні альтернативи релігії,QRY
QRYA5,Agnosticism and atheism,Агностицизм і атеїзм,QRYA
QRYC,Eclectic and esoteric religions and belief systems,Еклектичні й езотеричні релігії та системи вірувань,QRY
QRYC1,Gnosticism,Гностицизм,QRYC
QRYC5,Theosophy and Anthroposophy,Теософія. Антропософія,QRYC
QRYM,Contemporary non-Christian and para-Christian cults and sects,Сучасні нехристиянські й парахристиянські культи та секти,QRY
QRYM2,Spiritualism,Спірітуалізм,QRYM
QRYX,Occult studies / Supernatural studies,Окультизм,QRY
QRYX2,"Magic, alchemy and hermetic thought",Магія. Алхімія. Герметизм / герметика / герметичне вчення,QRYX
QRYX5,Witchcraft / Witches,Чаклунство,QRYX
QRYX9,Satanism / demonology,Сатанізм. Демонологія,QRYX
R,"Earth Sciences, Geography, Environment, Planning",Науки про Землю. Географія. Науки про довкілля. Просторове планування / землеустрій,
RB,Earth sciences,Науки про Землю,R
RBC,Volcanology and seismology,Вулканологія та сейсмологія,RB
RBG,"Geology, geomorphology and the lithosphere","Геологія, геоморфологія та літосфера",RB
RBGB,Sedimentology and pedology,Седиментологія та педологія,RBG
RBGD,Geomorphology and geological surface processes,Геоморфологія та геологічні процеси на поверхні земної кори,RBG
RBGF,Historical geology and palaeogeology,Історична геологія. Палеонтологія,RBG
RBGG,"Petrology, petrography and mineralogy",Петрологія. Петрографія. Мінералогія,RBG
RBGH,Stratigraphy,Стратиграфія,RBG
RBGK,Geochemistry,Геохімія,RBG
RBGL,Economic geology,Економічна геологія,RBG
RBK,Hydrology and the hydrosphere,Гідрологія та гідросфера,RB
RBKC,Oceanography (seas and oceans),Океанографія (моря та океани),RBK
RBKF,Limnology (inland waters),Лімнологія / озерознавство (внутрішні води),RBK
RBP,Meteorology and climatology,Метеорологія. Кліматологія,RB
RBPC,Climatology and climate modelling,Кліматологія та кліматичне моделювання,RBP
RBPM,Meteorology,Метеорологія,RBP
RBX,Palaeontology,Палеонтологія,RB
RG,Geography,Географія,R
RGB,Physical geography and topography,Фізична географія і топографія,RG
RGBA,"Arid zones, deserts","Аридні області, пустелі",RGB
RGBC,Plains and grasslands,"Рівнини та луки, степи",RGB
RGBC1,Prairies,Прерії,RGBC
RGBC2,Savanna,Савана,RGBC
RGBD,Tundra,Тундра,RGB
RGBF,"Wetlands, swamps, fens",Заболочені місцевості. Болота,RGB
RGBG,Rivers and lakes,Річки та озера,RGB
RGBL,Forests and woodland,Ліси й лісові місцевості,RGB
RGBL1,Rainforest,Дощові ліси,RGBL
RGBL2,Mixed forest,Мішані ліси,RGBL
RGBL3,Broadleaf forest,Широколистяні ліси,RGBL
RGBL4,"Boreal, coniferous forest",Тайга. Хвойні ліси,RGBL
RGBP,Coasts and Coastlines,Узбережжя,RGB
RGBP1,Coastal wetlands / tidal flats / mudflats,Coastal wetlands / tidal flats / mudflats,RGBP
RGBQ,Islands,Islands,RGB
RGBR,Coral reefs,Коралові рифи,RGB
RGBS,Mountains and uplands,Гори,RGB
RGBU,Glaciers and ice caps,Льодовики. Льодовикові шапки,RGB
RGC,Human geography,Економічна та соціальна географія / антропогеографія / «людська географія»,RG
RGCD,Development and environmental geography,Географія розвитку. Інтегрована географія / екологічна географія / географія соціального оточення,RGC
RGCG,Population and migration geography,Географія населення та міграцій,RGC
RGCM,Economic geography,Економічна географія,RGC
RGCP,Political geography,Політична географія,RGC
RGCS,Social geography,Соціальна географія,RGC
RGCT,Tourism geography,Географія туризму,RGC
RGCU,"Settlement, urban and rural geography",Географія поселень. Геоурбаністика. Географія сільських місцевостей,RGC
RGL,Regional geography,Регіональна географія,RG
RGM,Biogeography,Біогеографія,RG
RGR,Geographical discovery and exploration,Географічні відкриття і дослідження,RG
RGV,"Cartography, map-making and projections",Картографія. Картографування. Картографічна проекція,RG
RGW,"Geographical information systems, geodata and remote sensing",Географічні інформаційні системи. Дистанційне зондування Землі,RG
RGX,Geographical reference works,Географічні довідники,RG
RGXB,World / regional atlases or maps,Атласи світу. Мапи світу,RGX
RGXH,Topographic / thematic / specialist maps,Географічні мапи (спеціалізовані),RGX
RGXM,"Naval, nautical and marine charts",Військово-морські мапи. Морські мапи,RGX
RGXP,Place names and gazetteers,Географічні назви. Газетири,RGX
RN,The environment,Довкілля / навколишнє природне середовище,R
RNA,Environmentalist thought and ideology,Енвайронменталістична (екологічна) думка та ідеологія. Екологізм,RN
RNB,"Environmentalist, conservationist and Green organizations","Організації екологів, захисників природи. Організації із захисту довкілля. «Зелені» організації",RN
RNC,Applied ecology,Прикладна екологія,RN
RNCB,Biodiversity / Ecosystems,Біорізноманітність,RNC
RND,Environmental policy and protocols,Політика щодо довкілля (екологічна політика) та природоохоронні / екологічні протоколи,RN
RNF,Environmental management,Екологічний менеджмент,RN
RNFD,Drought and water supply,Посуха і забезпечення водою (водопостачання),RNF
RNFF,Food security and supply,Продовольча безпека. Продовольче забезпечення,RNF
RNFY,Energy resources,Енергетичні ресурси (енергоресурси),RNF
RNH,Waste management,Утилізація / перероблення / видалення відходів,RN
RNK,Conservation of the environment,Охорона / збереження довкілля,RN
RNKH,Conservation of wildlife and habitats,Охорона / збереження дикої природи і середовища існування,RNK
RNKH1,Endangered species and extinction of species,Вимирання видів. Види під загрозою вимирання,RNKH
RNKH2,Restoration ecology / rewilding,Restoration ecology / rewilding,RNKH
RNP,Pollution and threats to the environment,Забруднення та шкода довкіллю,RN
RNPD,Deforestation,Знищення / вирубування лісів. Знеліснення,RNP
RNPG,Climate change,Зміни клімату,RNP
RNQ,Nuclear issues,Ядерні проблеми,RN
RNR,Natural disasters,"Природні катастрофи, стихійні лиха",RN
RNT,Social impact of environmental issues,Соціальні наслідки екологічних проблем,RN
RNU,Sustainability,Сталість довкілля,RN
RP,Regional and area planning,Регіональне і територіальне планування,R
RPC,Urban and municipal planning and policy,Міське та муніципальне планування і політика,RP
RPG,Rural planning and policy,Сільське планування і політика,RP
RPT,Transport planning and policy,Транспортне планування і політика,RP
S,Sports and Active outdoor recreation,Спорт і активний відпочинок на відкритому повітрі,
SC,Sport: general,Спорт: загальні питання,S
SCB,Sporting events and management,Спортивні заходи й управління (спортивний менеджмент),SC
SCBB,Olympic and Paralympic games,Олімпійські та Паралімпійські ігри,SCB
SCBC,World Cups and World championships,Кубки світу. Світові чемпіонати,SCB
SCBG,Sports governing bodies,Органи управління спортом,SCB
SCBM,Sports management and facilities,Управління спортом (спортивний менеджмент) і спортивні споруди,SCB
SCBT,Sports teams and clubs,Спортивні команди. Спортивні клуби,SCB
SCBV,Sporting venues,Спортивні споруди,SCB
SCG,Sports training and coaching,Спортивне тренування і тренерство,SC
SCGF,"Sport science, physical education",Спортивна наука і фізичне виховання (фізична культура),SCG
SCGP,Sports psychology,Спортивна психологія / психологія спорту,SCG
SCK,Drug abuse in sport,Зловживання наркотичними речовинами у спорті,SC
SCL,Parasport,Параспорт,SC
SCX,History of sport,Історія спорту,SC
SF,Ball sports / ball games,Ігрові види спорту з м’ячем,S
SFB,Football variants and related games,Різновиди футболу та подібні ігри,SF
SFBC,Association football (Soccer),"Футбол асоціації (футбол, сокер)",SFB
SFBD,American football,Американський футбол,SFB
SFBF,Australian Rules football,Австралійський футбол,SFB
SFBH,Canadian football,Канадський футбол,SFB
SFBK,Gaelic football,Гельський футбол,SFB
SFBT,Rugby Union,Регбі-юніон,SFB
SFBV,Rugby League,Регбіліг,SFB
SFC,Baseball,Бейсбол,SF
SFD,Cricket,Крикет,SF
SFG,Floorball and other hockey variants,Floorball and other hockey variants,SF
SFH,Golf,Гольф,SF
SFJ,Field hockey,Хокей на траві,SF
SFK,Lacrosse,Лакрос,SF
SFL,Hurling,Герлінг,SF
SFM,Basketball,Баскетбол,SF
SFN,Netball,Нетбол,SF
SFP,Volleyball,Волейбол,SF
SFQ,Handball and its variants,Гандбол,SF
SFT,Racket games,Ігрові види спорту з ракеткою,SF
SFTA,Tennis,Теніс,SFT
SFTB,Badminton,Бадмінтон,SFT
SFTC,Squash and rackets (racquets),Сквош і рекетс,SFT
SFTD,Table tennis,Настільний теніс,SFT
SFV,"Bowls, bowling, petanque",Боулз. Боулінг. Петанк,SF
SFX,"Snooker, billiards, pool",Снукер. Більярд. Пул,SF
SH,"Athletics, gymnastics and related sports","Атлетика, гімнастика та інші подібні види спорту",S
SHB,"Track and field sports, athletics",Легка атлетика,SH
SHBF,Marathon and cross-country running,Марафон. Крос. Біг пересіченою місцевістю,SHB
SHBM,Multidiscipline sports,Багатодисциплінарний спорт,SHB
SHG,Gymnastics,Гімнастика,SH
SHP,Weightlifting,Важка атлетика,SH
SK,Equestrian and animal sports,Кінний спорт. Верхова їзда. Види спорту із використанням тварин,S
SKG,Horse racing,Скачки,SK
SKL,"Riding, showjumping and horsemanship",Верхова їзда. Мистецтво верхової їзди. Конкур.,SK
SKR,Dog racing,Собачі перегони,SK
SM,Vehicle sports,Автомобільний спорт,S
SMC,Air sports and recreations,Повітряні види спорту і відпочинку. Авіаційний спорт,SM
SMF,Motor sports,Моторні види спорту (мотоспорт),SM
SMFA,Car racing,Автомобільні перегони (автоперегони),SMF
SMFC,Motor rallying / rally driving,Ралі,SMF
SMFF,Stock car and hot rod racing,Перегони на розбитих машинах. Перегони на хот-родах,SMF
SMFK,Motorcycle racing,Перегони на мотоциклах. Мотоперегони,SMF
SMQ,Cycle racing,Велоспорт. Велоперегони,SM
SMQB,BMX cycling,Велосипедний мотокрос (веломотокрос),SMQ
SMX,"Rollerblading, skateboarding, etc",Катання на роликах. Скейтбординг,SM
SP,Water sports and recreations,Водні види спорту і відпочинку,S
SPC,Swimming and diving,Плавання. Пірнання (дайвінг),SP
SPCA,Underwater (sub-aqua) swimming,Підводне плавання,SPC
SPCA1,Scuba diving,Скуба-дайвінг / рекреаційний дайвінг / любительський дайвінг,SPCA
SPCA2,Snorkelling,Підводне плавання з маскою та дихальною трубкою (сноркелінг / снорклінг),SPCA
SPCD,Diving,Занурення (пірнання / дайвінг),SPC
SPCS,Swimming,Плавання,SPC
SPG,"Surfing, windsurfing, water skiing",Серфінг. Віндсерфінг. Катання на водних лижах,SP
SPN,Boating: Sport and leisure,Веслування: спорт і дозвілля,SP
SPND,Motor / power boating and cruising,Водно-моторний спорт. Круїзи,SPN
SPNG,Sailing / yachting,Вітрильний спорт. Яхтинг,SPN
SPNK,"Canoeing, kayaking and other paddle sports",Веслування на каное. Каякінг,SPN
SPNL,Rowing and sculling,Академічне веслування. Парне веслування,SPN
SR,Combat sports and self-defence,Єдиноборства. Самозахист,S
SRB,Boxing,Бокс,SR
SRC,Wrestling,Боротьба. Реслінг,SR
SRF,Fencing,Фехтування,SR
SRM,Martial arts,Бойові мистецтва,SR
SRMA,Aikido,Айкідо,SRM
SRMC,Capoeira,Капоейра,SRM
SRMJ,Judo,Дзюдо,SRM
SRMK,Ju-jitsu,Джиу-джитсу,SRM
SRML,Karate,Карате,SRM
SRMM,Kendo,Кендо,SRM
SRMN,Chinese martial arts / Kung-Fu,Китайські бойові мистецтва. Кунг-фу / ґунфу,SRM
SRMN1,Tai Chi,Тайцзіцюань,SRMN
SRMN2,Qigong,Ціґун,SRMN
SRMS,Sumo,Сумо,SRM
SRMT,Taekwondo,Тхеквондо / таеквондо,SRM
SRMV,Mixed martial arts,Змішані бойові мистецтва,SRM
ST,Winter sports / activities,Зимові види спорту,S
STA,Skiing,Лижний спорт,ST
STAA,Alpine skiing,Гірськолижний спорт,STA
STAB,Biathlon,Біатлон,STA
STAN,Nordic skiing,Нордичне катання на лижах,STA
STAN1,Cross-country skiing,Лижні перегони / біг на лижах,STAN
STAN2,Ski jumping,Стрибки з трампліна,STAN
STAT,Freestyle skiing,Freestyle skiing,STA
STC,Snowboarding,Сноубординг,ST
STG,Ice-skating,Катання на ковзанах,ST
STH,Speed skating,Ковзанярський спорт,ST
STJ,Figure skating,Фігурне катання,ST
STK,Ice hockey,Хокей із шайбою,ST
STL,Sledding,Катання на санях,ST
STLN,Sled dog racing,Перегони на собачих упряжках,STL
STP,Curling,Керлінг,ST
STS,Snowshoeing,Snowshoeing,ST
SV,"Field sports: fishing, hunting, shooting",Рибальство. Полювання. Відстріл,S
SVB,Falconry and hawking,Соколине полювання. Полювання з яструбом,SV
SVF,"Fishing, angling",Рибальство. Спортивне рибальство,SV
SVFF,Fly fishing,Нахлист,SVF
SVFS,Sea fishing,Морське рибальство,SVF
SVH,Hunting or shooting animals and game,Полювання / відстріл тварин і дичини,SV
SVHH,Professional qualifications for hunting / shooting,Професійні кваліфікації для для здійснення полювання / відстрілу,SVH
SVR,Archery,Стрільба з лука,SV
SVS,"Small firearms, guns and other equipment","Мала вогнепальна зброя, пістолети та інше обладнання",SV
SVT,Target shooting,Стрільба у мішень. Стендова стрільба,SV
SX,Other sports and competitive activities,Інші види спорту і змагань,S
SXB,Bodybuilding,Культуризм / бодибілдінг,SX
SXD,Darts,Дартс,SX
SXE,eSports / Professional video gaming,Кіберспорт. Професійне відеогеймерство (професійна гра у відеоігри),SX
SXQ,Extreme sports,Екстремальні види спорту,SX
SZ,Active outdoor pursuits and activities,Активні заняття на свіжому повітрі,S
SZC,"Walking, hiking, trekking",Прогулянки. Прогулянки пішки. Походи,SZ
SZD,Cycling: general and touring,Їзда на велосипеді: звичайна і туристична,SZ
SZE,Running and jogging,"Біг. Біг підтюпцем (футинґ, джоґінґ)",SZ
SZG,Climbing and mountaineering,Альпінізм. Скелелазіння. Сходження на гори,SZ
SZK,Orienteering,Спортивне орієнтування,SZ
SZN,Caving and potholing,Спелеотуризм,SZ
SZR,Camping,Кемпінг,SZ
SZV,Outdoor survival skills,Навички виживання на природі,SZ
T,"Technology, Engineering, Agriculture, Industrial processes",Технології. Інженерія (інженерна справа). Сільське господарство. Промислові процеси,
TB,Technology: general issues,Технології: загальні питання,T
TBC,Engineering: general,Інженерія: загальні питання,TB
TBD,Technical design,Технічний дизайн,TB
TBDG,Ergonomics,Ергономіка,TBD
TBG,Engineering graphics and draughting / technical drawing,Інженерна графіка та креслення. Технічний малюнок,TB
TBJ,Maths for engineers,Математика для інженерів,TB
TBM,Instruments and instrumentation,Інструменти і прилади,TB
TBMM,Engineering measurement and calibration,Інженерні вимірювання і калібрування,TBM
TBN,Nanotechnology,Нанотехнології,TB
TBR,Intermediate technology,Проміжні технології,TB
TBX,History of engineering and technology,Історія інженерії та технологій,TB
TBY,Inventions and inventors,Винаходи та винахідники,TB
TC,Biochemical engineering,Біохімічна інженерія,T
TCB,Biotechnology,Біотехнології,TC
TCBG,Genetic engineering,Генна (генетична) інженерія,TCB
TCBS,Biosensors,Біосенсори,TCB
TD,Industrial chemistry and manufacturing technologies,Промислова хімія та виробничі технології,T
TDC,Industrial chemistry and chemical engineering,Промислова хімія та хімічна інженерія,TD
TDCA,Agrichemicals,Агрохімікати,TDC
TDCF,Fuels and petrochemicals,Паливо та нафтохімія,TDC
TDCJ,"Dyestuffs, pigments and paint technology","Барвники, пігменти і технологія фарбування",TDC
TDCP,Plastics and polymers,Пластмаси і полімери,TDC
TDCQ,Ceramic and glass technology,Технології виробництва кераміки і скла,TDC
TDCT,Food and beverage technology,Технології виробництва харчових продуктів і напоїв,TDC
TDCT1,Food and beverage safety,Безпечність харчових продуктів і напоїв. Продовольча безпека,TDCT
TDCT2,Food and beverage processing and engineering,Виробництво та інженерія харчових продуктів і напоїв. Продовольче (харчове) виробництво. Харчова інженерія,TDCT
TDCW,Pharmaceutical chemistry and technology,Фармацевтична хімія і технології,TDC
TDCX,Process engineering technology and techniques,Технологія та методи виробничих процесів,TDC
TDP,Other manufacturing technologies,Інші технології виробництва,TD
TDPF,Textiles and fibres,Текстиль і волокна,TDP
TDPF1,Apparel and fashion: technology and techniques,Вбрання і мода: технології та методи,TDPF
TDPJ,Timber and wood processing,Обробка / переробка лісоматеріалів і деревини (деревообробка),TDP
TDPJ1,Paper and pulp manufacture and processing,Виробництво та обробка паперу і целюлози,TDPJ
TDPM,Metals technology / metallurgy,Технології обробки металів (металообробка). Металургія,TDP
TDPP,Printing and reprographic technologies,Поліграфічні та репрографічні технології,TDP
TDPT,3D Printing,3D-друк,TDP
TG,Mechanical engineering and materials,Машинобудування і матеріали,T
TGB,Mechanical engineering,Машинобудування,TG
TGBF,Tribology (friction and lubrication),Трибологія (тертя і змащення),TGB
TGBN,Engines and power transmission,Двигуни і передавання енергії,TGB
TGH,Precision engineering and manufacturing,Точне машинобудування і виробництво,TG
TGM,Materials science,Матеріалознавство,TG
TGMB,Engineering thermodynamics,Технічна термодинаміка,TGM
TGMD,Engineering: Mechanics of solids,Інженерія: механіка твердих тіл,TGM
TGMF,Engineering: Mechanics of fluids,Інженерія: механіка рідин,TGM
TGMF1,Aerodynamics,Аеродинаміка,TGMF
TGMF2,Hydraulics / Pneumatics,Гідравліка / пневматика,TGMF
TGML,Engineering applications of bio-materials,Інженерне застосування біоматеріалів,TGM
TGMM,"Engineering applications of electronic, magnetic, optical materials","Інженерне застосування електронних, магнітних та оптичних матеріалів",TGM
TGMP,Engineering applications of polymers and composites,Інженерне застосування полімерів і композитів,TGM
TGMS,Engineering applications of surface coatings and films,Інженерне застосування поверхневих покриттів і плівок,TGM
TGMT,Testing of materials,Випробування матеріалів,TGM
TGP,Production and industrial engineering,Виробнича та промислова інженерія,TG
TGPC,Computer aided manufacture (CAM),Автоматизована система технологічної підготовки виробництва (САМ),TGP
TGPQ,Industrial quality control,Промисловий контроль якості,TGP
TGPR,Reliability engineering,Інженерія надійності,TGP
TGX,Engineering skills and trades,Інженерні навички та професії,TG
TH,Energy technology and engineering,Енергетичні технології та інженерія,T
THD,Hydrogen technologies,Hydrogen technologies,TH
THF,Fossil fuel technologies,Технології викопного палива,TH
THFG,Gas technology,Газові технології,THF
THFP,Petroleum technology,Нафтові технології,THF
THFS,Solid fuel technology,Технології твердого палива,THF
THK,Nuclear power and engineering,Атомна енергетика та інженерія,TH
THN,Heat transfer processes,Процеси теплообміну,TH
THR,Electrical engineering,Електрична інженерія,TH
THRM,Electric motors,Електричні двигуни (електродвигуни),THR
THRX,Electrician skills and trades,Навички та професії електрика,THR
THV,Alternative and renewable energy sources and technology,Альтернативні та відновлювані енергетичні джерела і технології,TH
THVB,Biofuels,Біопаливо,THV
THVG,Geothermal energy and power,Геотермальна енергія,THV
THVH,Hydropower / waterpower,Гідроенергія / водна енергія,THV
THVS,Solar power,Сонячна енергія,THV
THVW,Wind power,Енергія вітру (вітроенергія),THV
THY,"Energy, power generation, distribution and storage","Виробництво, розподіл та збереження енергії",TH
THYB,Battery technology / fuel cell technology,Battery technology / fuel cell technology,THY
THYC,Energy efficiency,Енергетична ефективність (енергоефективність),THY
TJ,Electronics and communications engineering,Електронна та комунікаційна інженерія (електрокомунікаційна інженерія),T
TJD,Haptic and other tactile technologies,Haptic and other tactile technologies,TJ
TJF,Electronics engineering,Електронна інженерія,TJ
TJFC,Electronics: circuits and components,Електроніка: схеми і компоненти,TJF
TJFD,Electronic devices and materials,Електронні пристрої та матеріали,TJF
TJFM,Automatic control engineering,Інженерні системи автоматичного керування,TJF
TJFM1,Robotics,Робототехніка,TJFM
TJFN,Microwave technology,Мікрохвильові технології,TJF
TJK,Communications engineering / telecommunications,Комунікаційна інженерія. Телекомунікації,TJ
TJKD,Radar technology,Радіолокаційні технології,TJK
TJKH,Signal processing,Обробка сигналів,TJK
TJKR,Radio technology,Радіотехніка,TJK
TJKS,Satellite communication technology,Технології супутникового зв’язку,TJK
TJKT,Telephone technology,Телефонні технології,TJK
TJKT1,Mobile phone technology,Технології мобільного телефонного зв’язку,TJKT
TJKV,Television technology,Телевізійні технології,TJK
TJKW,WAP (wireless) technology,Бездротові технології,TJK
TJS,Sensors,Сенсори / датчики,TJ
TN,"Civil engineering, surveying and building",Будівельна / цивільна інженерія. Геодезичне знімання. Будівництво,T
TNC,Structural engineering,Конструкційна міцність,TN
TNCB,"Surveying, quantity surveying",Геодезія. Кількісні геодезичні вимірювання,TNC
TNCC,Soil and rock mechanics,Механіка ґрунту й гірських порід,TNC
TNCE,Earthquake engineering,Сейсмостійка інженерія / будівництво,TNC
TNCJ,Bridges,Мости,TNC
TNF,Hydraulic engineering,Гідротехніка,TN
TNFD,Coastal engineering,Coastal engineering,TNF
TNFL,Flood control,Боротьба / захист від повені,TNF
TNH,Highway and traffic engineering,Шляхове / дорожнє будівництво,TN
TNK,Building construction and materials,Будівельні конструкції та матеріали,TN
TNKA,Accessibility in buildings and building design,Доступність у будівлях. Проектування будівель,TNK
TNKD,"Building and construction regulations, rules and codes","Building and construction regulations, rules and codes",TNK
TNKE,Building physics and energy-efficient construction,Будівельна фізика та енергоефективне будівництво,TNK
TNKF,Fire protection and safety,Протипожежний захист і безпека,TNK
TNKH,"Heating, lighting, ventilation","Опалення, освітлення, вентиляція",TNK
TNKP,Construction planning,Планування будівництва,TNK
TNKR,"Building redevelopment, retrofitting, refurbishment",Реконструкція / перепланування будівель,TNK
TNKS,Security and fire alarm systems,Системи охоронної та пожежної сигналізації,TNK
TNKX,Conservation of buildings and building materials,Збереження будівель і будівельних матеріалів,TNK
TNT,Building skills and trades,Будівельні навички і професії,TN
TNTB,"Masonry, bricklaying, plastering, tiling, cementing skills and techniques","Masonry, bricklaying, plastering, tiling, cementing skills and techniques",TNT
TNTC,Carpentry and joinery skills and techniques,Carpentry and joinery skills and techniques,TNT
TNTP,Plumbing skills and techniques,Plumbing skills and techniques,TNT
TNTR,Roofing skills and techniques,Roofing skills and techniques,TNT
TQ,"Environmental science, engineering and technology","Наука про довкілля (екологія), інженерія і технології",T
TQD,Environmental monitoring,Моніторинг довкілля / екологічний моніторинг,TQ
TQK,Pollution control,Контроль / боротьба із забрудненням,TQ
TQP,Greenhouse gas emissions technologies,Greenhouse gas emissions technologies,TQ
TQS,Sanitary and municipal engineering,Санітарна та муніципальна інженерія,TQ
TQSR,Waste treatment and disposal,Перероблення і видалення / утилізація відходів,TQS
TQSW,Water supply and treatment,Водопостачання і водоочищення,TQS
TR,Transport technology and trades,Транспортні технології та професії,T
TRC,Automotive technology and trades,Автомобільні технології та професії,TR
TRCS,Automotive (motor mechanic) skills,Навички в галузі автомобілебудування (механіки),TRC
TRCT,Road transport and haulage trades,Автотранспорт та автомобільні перевезення,TRC
TRF,"Railway technology, engineering and trades","Залізнична техніка, машинобудування та професії",TR
TRFT,Railway trades,Залізничні професії,TRF
TRL,"Shipbuilding technology, engineering and trades",Технології суднобудування. Суднобудівна промисловість і професії,TR
TRLD,Ship design and naval architecture,Проектування суден. Корабельна архітектура,TRL
TRLN,Navigation and seamanship,Судноплавство та мореплавство,TRL
TRLT,Maritime and nautical trades,Морські професії,TRL
TRP,Aerospace and aviation technology,Аерокосмічні та авіаційні технології,TR
TRPS,Aviation skills and piloting,Навички в авіаційній галузі. Пілотування,TRP
TRT,Intelligent and automated transport system technology,Інтелектуальні та автоматизовані технології транспортних систем,TR
TRV,Electric vehicles / alternative fuel vehicles,Electric vehicles / alternative fuel vehicles,TR
TT,Other technologies and applied sciences,Інші технології та прикладні науки,T
TTA,Acoustic and sound engineering,Акустична й звукова техніка,TT
TTB,Applied optics,Прикладна оптика,TT
TTBF,Fibre optics,Волоконна оптика,TTB
TTBL,Laser technology and holography,Лазерні технології та голографія,TTB
TTBM,Imaging systems and technology,Системи і технології візуалізації,TTB
TTBS,Scanning systems and technology,Системи і технології сканування,TTB
TTD,Space science,Космічна наука,TT
TTDS,Astronautics,Астронавтика,TTD
TTDX,Space exploration,Дослідження космосу,TTD
TTG,Mechatronics,Mechatronics,TT
TTM,Military engineering,Військова інженерія,TT
TTMW,"Ordnance, weapons technology",Боєприпаси. Військові технології,TTM
TTP,Explosives technology and pyrotechnics,Вибухові технології та піротехніка,TT
TTS,Marine engineering,Морська інженерія,TT
TTU,Mining technology and engineering,Гірничі технології та інженерія,TT
TTV,Other vocational technologies and trades,Інші професії та професійні технології,TT
TTVC,"Hotel, hospitality and catering trades",Готелі. Готельна справа. Громадське харчування,TTV
TTVC2,Catering and food preparation skills and trades,"Навички і професії, пов’язані з громадським харчуванням і приготуванням їжі",TTVC
TTVH,"Hairdressing, salon and beauty therapy skills",Перукарська справа. Салони краси. Косметологія,TTV
TTVR,"Traditional trades, crafts and skills","Традиційні професії, промисли, ремесла, навички",TTV
TTVS,"Security, safety and protection skills / professions","Навички / професії, пов’язані з безпекою, охороною, захистом",TTV
TTVT,"Caretakers, janitors, housekeepers, cleaners and related skills","Доглядачі, сторожі, вахтери, двірники, швейцари, економки, хатні робітниці, прибиральниці та пов’язані з цим навички",TTV
TTW,Assistive technology,Допоміжні технології,TT
TTX,Taxidermy,Таксидермія,TT
TV,Agriculture and farming,Сільське господарство і фермерство,T
TVB,Agricultural science,Сільськогосподарська наука,TV
TVBP,Soil science and management,Ґрунтознавство. Землеробство. Землекористування,TVB
TVBT,Agricultural land management,Agricultural land management,TVB
TVD,Agricultural engineering and machinery,Сільськогосподарська інженерія та машинобудування,TV
TVDR,Irrigation and water management,Іригація,TVD
TVF,Sustainable agriculture,Стале сільське господарство,TV
TVG,Organic farming,Органічне фермерство,TV
TVH,Animal husbandry,Тваринництво,TV
TVHB,Animal breeding,Розведення тварин,TVH
TVHE,Equine Management,Конярство,TVH
TVHF,Dairy farming,Молочне тваринництво. Молочне господарство,TVH
TVHH,Apiculture (beekeeping),Бджільництво,TVH
TVHP,Poultry farming,Птахівництво,TVH
TVK,Agronomy and crop production,Агрономія. Рослинництво,TV
TVM,Smallholdings,Дрібні господарства,TV
TVP,Pest control / plant diseases,Боротьба з сільськогосподарськими шкідниками,TV
TVQ,Tropical agriculture,Тропічне сільське господарство: практика і методи,TV
TVR,Forestry and silviculture,Лісове господарство. Лісівництво,TV
TVS,Commercial horticulture,Комерційне садівництво,TV
TVSH,Hydroponics / hydroculture,Гідропоніка / гідрокультура,TVS
TVSW,Viticulture,Виноградарство,TVS
TVT,Aquaculture and fish-farming,Аквакультура та рибництво: практика і методи,TV
TVU,Urban farming / urban agriculture,Міське фермерство / міське сільське господарство,TV
U,Computing and Information Technology,Комп’ютерні та інформаційні технології,
UB,Digital and Information technology: general topics,Інформаційні технології: загальні питання,U
UBB,"History of Computing, digital and information technologies","Історія комп’ютерних, цифрових та інформаційних технологій",UB
UBH,Digital and information technologies: Health and safety aspects,Цифрові та інформаційні технології: аспекти здоров’я і безпеки,UB
UBJ,Digital and information technologies: social and ethical aspects,Цифрові та інформаційні технології: соціальні й етичні аспекти,UB
UBL,Digital and information technologies: Legal aspects,Цифрові та інформаційні технології: юридичні аспекти,UB
UBM,Maker and hacker culture,Мейкерство і хакерство. Культура мейкерів і хакерів,UB
UBW,Internet: general works,Інтернет: загальні питання,UB
UD,Digital Lifestyle and online world: consumer and user guides,Цифровий та онлайн-світ: посібники для споживачів і користувачів,U
UDA,Personal organization software and apps,Індивідуальне програмне забезпечення і додатки організацій,UD
UDB,Internet guides and online services,Інтернет-посібники та онлайн-служби,UD
UDBA,Online shopping and auctions,Онлайн-шопінг та аукціони,UDB
UDBD,Internet searching,Інтернет-пошук,UDB
UDBG,Internet gambling,Азартні ігри в інтернеті (гемблінг),UDB
UDBM,Online finance and investing,Онлайн-фінанси та інвестиції,UDB
UDBR,Internet browsers,Інтернет-браузери,UDB
UDBS,Social media / social networking,Соціальні мережі,UDB
UDBV,Virtual worlds,Віртуальні мережі,UDB
UDD,Online safety and behaviour,Онлайн-безпека і поведінка,UD
UDF,Email: consumer / user guides,Електронна пошта (email): посібники для споживачів / користувачів,UD
UDH,"E-book readers, tablets and other portable devices: consumer / user guides","Електронні книги (букрідери), планшети та інші портативні пристрої: посібники для споживачів / користувачів",UD
UDM,Digital music and audio: consumer / user guides,Цифрова музика та аудіо: посібники для споживачів / користувачів,UD
UDP,Digital photography: consumer / user guides,Цифрова фотографія: посібники для споживачів / користувачів,UD
UDQ,Digital video: consumer / user guides,Цифрове відео: посібники для споживачів / користувачів,UD
UDT,Mobile phones and smartphones: consumer / user guides,Мобільні телефони і смартфони: посібники для споживачів / користувачів,UD
UDV,Digital TV and media centres: consumer / user guides,Цифрове телебачення та медіа-центри: посібники для споживачів / користувачів,UD
UDX,Computer games / online games: strategy guides / companion works,Комп’ютерні ігри / онлайн-ігри: посібники із стратегії ігор,UD
UDY,Smart home technology and virtual assistants: consumer / user guides,Технологія «розумний дім» та віртуальні помічники: посібники для споживачів / користувачів,UD
UF,Business applications,Бізнес-додатки,U
UFB,Integrated software packages,Інтегрований пакет програмного забезпечення,UF
UFC,Spreadsheet software,Програмне забезпечення для роботи з електронними таблицями,UF
UFD,Word processing software,Програмне забезпечення для опрацювання текстів,UF
UFG,Presentation graphics software,Програмне забезпечення для створення графічних об’єктів презентацій,UF
UFK,Accounting software,Бухгалтерське програмне забезпечення,UF
UFL,Enterprise software,Програмне забезпечення підприємств / корпоративне програмне забезпечення,UF
UFLS,"SAP (Systems, applications and products in databases)","Системи, додатки і продукти в базах даних (SAP)",UFL
UFM,Mathematical and statistical software,Математичне і статистичне програмне забезпечення,UF
UFP,Project management software,Програмне забезпечення для управління проектами,UF
UFS,Collaboration and group software,Програмне забезпечення для спільної та групової роботи,UF
UG,Graphical and digital media applications,Графічні та цифрові медіа-додатки,U
UGA,Accessibility in web and digital design,Доступ у веб-дизайні та цифровому дизайні,UG
UGB,Web graphics and design,Веб-графіка і веб-дизайн,UG
UGC,Computer-aided design (CAD),Система автоматизованого проектування і розрахунку (САПР / САП),UG
UGD,Desktop publishing,Комп’ютерна верстка,UG
UGG,Computer games design,Дизайн комп’ютерних ігор / ігровий дизайн / геймдизайн,UG
UGK,3D graphics and modelling,3D-графіка (тривимірна графіка) і моделювання,UG
UGL,Illustration and drawing software,Програмне забезпечення для малювання і створення ілюстрацій,UG
UGM,Digital music: professional,Професійна цифрова музика,UG
UGN,Digital animation,Комп’ютерна анімація,UG
UGP,Photo and image editing,Редагування фотографій і зображень,UG
UGV,Digital video: professional,Професійне цифрове відео,UG
UK,Computer hardware,Апаратне забезпечення,U
UKC,Supercomputers,Суперкомп’ютери,UK
UKD,Mainframes and minicomputers,Мейнфрейм і мінікомп’ютери,UK
UKF,Servers,Сервери,UK
UKG,Grid and parallel computing,Ґрід-обчислення і паралельні обчислення,UK
UKL,Interrelated smart technologies,Взаємопов’язані інтелектуальні («розумні») технології,UK
UKM,Embedded systems,Вбудовані системи,UK
UKN,Network hardware,Мережеве обладнання,UK
UKP,Personal computers,Персональні комп’ютери,UK
UKPC,PCs (IBM-compatible personal computers),IBM-PC-сумісні комп’ютери,UKP
UKPM,Macintosh,Макінтош,UKP
UKR,Computer and information technologies hardware: Maintenance and repairs,Технічне обслуговування і ремонт,UK
UKS,Storage media and peripherals,Носії інформації / пристрої для зберігання даних та периферія,UK
UKX,Utilities and tools,Утиліти та інструменти,UK
UL,Operating systems,Операційні системи,U
ULD,Microsoft (Windows) operating systems,Операційні системи Microsoft (Windows),UL
ULH,Apple operating systems,Операційні системи Apple,UL
ULJ,Open source and other operating systems,Відкритий код та інші операційні системи,UL
ULJL,Linux,Лінукс (Linux),ULJ
ULP,Mobile and other handheld operating systems,Мобільні та інші операційні системи портативних пристроїв,UL
ULQ,IBM mainframe operating systems,Операційні системи мейнфреймів IBM,UL
ULR,Real time operating systems,Операційні системи реального часу,UL
UM,Computer programming / software engineering,Комп’ютерне програмування. Інженерія / розроблення програмного забезпечення,U
UMA,Programming techniques,Методи програмування,UM
UMB,Algorithms and data structures,Алгоритми і структури даних,UM
UMC,Compilers and interpreters,Компілятори та інтерпретатори,UM
UMF,Agile programming,Гнучка розробка програмного забезпечення,UM
UMG,Aspect programming / AOP,Аспектно-орієнтоване програмування (АОП),UM
UMH,Extreme programming,Екстремальне програмування,UM
UMJ,Functional programming,Функційне програмування,UM
UMK,Games development and programming,Розроблення і програмування ігор,UM
UMKB,2D graphics: games programming,Комп’ютерна 2D-графіка: програмування ігор,UMK
UMKC,3D graphics: games programming,Комп’ютерна 3D-графіка: програмування ігор,UMK
UMKL,Level design: games programming,Дизайн рівнів: програмування ігор,UMK
UML,Graphics programming,Програмування графіки,UM
UMN,Object-oriented programming (OOP),Об’єктно-орієнтоване програмування (ООП),UM
UMP,Microsoft programming,Програмування Microsoft,UM
UMPN,.NET programming,Програмування .NET,UMP
UMPW,Windows programming,Програмування Windows,UMP
UMQ,Macintosh programming,Програмування Макінтош,UM
UMR,Network programming,Мережеве програмування,UM
UMS,Mobile and handheld device programming / Apps programming,Програмування для мобільних і портативних пристроїв. Програмування додатків,UM
UMT,Database programming,Програмування баз даних,UM
UMW,Web programming,Веб-програмування,UM
UMWS,Web services,Веб-сервіси,UMW
UMX,Programming and scripting languages: general,Мови програмування та скриптові мови: загальні питання,UM
UMZ,Software Engineering,Розроблення програмного забезпечення,UM
UMZL,Unified Modelling Language (UML),Уніфікована мова моделювання (UML),UMZ
UMZT,Software testing and verification,Тестування та верифікація програмного забезпечення,UMZ
UMZW,Object oriented software engineering,Об’єктно-орієнтоване розроблення програмного забезпечення,UMZ
UN,Databases / Data management,Бази даних,U
UNA,Database design and theory,Проектування / дизайн і теорія баз даних,UN
UNAN,NoSQL databases,Бази даних NoSQL,UNA
UNAR,Relational databases,Реляційні бази даних,UNA
UNC,Data capture and analysis,Збирання та аналіз даних,UN
UND,Data warehousing,Сховище даних,UN
UNF,Data mining,Добування даних,UN
UNH,Information retrieval,Інформаційний пошук,UN
UNJ,Object-oriented databases,Об’єктно-орієнтовані бази даних,UN
UNK,Distributed databases,Розподілені бази даних,UN
UNKD,Distributed ledger technology / blockchain,Розподілені програми Леджер (Ledger),UNK
UNKP,Peer-to-peer networks,Однорангові мережі,UNK
UNN,Databases and the Web,Бази даних та веб / інтернет,UN
UNS,Database software,Програмне забезпечення для баз даних,UN
UP,Practical applications of information technology,Практичне застосування інформаційних технологій,U
UQ,Computer certification,Комп’ютерна сертифікація,U
UQF,Computer certification: Microsoft,Комп’ютерна сертифікація: Microsoft,UQ
UQJ,Computer certification: Cisco,Комп’ютерна сертифікація: Cisco,UQ
UQL,Computer certification: ECDL,Комп’ютерна сертифікація: європейські комп’ютерні права (ECDL),UQ
UQR,Computer certification: CompTIA,Комп’ютерна сертифікація: Асоціація галузі інформаційних технологій (CompTIA),UQ
UQT,Computer certification: CLAiT,Комп’ютерна сертифікація: CLAiT (комп’ютерна грамотність та інформаційні технології),UQ
UR,Computer security,Комп’ютерна безпека,U
URD,Privacy and data protection,Конфіденційність та захист даних,UR
URH,Computer fraud and hacking,Комп’ютерне шахрайство і хакерство,UR
URJ,"Computer viruses, Trojans and worms","Комп’ютерні віруси, троянські програми та хробаки",UR
URQ,Firewalls,Мережевий (міжмережевий) екран / брандмауер,UR
URS,Spam,Спам,UR
URW,Spyware,Шпигунський програмний продукт,UR
URY,Data encryption,Шифрування даних,UR
UT,Computer networking and communications,Комп’ютерні мережі та комунікації,U
UTC,Cloud computing,Хмарні обчислення,UT
UTD,Client–Server networking,Клієнт-cерверні мережі / архітектура,UT
UTE,System administration,Системне адміністрування,UT
UTF,Network management,Мережеве управління,UT
UTFB,Computer systems back-up and data recovery,Резервне копіювання (бекап) комп’ютерних систем і відновлення даних,UTF
UTG,Grid computing,Ґрід-обчислення,UT
UTM,Electronic mail (email): professional,Електронна пошта (email): професійне / службове застосування,UT
UTN,Network security,Безпека мережі,UT
UTP,Networking standards and protocols,Мережеві стандарти й протоколи,UT
UTR,Distributed systems / Distributed computing,Розподілені обчислення / системи,UT
UTS,Networking packages,Мережеві пакети,UT
UTV,Virtualization,Віртуалізація,UT
UTW,WAP networking and applications,WAP-мережі та програми,UT
UTX,EDI (electronic data interchange),Електронний обмін даними (EDI),UT
UX,Applied computing,Прикладні обчислення,U
UXA,Digital Humanities / Computer applications in the arts and humanities,Комп’ютерні програми у мистецтві та гуманітарних науках,UX
UXJ,Computer applications in the social and behavioural sciences,Комп’ютерні програми у соціальних науках і біхевіоризмі,UX
UXT,Computer applications in industry and technology,Комп’ютерні програми у промисловості й техніці,UX
UY,Computer science,Комп’ютерна наука / інформатика,U
UYA,Mathematical theory of computation,Математична теорія алгоритмів,UY
UYAM,Maths for computer scientists,Математика для інформатиків,UYA
UYD,Systems analysis and design,Системний аналіз і проектування,UY
UYF,Computer architecture and logic design,Архітектура комп’ютера та логічне програмування,UY
UYFL,Assembly languages,Мови асемблера,UYF
UYFP,Parallel processing,Паралельні обчислення,UYF
UYM,Computer modelling and simulation,Комп’ютерне моделювання,UY
UYQ,Artificial intelligence (AI),Штучний інтелект,UY
UYQD,Artificial general intelligence (AGI),Artificial general intelligence (AGI),UYQ
UYQE,Expert systems / knowledge-based systems,Експертні системи / системи на основі знань,UYQ
UYQF,Generative artificial intelligence / generative AI,Generative artificial intelligence / generative AI,UYQ
UYQL,Natural language and machine translation,Природні мови та машинний (автоматизований) переклад,UYQ
UYQM,Machine learning,Машинне навчання,UYQ
UYQN,Neural networks and fuzzy systems,Нейронні мережі та нечіткі системи,UYQ
UYQP,Pattern recognition,Розпізнавання образів,UYQ
UYQS,Speech recognition,Розпізнавання мовлення,UYQ
UYQV,Computer vision,Комп’ютерний зір / комп’ютерне бачення,UYQ
UYS,Digital signal processing (DSP),Цифрова обробка сигналів (DSP),UY
UYT,Image processing,Обробка зображень,UY
UYU,Audio processing,Обробка звуку,UY
UYV,Virtual reality,Віртуальна реальність,UY
UYW,Augmented reality (AR),Доповнена реальність,UY
UYX,Natural computing / Quantum computing,Квантові обчислення та інформація,UY
UYY,Spatial computing,Spatial computing,UY
UYZ,Human–computer interaction,Взаємодія «людина-комп’ютер»,UY
UYZF,Information visualization,Візуалізація інформації,UYZ
UYZG,User interface design and usability,Дизайн та юзабіліті (використовність / зручність користування) інтерфейсу користувача,UYZ
UYZM,Information architecture,Інформаційна архітектура,UYZ
V,"Health, Relationships and Personal development","Здоров’я, відносини та особистісний розвиток",
VF,Family and health,Сім’я та здоров’я,V
VFB,Personal safety,Особиста безпека,VF
VFD,Popular medicine and health,Популярна медицина і здоров’я,VF
VFDB,Popular medicine and health: the human body,Popular medicine and health: the human body,VFD
VFDB1,Digestive system: health and conditions,Digestive system: health and conditions,VFDB
VFDB2,Respiratory system: health and conditions,Respiratory system: health and conditions,VFDB
VFDF,First aid for the home,Перша медична допомога в домашніх умовах,VFD
VFDJ,Children’s health,Здоров’я дітей,VFD
VFDM,Men’s health,Здоров’я чоловіків,VFD
VFDM1,Prostate health / Testicular health,Prostate health / Testicular health,VFDM
VFDW,Women’s health,Здоров’я жінок,VFD
VFDW1,Menstruation / Menstrual cycle,Menstruation / Menstrual cycle,VFDW
VFDW2,Menopause,Менопауза,VFDW
VFG,Home nursing and caring / Advice for caregivers,Медсестринська допомога і догляд у домашніх умовах,VF
VFJ,"Coping with / advice about personal, social and health topics","Подолання особистих, соціальних та проблем зі здоров’ям",VF
VFJB,Coping with / advice about illness and specific health conditions,Подолання хвороб і специфічних станів здоров’я,VFJ
VFJB1,"Coping with / advice about allergies, including food allergies",Подолання алергії (в тому числі харчової),VFJB
VFJB2,Coping with / advice about the back and back problems,Подолання захворювань спини,VFJB
VFJB3,Coping with / advice about cancer,Подолання раку,VFJB
VFJB31,Coping with / advice about breast cancer,Coping with / advice about breast cancer,VFJB3
VFJB4,Coping with heart conditions / advice about heart and circulatory health,Подолання серцевих захворювань,VFJB
VFJB5,Coping with / advice about diabetes,Подолання діабету,VFJB
VFJB6,Coping with / advice about Alzheimer’s and dementia,Подолання хвороби Альцгеймера та деменції (недоумства),VFJB
VFJB7,Coping with / advice about headaches and migraines,Подолання головного болю та мігрені,VFJB
VFJB9,Coping with / advice about chronic or long-term illness or conditions,Подолання хронічних і тривалих захворювань та станів,VFJB
VFJD,Coping with / advice about physical impairments / disability,Подолання фізичних вад / інвалідності,VFJ
VFJG,Coping with / advice about ageing,Подолання проблем старіння,VFJ
VFJH,Coping with / advice about body image issues or topics,Подолання проблем із зовнішністю,VFJ
VFJJ,Coping with / advice about eating disorders,Подолання харчових розладів,VFJ
VFJK,Coping with / advice about drug and alcohol problems,Подолання наркоманії та алкоголізму,VFJ
VFJL,Coping with / advice about addiction,"Подолання залежностей, шкідливих звичок",VFJ
VFJM,Coping with / advice about abuse,Подолання проблем із зловживанням,VFJ
VFJN,"Coping with / advice about bullying, coercion and harassment","Подолання проблем знущання / цькування / булінгу, примусу / насилля, переслідування",VFJ
VFJP,Coping with / advice about anxiety and phobias,Подолання тривоги та фобій,VFJ
VFJQ,Coping with / advice about mental health issues or topics,Подолання проблем із психічним здоров’ям,VFJ
VFJQ1,Coping with / advice about depression and other mood disorders,Подолання депресії та інших нервових розладів,VFJQ
VFJQ2,Coping with / advice about self-harm,Подолання проблем із самоушкодженням (селфгарм),VFJQ
VFJQ3,Coping with / advice about PTSD and other psychological traumas,Coping with / advice about PTSD and other psychological traumas,VFJQ
VFJR,Coping with / advice about neurodevelopmental issues or topics,Подолання проблем нейророзвитку,VFJ
VFJR1,Coping with / advice about autism spectrum disorder,Подолання аутизму / хвороби Аспергера,VFJR
VFJR2,Coping with / advice about ADHD,Подолання синдрому порушення активності та уваги / синдрому дефіциту уваги з гіперактивністю,VFJR
VFJR3,Coping with / advice about dyslexia and learning difficulties,Подолання дислексії (розладу читання) і складнощів у навчанні,VFJR
VFJR4,Coping with / advice about communication difficulties,Подолання складнощів у спілкуванні,VFJR
VFJS,Coping with / advice about stress and stress-related issues or topics,Подолання стресу,VFJ
VFJT,Coping with / advice about loneliness / solitude,Подолання самотності,VFJ
VFJV,Coping with / advice about sleep problems,Подолання проблем зі сном,VFJ
VFJX,Coping with / advice about death and bereavement,Подолання переживань щодо смерті і втрат,VFJ
VFJX1,Suicide: Coping with / advice about suicidal thoughts and suicide of others,Подолання суїцидальних проявів,VFJX
VFL,Giving up smoking,Відмова від паління,VF
VFM,Fitness and diet,Фітнес і дієта,VF
VFMD,Health: Diets and nutrition,Дієти. Дотримання дієт. Харчування,VFM
VFMG,Exercise and workouts,Вправи і тренування,VFM
VFMG1,Yoga for exercise,Заняття з йоги,VFMG
VFMG2,Weight / strength training,Силові тренування,VFMG
VFMS,Massage,Масаж,VFM
VFV,"Relationships and families: advice, topics and issues",Відносини та сім’ї: поради та проблеми,VF
VFVC,"Sex and sexuality: advice, topics and issues",Секс і сексуальність: поради та проблеми,VFV
VFVG,"Dating, relationships, living together and marriage: advice, topics and issues","Побачення, стосунки, спільне життя та шлюб: поради та проблеми",VFV
VFVG2,"Non-monogamy / Polyamorous relationships: advice, topics and issues","Non-monogamy / Polyamorous relationships: advice, topics and issues",VFVG
VFVJ,"Involuntary childlessness: advice, topics and issues",Мимовільна бездітність: поради та проблеми,VFV
VFVK,"Adoption and fostering: advice, topics and issues",Усиновлення та виховання: поради та проблеми,VFV
VFVM,"Solo / single lifestyles: advice, topics and issues",Одинокий спосіб життя: поради та проблеми,VFV
VFVN,"Relationships: friends / friendship and peer groups: advice, topics and issues",Відносини: друзі / однолітки,VFV
VFVS,"Separation and divorce / Breaking up: advice, topics and issues",Розривання стосунків і розлучення: поради і проблеми,VFV
VFVX,"Intergenerational relationships: advice, topics and issues",Відносини між поколіннями: поради та проблеми,VFV
VFX,"Parenting, parenthood: advice, topics and issues",Батьківство: поради і проблеми,VF
VFXB,"Pregnancy, birth and baby care: advice, topics and issues","Вагітність, народження і догляд за дитиною: поради та проблеми",VFX
VFXB1,Baby names: guides for parents,Імена для дітей: довідники для батьків,VFXB
VFXC,Child care and upbringing: advice for parents,Догляд за дитиною і виховання: поради для батьків,VFX
VFXC1,Teenagers: advice for parents,Підлітки: поради для батьків,VFXC
VS,"Self-help, personal development and practical advice","Самоудосконалення, особистісний розвиток і практичні поради",V
VSA,Practical advice: Life hacks / handy tips,Практичні поради: лайфхаки / корисні підказки,VS
VSB,Personal finance,Особисті фінанси,VS
VSC,Advice on careers and achieving success,Поради щодо кар’єрного розвитку та досягнення успіху,VS
VSCB,Job hunting / changing careers,Пошук роботи. Зміна професії,VSC
VSD,"Law, citizenship and rights for the lay person","Законодавство, громадянство та права громадян",VS
VSF,Roadcraft and driving,Правила дорожнього руху та керування транспортними засобами,VS
VSG,Consumer advice,Консультації для споживачів,VS
VSH,Housing and property for the individual: buying / selling / renting and legal aspects,"Житло і майно фізичних осіб: купівля/продаж, юридичні аспекти",VS
VSK,Advice on education,Консультації з питань освіти,VS
VSKB,Student life,Студентське життя,VSK
VSL,Adult literacy guides and handbooks,Посібники та підручники з грамотності дорослих,VS
VSN,Adult numeracy guides and handbooks,Посібники та підручники з арифметичної грамотності дорослих,VS
VSP,Popular psychology,Популярна психологія,VS
VSPD,Mindfulness,Усвідомленість,VSP
VSPE,Journaling / writing therapy,Journaling / writing therapy,VSP
VSPM,"Assertiveness, motivation, self-esteem and positive mental attitude","Асертивність, впевненість у собі, мотивація, самооцінка та позитивне психологічне ставалення",VSP
VSPP,Personality traits / Personality types,Особистісні риси,VSP
VSPQ,Emotions and emotional intelligence,Emotions and emotional intelligence,VSP
VSPT,Memory improvement and thinking techniques,Поліпшення пам’яті та методи розвитку мислення,VSP
VSPX,Neuro Linguistic Programming (NLP),Нейролінгвістичне програмування (НЛП),VSP
VSR,Retirement,Вихід на пенсію,VS
VSS,Soft skills and dealing with other people,М’які (гнучкі) навички. Навички взаємодії з іншими людьми,VS
VSW,Living and working in other countries: practical advice,Мешкання та робота в інших країнах: практичні поради,VS
VSY,Survivalism / Preparing for emergencies,Виживання. Підготовка до надзвичайних ситуацій,VS
VSZ,Self-sufficiency and sustainable lifestyle(s),Самодостатність та «зелений» спосіб життя,VS
VSZD,"Upcycling / Maintenance, reuse and repair of objects","Upcycling / Maintenance, reuse and repair of objects",VSZ
VSZM,Minimalist lifestyle / Simple living,Minimalist lifestyle / Simple living,VSZ
VX,"Mind, body, spirit","Розум, тіло, дух",V
VXA,"Mind, body, spirit: thought and practice","Розум, тіло, дух: думки та практика",VX
VXF,Fortune-telling and divination,Ворожіння. Передбачення долі,VX
VXFA,Astrology,Астрологія,VXF
VXFA1,Star signs and horoscopes,Знаки зодіака та гороскопи,VXFA
VXFC,Fortune-telling by cards (cartomancy),Ворожіння на картах (картаментія),VXF
VXFC1,Tarot,Таро,VXFC
VXFD,The I Ching,Книга змін,VXF
VXFG,Graphology,Графологія,VXF
VXFJ,Divination from physical attributes,Ворожіння за допомогою фізичних атрибутів,VXF
VXFJ1,"Palmistry, chiromancy","Хіромантія, гадання по руці",VXFJ
VXFJ2,Phrenology and physiognomy,Френологія та фізіогноміка,VXFJ
VXFN,Numerology,Нумерологія,VXF
VXFT,Clairvoyance and precognition,Ясновидіння і передбачення майбутнього,VXF
VXH,"Complementary therapies, healing and health","Нетрадиційні методики лікування, зцілення, оздоровлення",VX
VXHA,Acupuncture,Акупунктура / голковколювання,VXH
VXHC,Aromatherapy and essential oils,Ароматерапія та ефірні олії,VXH
VXHF,Nature therapy,Екотерапія (натуропатія),VXH
VXHH,Homoeopathy,Гомеопатія,VXH
VXHJ,Acupressure / Reflexology / Shiatsu,Рефлексотерапія / рефлексологія,VXH
VXHK,Reiki and energy healing,Рейкі,VXH
VXHN,Naturopathy / naturopathic medicine,Naturopathy / naturopathic medicine,VXH
VXHP,Hypnotherapy,Hypnotherapy,VXH
VXHT,"Cultural and regional medicines, health and healing techniques",Традиційна медицина та рослинні засоби (фітотерапія),VXH
VXHT2,Ayurveda / Ayurvedic medicine,Ayurveda / Ayurvedic medicine,VXHT
VXHT4,Herbal medicine and remedies,Herbal medicine and remedies,VXHT
VXHV,Sound therapies / ASMR,Sound therapies / ASMR,VXH
VXK,Earth energies,Енергії землі,VX
VXM,"Mind, body, spirit: meditation and visualization","Розум, тіло, дух: медитація та візуалізація",VX
VXN,Dreams and their interpretation,Сновидіння та їхнє тлумачення,VX
VXP,Psychic powers and psychic phenomena,Психічні сили та психічні явища,VX
VXPC,Crystals and colour-healing,Кристали і кольоротерапія,VXP
VXPH,"Chakras, auras and spiritual energy","Чакри, аури та духовна енергія",VXP
VXPJ,Astral projection and out-of-body experiences,Астральна проєкція та позатілесні переживання,VXP
VXPR,"The afterlife, reincarnation and past lives","Потойбічне життя, реінкарнація та минулі життя",VXP
VXPS,"Spirit guides, angels and channelling","Духовні провідники, ангели та духовні канали",VXP
VXQ,Unexplained phenomena / the paranormal,Незрозумілі / паранормальні явища,VX
VXQB,UFOs and extraterrestrial beings,НЛО та позаземні істоти,VXQ
VXQG,Ghosts and poltergeists,Привиди та полтергейст,VXQ
VXQM,"Mythical, legendary and supernatural beings, monsters and creatures","Міфічні істоти, монстри та нереальні створіння",VXQ
VXQM1,Mythical creatures: Dragons,Міфічні істоти: дракони,VXQM
VXQM2,"Mythical creatures: Vampires, werewolves and other shapeshifters","Міфічні істоти: вампіри, перевертні тощо",VXQM
VXQM3,Mythical creatures: Zombies and the undead,Міфічні істоти: зомбі та живі мерці,VXQM
VXQM4,"Mythical creatures: Fairies, elves and similar elf-like, fairy-like or magic-like beings or folk","Міфічні істоти: феї, ельфи тощо",VXQM
VXQM5,"Mythical creatures: Daemons, demons and similar spirits or beings","Mythical creatures: Daemons, demons and similar spirits or beings",VXQM
VXQM6,"Mythical creatures: Mermaids, mermen and other water spirits or beings","Mythical creatures: Mermaids, mermen and other water spirits or beings",VXQM
VXT,Sacred geometry / ritual symbols,Sacred geometry / ritual symbols,VX
VXV,Esoteric approaches to living space design and style,Фен-шуй та підходи до дизайну і стилю житлового простору,VX
VXW,"Mysticism, magic and alternative spiritual practices","Містика, магія та окультизм",VX
VXWK,Kabbalah: popular works,Кабала: популярні твори,VXW
VXWM,"Magic, spells and alchemy","Магія, заклинання та алхімія",VXW
VXWS,"Modern paganism, Druidry and earth religions","Шаманство, язичництво та друїдство",VXW
VXWT,Witchcraft and wicca,Чаклунство та вікка,VXW
W,"Lifestyle, Hobbies and Leisure","Спосіб життя, хобі та дозвілля",
WB,Cookery / food and drink / food writing / cookbooks,Кулінарія. Їжа та напої,W
WBA,General cookery and recipes,Загальна кулінарія та рецепти,WB
WBAC,Comfort food and food nostalgia,Зручна їжа. Їжа швидкого приготування. Ностальгія за їжею,WBA
WBB,TV / Celebrity chef / eateries cookbooks,Кулінарні книги відомих / телевізійних шеф-кухарів,WB
WBC,Cooking for one,Готування на одну особу,WB
WBD,Budget cookery,Бюджетна кулінарія,WB
WBF,Quick and easy cookery,Швидке й легке приготування їжі,WB
WBH,Health and wholefood cookery / healthy eating,Приготування здорової їжі. Приготування їжі з натуральних продуктів,WB
WBHS,Cookery for specific diets and conditions,Приготування їжі з дотриманням певних умов і дієт,WBH
WBHS1,Cookery / food for low-fat or low-cholesterol diets,Cookery / food for low-fat or low-cholesterol diets,WBHS
WBHS2,Cookery / food for gluten-free diets,Cookery / food for gluten-free diets,WBHS
WBHS3,Cookery / food for low-carbohydrate diets,Cookery / food for low-carbohydrate diets,WBHS
WBHS4,Cookery / food for high-protein diets,Cookery / food for high-protein diets,WBHS
WBHS5,Cookery / food for low-sugar / sugar-free diets,Cookery / food for low-sugar / sugar-free diets,WBHS
WBHS6,Cookery / food for calorie counting,Cookery / food for calorie counting,WBHS
WBJ,Vegetarian Cookery and vegetarianism,Вегетаріанська кухня. Вегетаріанство,WB
WBJK,Vegan Cookery and veganism,Веганська кухня. Веганство,WBJ
WBK,Organic food / organic cookery,Органічна їжа. Приготування їжі з органічних продуктів. Органічна кулінарія,WB
WBL,Sustainable food / cookery,Sustainable food / cookery,WB
WBN,National and regional cuisine / Cuisine of specific cultures or peoples,Національна та регіональна кухня,WB
WBNB,Street food,Вулична їжа,WBN
WBQ,Cookery for / with children / teenagers,Приготування їжі для дітей / з дітьми. Дитяча кулінарія,WB
WBR,Cooking for parties and special occasions,Приготування їжі для вечірок та особливих подій,WB
WBS,"Cooking with specific gadgets, equipment, utensils or techniques",Приготування їжі за допомогою спеціальних пристроїв,WB
WBSB,Cooking with specific gadgets or techniques: barbecues and grilling,Cooking with specific gadgets or techniques: barbecues and grilling,WBS
WBSC,Cooking with specific gadgets or techniques: air fryers,Cooking with specific gadgets or techniques: air fryers,WBS
WBSD,Cooking with specific gadgets or techniques: slow cooking / cookers,Cooking with specific gadgets or techniques: slow cooking / cookers,WBS
WBT,Cookery / food by ingredient / food groups,Приготування їжі за інгредієнтами,WB
WBTB,Cookery / food by ingredient: meat and game,Приготування їжі за інгредієнтами: м’ясо та дичина,WBT
WBTC,Cookery / food by ingredient: chicken and other poultry,Приготування їжі за інгредієнтами: курка та інша птиця,WBT
WBTF,Cookery / food by ingredient: fish and seafood,Приготування їжі за інгредієнтами: риба та морепродукти,WBT
WBTH,"Cookery / food by ingredient: herbs, spices, oils and vinegars","Приготування їжі за інгредієнтами: трави, спеції, олії, оцет",WBT
WBTJ,"Cookery / food by ingredient: rice, grains, pulses, nuts and seeds","Приготування їжі за інгредієнтами: рис, зернові, бобові, горіхи, насіння",WBT
WBTM,Cookery / food by ingredient: fruit and vegetables,Приготування їжі за інгредієнтами: фрукти й овочі,WBT
WBTP,Cookery / food by ingredient: pasta and noodles,Приготування їжі за інгредієнтами:,WBT
WBTR,"Cookery / food by ingredient: egg, cheese and dairy products","Приготування їжі за інгредієнтами: яйця, сир, молочні продукти",WBT
WBTX,Cookery / food by ingredient: chocolate,Приготування їжі за інгредієнтами: шоколад,WBT
WBV,Cookery dishes and courses / meals,Кулінарні страви,WB
WBVA,Cookery dishes and courses: Breakfast / Brunch,Cookery dishes and courses: Breakfast / Brunch,WBV
WBVD,Cookery dishes and courses: soups and starters,Кулінарні страви: супи та закуски,WBV
WBVG,Cookery dishes and courses: salads and vegetables,Кулінарні страви: салати й овочі,WBV
WBVH,Cookery dishes and courses: sauces,Кулінарні страви: соуси,WBV
WBVM,Cookery dishes and courses: main courses,Кулінарні страви: основні (головні) страви,WBV
WBVQ,Cookery dishes and courses: desserts,Кулінарні страви: десерти,WBV
WBVR,"Cookery dishes and courses: sandwiches, picnics, lunch boxes","Cookery dishes and courses: sandwiches, picnics, lunch boxes",WBV
WBVS,Baking,Випічка,WBV
WBVS1,"Cakes and cake decoration, icing and sugarcraft",Торти. Прикрашання тортів. Глазурування і цукрові прикраси,WBVS
WBVS2,Breads and bread making,Хліб та його приготування,WBVS
WBVS21,Pizzas and pizza making,Pizzas and pizza making,WBVS2
WBW,Cookery: preserving and freezing,Кулінарія: зберігання та заморожування продуктів,WB
WBX,Food and drink: beverages,Їжа та напої: напої,WB
WBXD,Food and drink: alcoholic beverages,Їжа та напої: алкогольні напої,WBX
WBXD1,Wines,Вино,WBXD
WBXD2,Beers and ciders,Пиво та сидр,WBXD
WBXD3,"Spirits, liqueurs and cocktails","Спиртні напої, лікери, коктейлі",WBXD
WBXN,Food and drink: non-alcoholic beverages,Їжа та напої: безалкогольні напої,WBX
WBXN1,Tea and coffee,Чай та кава,WBXN
WBXN12,Tea Ceremony,Чайні церемонії,WBXN1
WBXN3,Juices and smoothies,Соки і смузі,WBXN
WBZ,Cigars and smoking,Сигари та паління,WB
WC,"Antiques, vintage and collectables","Антикваріат, вінтаж та предмети колекціонування",W
WCB,"Antiques, vintage and collectables: buyer’s guides","Антикваріат, вінтаж та предмети колекціонування: довідники покупця",WC
WCC,Care and restoration of antiques,Догляд та реставрація антикваріату,WC
WCF,"Collecting coins, banknotes, medals and other related items","Колекціонування монет, банкнот, медалей та інших подібних предметів",WC
WCG,"Collecting stamps, philately",Колекціонування марок / філателія,WC
WCJ,"Antique clocks, musical boxes and automata","Старовинні годинники, музичні скриньки, автоматони",WC
WCJB,Watches,Годинники,WCJ
WCK,"Militaria, arms and armour","Мілітарія, зброя та обладунки",WC
WCL,Antique or vintage furniture / furniture collecting,Антикварні й вінтажні меблі та їхнє колекціонування,WC
WCN,"Antiques, vintage and collectables: ceramics, glass and other related items","Антикваріат, вінтаж та предмети колекціонування: кераміка, скло тощо",WC
WCNC,"Antiques, vintage and collectables: ceramics, porcelain and pottery","Антикваріат, вінтаж та предмети колекціонування: кераміка, порцеляна і гончарні вироби",WCN
WCNG,"Antiques, vintage and collectables: glass","Антикваріат, вінтаж та предмети колекціонування: скло",WCN
WCP,"Antiques, vintage and collectables: jewellery","Антикваріат, вінтаж та предмети колекціонування: коштовності (ювелірні вироби)",WC
WCR,"Antiques, vintage and collectables: gold, silver and other metals (other than jewellery)","Антикваріат, вінтаж та предмети колекціонування: золото, срібло та інші метали (окрім ювелірних)",WC
WCRB,"Antiques, vintage and collectables: buttons, badges, pins and related small items","Антикваріат, вінтаж та предмети колекціонування: ґудзики, значки, шпильки тощо",WCR
WCS,"Antiques, vintage and collectables: books, manuscripts, ephemera and printed matter","Антикваріат, вінтаж та предмети колекціонування: книги, рукописи, ефемера та стародруки",WC
WCT,"Antiques, vintage and collectables: sports memorabilia","Антикваріат, вінтаж та предмети колекціонування: спортивні пам’ятні речі",WC
WCU,"Antiques, vintage and collectables: pictures, prints and maps","Антикваріат, вінтаж та предмети колекціонування: картини, принти та карти",WC
WCV,"Antiques, vintage and collectables: carpets, rugs and textiles","Антикваріат, вінтаж та предмети колекціонування: килими, килимки та текстиль",WC
WCVB,"Antiques, vintage and collectables: clothing and accessories","Антикваріат, вінтаж та предмети колекціонування: одяг та аксесуари",WCV
WCW,"Antiques, vintage and collectables: toys, games, dolls and models","Антикваріат, вінтаж та предмети колекціонування: іграшки, ігри, ляльки та моделі",WC
WCX,"Antiques, vintage and collectables: instruments, implements and tools","Антикваріат, вінтаж та предмети колекціонування: інструменти та знаряддя праці",WC
WCXM,"Antiques, vintage and collectables: musical instruments","Антикваріат, вінтаж та предмети колекціонування: музичні інструменти",WCX
WCXS,"Antiques, vintage and collectables: scientific instruments","Антикваріат, вінтаж та предмети колекціонування: наукові інструменти",WCX
WD,"Hobbies, quizzes and games","Хобі, ігри та розваги",W
WDH,Hobbies / pastimes,Хобі. Захоплення,WD
WDHB,Model-making and construction,Виготовлення моделей та конструювання,WDH
WDHM,Model railways,Залізничні моделі,WDH
WDHR,Radio-controlled models,Радіокеровані моделі. Моделі з дистанційним управлінням,WDH
WDHW,"Role-playing, war games and fantasy sports","Рольові, стратегічні та фантастичні ігри",WDH
WDJ,3D images and optical illusions,3D-зображення та оптичні ілюзії,WD
WDK,Puzzles and quizzes,"Головоломки, пазли, логічні ігри та вікторини",WD
WDKC,Crosswords and word games,Кросворди та ігри в слова,WDK
WDKN,Sudoku and number puzzles,Судоку та головоломки з числами,WDK
WDKX,Trivia and quiz questions,"Навчальні ігри, вікторини",WDK
WDM,Indoor games,Ігри у приміщеннях,WD
WDMC,Card games,Картярські ігри,WDM
WDMC1,Card games: Bridge,Картярські ігри: Бридж,WDMC
WDMC2,Card games: Poker,Картярські ігри: Покер,WDMC
WDMG,"Board, table top and strategy games","Настільні, стратегічні ігри",WDM
WDMG1,Board games: Chess,Настільні ігри: шахи,WDMG
WDMG2,Board games: Shogi,"Настільні ігри: японські шах (сьо́ґі, шьоґі)",WDMG
WDMG3,Board games: Go,Настільні ігри: ґо,WDMG
WDP,Gambling: theories and methods,Азартні ігри: теорія та методи,WD
WF,"Handicrafts, decorative arts and crafts","Ремесла, декоративно-прикладне мистецтво",W
WFA,"Painting, drawing and art manuals","Посібник з живопису, малювання та мистецтва",WF
WFB,"Needlework, textile and fabric crafts",Рукоділля та шитво,WF
WFBC,Embroidery crafts,Майстерність вишивки,WFB
WFBL,Lace and lacemaking,Мереживо та мережевотворення,WFB
WFBQ,"Quiltmaking, patchwork and appliqué","Виготовлення ковдр, печворк та аплікація",WFB
WFBS,Knitting and crochet,В’язання спицями та в’язання гачком,WFB
WFBS1,Knitting,В’язання спицями,WFBS
WFBS2,Crochet,В’язання гачком,WFBS
WFBV,Fabric dyeing,Фарбування тканини,WFB
WFBW,Sewing,Шиття,WFB
WFC,"Ropework, knots and macramé","Мотузкова техніка, вузли та макраме",WF
WFD,Leather crafts and Leatherworking,Шкіряні промисли та обробка шкіри,WF
WFE,"Quillwork, featherwork","Quillwork, featherwork",WF
WFF,Rug and carpetmaking,Килими та килимарство,WF
WFG,Spinning and weaving,Прядіння та ткацтво,WF
WFH,Toys: making and decorating,Іграшки: виготовлення і декорування,WF
WFJ,"Jewellery, beadwork and beadcrafts",Ювелірні вироби та бісероплетіння,WF
WFK,Decorative finishes and surfaces,Декоративне оздоблення та оздоблювальні поверхні,WF
WFL,"Bamboo, reed and wicker crafts","Bamboo, reed and wicker crafts",WF
WFN,"Pottery, ceramics and glass crafts","Гончарство, кераміка та вироби зі скла",WF
WFP,Decorative metalwork,Декоративні металоконструкції,WF
WFQ,Decorative woodwork,Декоративні вироби з дерева,WF
WFS,"Carving and modelling, moulding and casting","Різблення, ліплення, відливання, лиття",WF
WFT,Book and paper crafts,Художні книжково-паперові ремесла,WF
WFTM,Origami and paper engineering,Оріґамі та паперова техніка,WFT
WFU,Calligraphy and hand-lettering,Каліграфія та написання від руки,WF
WFV,Rural crafts,Сільські ремесла,WF
WFW,Flower arranging and floral crafts,Аранжування квітів та флористика,WF
WFX,"Adult colouring, interactive and activity books or kits",Розмальовки,WF
WFY,Seasonal or festive decorations / gift wrapping,Seasonal or festive decorations / gift wrapping,WF
WG,Transport: general interest,Транспорт: загальні питання,W
WGC,Road and motor vehicles: general interest,Дорожні та моторні транспортні засоби,WG
WGCB,Motor cars: general interest,Автомобілі,WGC
WGCF,"Buses, trams and commercial vehicles: general interest","Автобуси, трамваї та комерційні транспортні засоби",WGC
WGCG,Construction vehicles and heavy equipment,Construction vehicles and heavy equipment,WGC
WGCK,Motorcycles: general interest,Мотоцикли: загальні питання,WGC
WGCQ,"Road and motor vehicles: Camper vans, Recreational vehicles","Дорожні та моторні транспортні засоби: фургони, будинки на колесах",WGC
WGCT,Tractors and farm vehicles: general interest,Трактори та сільськогосподарські машини: загальні питання,WGC
WGCV,Vehicle maintenance and manuals,Посібники з технічного обслуговування автомобіля,WGC
WGD,Bicycles and non-motorised transport: general interest and maintenance,Велосипеди та немоторизований транспорт: загальні питання та технічне обслуговування,WG
WGF,Trains and railways: general interest,Потяги та залізниці: загальні питання,WG
WGFD,Locomotives and rolling stock,Локомотиви та рухомий склад,WGF
WGFL,Urban rail transit systems,Міський залізничний транспорт,WGF
WGG,Ships and boats: general interest,Кораблі та човни: загальні питання,WG
WGGB,Boats,Човни,WGG
WGGD,Ships: Liners and other ocean-going vessels,Кораблі: лайнери та інші океанські судна,WGG
WGGP,Ships and boats: certification and licences,Кораблі та човни: сертифікація та ліцунзії,WGG
WGGV,Boatbuilding and maintenance,Будівництво та обслуговування човнів,WGG
WGM,Aircraft and aviation,Літаки та авіація,WG
WH,Humour,Гумор,W
WHB,Political humour / political satire,Political humour / political satire,WH
WHG,Media tie-in humour,Телевізійний гумор,WH
WHJ,Jokes and riddles,Жарти та загадки,WH
WHL,Slang and dialect humour,Жаргон та діалектний гумор,WH
WHP,Parodies and spoofs: non-fiction,Пародії та плагіат: нехудожня література,WH
WHX,Humour collections and anthologies,Збірники та антології гумору,WH
WJ,Lifestyle and personal style guides,Посібники про спосіб життя і особистий стиль,W
WJF,Fashion and style guides,Посібники з моди і стилю,WJ
WJH,"Cosmetics, hair and beauty","Косметика, волосся та краса",WJ
WJJ,Perfume and incense,Парфуми та пахощі,WJ
WJK,"Interior design, decor and style guides","Посібники з дизайну інтерєру, декору та стилю",WJ
WJS,Shopping guides,Посібники для покупців,WJ
WJW,"Weddings, wedding planners","Весілля, організатори весіль",WJ
WJX,"Parties, etiquette and entertaining","Вечірки, етикет, розваги",WJ
WJXC,Manners: guides and advice,Манери: путівники і поради,WJX
WJXF,Table settings and arts of the table,Сервірування столу та мистецтво застілля,WJX
WJY,Traditional rituals and ceremonies,Традиційні ритуали і обряди,WJ
WK,Home and house maintenance / renovation / building,Будинок та утримання будинку,W
WKD,DIY (Do it yourself): general guides and advice,«Зроби сам» загалом,WK
WKDM,DIY (Do it yourself): house maintenance manuals,«Зроби сам» : довідники по утриманню будинку,WKD
WKDW,DIY: carpentry and woodworking,«Зроби сам» : столярні та деревообробні роботи,WKD
WKH,Household management and home hints,Управління домашнім господарством та побутові підказки,WK
WKR,Home renovation and extension / self-build,Ремонт та реконструкція будинку,WK
WKU,Outdoor and recreational areas: design and maintenance,Зони відпочинку просто неба: проектування та обслуговування,WK
WM,Gardening,Садівництво,W
WMB,"Gardens (descriptions, history etc)","Сади: описи, історія тощо",WM
WMD,Garden design and planning,Дизайн та планування саду,WM
WMF,"Greenhouses, conservatories, patios","Теплиці, зимові сади, внутрішні дворики",WM
WMP,Gardening: plants and cultivation guides,Садівництво: рослини та посібники по їх вирощуванню,WM
WMPC,Gardening: flowers and ornamental plants,Садівництво: квіти та декоративні рослини,WMP
WMPF,Gardening: fruit and vegetables,Садівництво: фрукти та овочі,WMP
WMPS,Gardening: trees and shrubs,Садівництво: дерева та чагарники,WMP
WMPY,Gardening: pests and diseases,Садівництво: шкідники та хвороби,WMP
WMQ,Specialised gardening methods,Спеціалізовані методи садівництва,WM
WMQB,Bonsai,Бонсай,WMQ
WMQF,Organic gardening / Sustainable gardening,Органічне садівництво,WMQ
WMQL,Landscape gardening,Ландшафтне садівництво,WMQ
WMQN,Natural and wild gardening,Природне садівництво. Садівництво дикої природи,WMQ
WMQP,Gardening with native plants,Садівництво з використанням місцевих рослин,WMQ
WMQR,Container gardening,Контейнерне садівництво,WMQ
WMQR1,Indoor gardening,Крите садівництво,WMQR
WMQW,"Water gardens, pools","Водні сади, басейни",WMQ
WMT,Allotments / Community gardens,Наділи / Громадські сади,WM
WN,Nature and the natural world: general interest,Природа і світ природи: загальні питання,W
WNA,Dinosaurs and the prehistoric world: general interest,Динозаври та доісторичний світ: загальні питання,WN
WNC,Wildlife: general interest,Дика природа: загальні питання,WN
WNCB,Wildlife: birds and birdwatching: general interest,Дика природа: птахи та спостереження за птахами,WNC
WNCF,Wildlife: mammals: general interest,Дика природа: ссавці,WNC
WNCK,Wildlife: reptiles and amphibians: general interest,Дика природа: плазуни та земноводні,WNC
WNCN,"Wildlife: butterflies, other insects and spiders: general interest","Дика природа: метелики, інші комахи та павуки",WNC
WNCS,Wildlife: aquatic creatures: general interest,Дика природа: водні істоти,WNC
WNCS1,Sea life and the seashore: general interest,Морське життя та морське узбережжя,WNCS
WNCS2,Freshwater life: general interest,Провінційне життя,WNCS
WND,"The countryside, country life: general interest","Село, сільське життя",WN
WNF,Farm and working animals: general interest,Сільськогосподарські та робочі тварини загалом,WN
WNG,Domestic animals and pets,Домашні тварини,WN
WNGC,Cats as pets,Кішки як домашні тварини,WNG
WNGD,Dogs as pets,Собаки як домашні тварини,WNG
WNGD1,Dog obedience and training,Дресирування собак,WNGD
WNGF,Fishes as pets and aquaria,"Риби як домашні тварини, акваріуми",WNG
WNGH,Horses and ponies: general interest,Коні та поні,WNG
WNGK,"Birds, including cage birds, as pets",Птахи (птахи у клітках) як домашні тварини,WNG
WNGR,Rabbits and rodents as pets,Кролики і гризуни як домашні тварини,WNG
WNGS,Reptiles and amphibians as pets,Рептилії і земноводні як домашні тварини,WNG
WNGX,Insects and spiders as pets,Комахи і павуки як домашні тварини,WNG
WNH,"Zoos, aquariums, safari and wildlife parks",Зоопарки та парки дикої природи (заповідники),WN
WNJ,"National parks, marine parks, wilderness areas and nature reserves",Національні парки і заповідники,WN
WNP,"Trees, wildflowers and plants: general interest","Дерева, польові квіти та рослини загалом",WN
WNPB,Edible wild plants and foraging,Edible wild plants and foraging,WNP
WNR,"Rocks, minerals and fossils: general interest","Гірські породи, мінерали та корисні копалини загалом",WN
WNS,Sounds of the natural world,Sounds of the natural world,WN
WNW,The Earth: natural history: general interest,Земля: природнича історія (витоки),WN
WNWM,Weather and climate: general interest,Погода та клімат,WNW
WNX,Popular astronomy and space,Популярна астрономія і космос,WN
WQ,"Local and family history, nostalgia","Краєзнавство, сімейна історія і ностальгія",W
WQH,Local history,Краєзнавство,WQ
WQN,Nostalgia: general,Ностальгія,WQ
WQP,Places in old photographs,Місцевості на старих фотографіях (світлинах),WQ
WQY,"Family history, tracing ancestors","Сімейна історія, дослідження родоводу",WQ
WT,Travel and holiday,Подорожі і відпочинок,W
WTD,Travel tips and advice: general,Інформація про подорожі і поради мандрівникам,WT
WTH,Travel and holiday guides,Путівники для подорожей і відпочинку,WT
WTHA,Travel guides: adventure holidays,Путівники: пригодницькі канікули,WTH
WTHB,Travel guides: business travel,Путівники: ділові поїздки,WTH
WTHC,Travel guides: eco-tourism / sustainable tourism,"Путівники: екотуризм,«зелений» туризм",WTH
WTHD,Travel guides: food and drink regions,Гастрономічні путівники,WTH
WTHE,Travel guides: activity holidays / active holidays,Путівники : активні канукули,WTH
WTHF,Travel guides: holidays with children / family holidays,Путівники: канікули з дітьми / сімейні канікули,WTH
WTHG,Travel guides: budget travel / independent travel,Путівники: бюджетні подорожі,WTH
WTHH,Travel guides: hotel and holiday accommodation guides,Путівники: готельні номери і житло на час відпустки,WTH
WTHH1,Travel guides: caravan and camp-site guides / camping,Путівники по караванах та кемпінгах (туристичних базах),WTHH
WTHK,Travel guides: beaches and coastal areas / islands,Путівники: пляжі та узбережжя,WTH
WTHL,Travel guides: cities / towns,путівники по містах,WTH
WTHM,"Travel guides: museums, historic sites, galleries etc","Путівники: музеї, історичні місця, галереї тощо",WTH
WTHN,Travel guides: accessible and inclusive tourism,Travel guides: accessible and inclusive tourism,WTH
WTHR,Travel guides: restaurants and cafes,Путівники: ресторани та кафе,WTH
WTHT,Travel guides: theme parks and funfairs,Путівники: тематичні парки та ярмарки,WTH
WTHV,Travel guides: rail travel / railway journeys,Путівники: подорож залізницею,WTH
WTHW,"Travel guides: routes and ways, tracks and trails",Путівники: маршрути та шляхи,WTH
WTHX,Travel guides: cruises and cruising on water,Путівники: круїзи,WTH
WTHY,Travel guides: road travel / road trips,Travel guides: road travel / road trips,WTH
WTK,Language phrasebooks,Мовні розмовники,WT
WTL,Travel writing,Подорожні записки,WT
WTLC,Classic travel writing,Класичні подорожні записки,WTL
WTLP,Expeditions: popular accounts,Експедиції: розповсюджені напрямки,WTL
WTM,Places and peoples: general and pictorial works,Місця та народи: загальні та живописні твори,WT
WTR,Travel maps and atlases,Подорожні карти та атласи,WT
WTRD,Road atlases and maps,Дорожні атласи та карти,WTR
WTRM,Travel and Leisure maps,Подорожні карти,WTR
WTRS,Street maps and city plans or atlases,Карти вулиць та плани міст,WTR
WZ,Stationery and miscellaneous items,Канцтлвари та різні предмети,W
WZG,Gift and novelty books / items,Подарункові книги,WZ
WZP,"Miscellaneous non-book items: Games, puzzles and toys","Miscellaneous non-book items: Games, puzzles and toys",WZ
WZS,Stationery items,Канцтовари,WZ
WZSD,Printed stationery items: Calendars / diaries,Printed stationery items: Calendars / diaries,WZS
WZSJ,Printed stationery items: Thematic / guided journals and notebooks,Тематичні журнали та зошити,WZS
WZSN,Blank stationery items,Набори канцелярських товарів,WZS
WZSP,Stationery items: art and craft supplies,Stationery items: art and craft supplies,WZS
X,"Graphic novels, Comic books, Manga, Cartoons","Графічні романи, комікси, мультфільми",
XA,Graphic novel / Comic book / Manga: styles / traditions,Графічний роман і комікс: види,X
XAB,Graphic novels,Європейські традиційні графічні романи,XA
XAD,European style / tradition comic books,"Європейські традиційні комікси, франко-бельгійські комікси",XA
XADC,Classic European style / tradition comic books,"Європейські комікси: загальні, класичні, для різних вікових груп",XAD
XAK,American style / tradition comic books,Комікси і графічні романи в американському / британському стилі,XA
XAKC,Classic American style / tradition comic books,"Американські комікси: класика, Золотий вік",XAK
XAM,"Manga and other East Asian style / tradition comic books (Manhwa, Manhua, International Manga, etc)",Манга та комікси в азіатському стилі,XA
XAMA,Manga - (Japanese) style / tradition comics,Manga - (Japanese) style / tradition comics,XAM
XAMB,Classic East Asian style / tradition comic books,Classic East Asian style / tradition comic books,XAM
XAMC,Manga: Kodomo (for children),Манга жанру Кодомо,XAM
XAMD,Manhwa - (Korean) style / tradition comics,Manhwa - (Korean) style / tradition comics,XAM
XAME,Manhua - (Chinese) style / tradition comics,Manhua - (Chinese) style / tradition comics,XAM
XAMF,Manga: Shōjo (for teenage girls),Манга жанру Шодзо,XAM
XAMG,Manga: Shōnen (for teenage boys),Манга жанру Сьонен,XAM
XAML,Manga: Seinen (for men),Манга жанру Сейнен,XAM
XAMR,Manga: Josei (for women),Манга жанру Джос (жіночі комікси),XAM
XAMT,Manga: Yaoi (BL / boys’ love),Манга жанру Яой,XAM
XAMV,Manga: Bara (gay manga / Gei Komi),Манга жанру Бара,XAM
XAMX,"Manga: Adult (erotic, extreme violence)","Манга для дорослих (еротичне, екстремальне насильство)",XAM
XAMX2,Manga: Hentai manga,Хентай манга,XAMX
XAMY,Manga: Yuri (GL / girls’ love),Манга жанру Юрі,XAM
XAX,Alternative comic styles / traditions,Alternative comic styles / traditions,XA
XQ,Comics (Graphic novel / Comic book / Manga etc): genres,"Графічний роман, комікс та манга: жанри",X
XQA,"Graphic novel / Comic book / Manga: Memoirs, true stories and non-fiction","Графічний роман / комікс: мемуари, реальні історії та не художня література",XQ
XQAY,Graphic novel / Comic book / Manga: Educational,Графічний роман / комікс/ манга: навчальна література,XQA
XQB,Graphic novel / Comic book / Manga: Literary adaptations,Графічний роман / комікс: літературні переробки,XQ
XQC,Graphic novel / Comic book / Manga: Inspired by or adapted from other media,Адаптовані графічний романи / комікси,XQ
XQD,"Graphic novel / Comic book / Manga: Crime, mystery and thrillers","Графічний роман /комікс: злочин, детектив і трилер",XQ
XQE,Graphic novel / Comic book / Manga: Society / culture,Graphic novel / Comic book / Manga: Society / culture,XQ
XQED,Graphic novel / Comic book / Manga: Idol / celebrity,Graphic novel / Comic book / Manga: Idol / celebrity,XQE
XQF,Graphic novel / Comic book / Manga: Modern and contemporary fiction / literature,Graphic novel / Comic book / Manga: Modern and contemporary fiction / literature,XQ
XQG,Graphic novel / Comic book / Manga: Action and adventure,Графічний роман / комікс: бойовик і пригодницький роман,XQ
XQGW,Graphic novel / Comic book / Manga: Westerns,Графічний роман / комікс: вестерн,XQG
XQH,Graphic novel / Comic book / Manga: Horror / ghost stories / supernatural,Графічний роман / комікс: жахіття,XQ
XQJ,Graphic novel / Comic book / Manga: Sports,Graphic novel / Comic book / Manga: Sports,XQ
XQK,Graphic novel / Comic book / Manga: Superheroes and super-villains,Графічний роман / комікс: супер-герої та супер-лиходії,XQ
XQL,Graphic novel / Comic book / Manga: Science fiction,Графічний роман / комікс: наукова фантастика,XQ
XQLM,Graphic novel / Comic book / Manga: Science fiction: Mecha and robots,Graphic novel / Comic book / Manga: Science fiction: Mecha and robots,XQL
XQM,"Graphic novel / Comic book / Manga: Fantasy, esoteric","Графічний роман / комікс: фентезі, езотерика",XQ
XQMM,Graphic novel / Comic book / Manga: Fantasy: Magical Girl / Magical Boy / Magical Creature,Graphic novel / Comic book / Manga: Fantasy: Magical Girl / Magical Boy / Magical Creature,XQM
XQMP,Graphic novel / Comic book / Manga: Fantasy: Portal fantasy / Isekai / Other worlds,Graphic novel / Comic book / Manga: Fantasy: Portal fantasy / Isekai / Other worlds,XQM
XQN,Graphic novel / Comic book / Manga: Anthropomorphic / animal stories,"Графічний роман / комікс: антропоморфічні образи, історії про тварин",XQ
XQP,"Graphic novel / Comic book / Manga: Cultural heritage and Traditional stories, myths, legends","Graphic novel / Comic book / Manga: Cultural heritage and Traditional stories, myths, legends",XQ
XQQ,Graphic novel / Comic book / Manga: Slice of life,Graphic novel / Comic book / Manga: Slice of life,XQ
XQR,Graphic novel / Comic book / Manga: Romance,Графічний роман / комікс: романтична література,XQ
XQS,Graphic novel / Comic book / Manga: School / college life,Графічний роман / комікс: шкільне життя,XQ
XQT,Graphic novel / Comic book / Manga: Humorous / Funny stories,Графічний роман / комікс: гумористичний,XQ
XQV,Graphic novel / Comic book / Manga: Historical / History,Графічний роман / комікс: історичний,XQ
XQW,"Graphic novel / Comic book / Manga: Religious, spiritual, inspirational","Graphic novel / Comic book / Manga: Religious, spiritual, inspirational",XQ
XQX,Graphic novel / Comic book / Manga: Adult only content,Графічний роман / комікс: дорослий,XQ
XQXE,Graphic novel / Comic book / Manga: Adult – erotic,Графічний роман / комікс: дорослий– еротика,XQX
XQXV,Graphic novel / Comic book / Manga: Adult – extreme violence / gore,Графічний роман / комікс: дорослий – надзвичайне насильство / кров,XQX
XR,"Graphic novel / Comic book / Manga: Reference, guides and reviews",Графічний роман / комікс: путівники та періодика,X
XRM,"Manga and East Asian style / tradition: Reference, guides and reviews",Посібники з манги та періодика,XR
XY,Funny cartoons and comic strips,Карикатури,X
Y,"Children’s, Teenage and Educational","Дитяча, підліткова та освітня література",
YB,"Children’s: picture books, activity books, early learning concepts","Дитяча література: книжки з картинками, зошити, концепції раннього навчання",Y
YBC,Children’s picture books,Дитячі книжки з картинками,YB
YBCB,Baby books,Дитячі книжки для малюків,YBC
YBCH,Picture books: character books,Книжки з картинками: книжки з персонажами,YBC
YBCS,Picture storybooks,Книжки з малюнками,YBC
YBCS1,"Picture storybooks: bedtime stories, sleep and dreams","Книжки з малюнками: оповідання перед сном, казки",YBCS
YBCS2,Picture storybooks: imagination and play,Книжки з малюнками: уява та гра,YBCS
YBD,Children’s / Teenage: Chapter books (transitional storybooks),Дитячі / підліткові книги для перехідного віку,YB
YBG,Children’s interactive and activity books and kits,"Дитячі інтерактивні та навчальні книги, комплекти книг",YB
YBGC,"Children’s interactive and activity: drawing, colouring and painting","Дитяча заняття: малювання, розмальовки та живопис",YBG
YBGH,Children’s interactive and activity: hidden object / search and discover,Дитячі заняття: прихований об’єкт / пошук та виявлення,YBG
YBGS,Children’s interactive and activity: papercrafts,Дитячі заняття: паперові вироби,YBG
YBL,Early years / early learning concepts,Ранній вік: концепції раннього навчання,YB
YBLA,Early years: letters and words,Ранній вік: букви та слова,YBL
YBLB,"Early years: verse, rhymes and wordplay","Ранній вік: вірші, рими та гра слів",YBL
YBLC,Early years: numbers and counting,Ранній вік: цифри та рахування,YBL
YBLD,Early years: colours,Ранній вік: кольори,YBL
YBLF,Early years: opposites,Ранній вік: протилежності,YBL
YBLG,Early years: prewriting skills,Early years: prewriting skills,YBL
YBLH,"Early years: size, shapes and patterns","Ранній вік: розмір, форми та візерунки",YBL
YBLJ,Early years: time and seasons,Ранній вік: час і пори року,YBL
YBLL,Early years: nature and animals,Ранній вік: природа і тварини,YBL
YBLM,Early years: daily routine,Ранній вік: розпорядок дня,YBL
YBLM1,Early years: potty and toilet training,Early years: potty and toilet training,YBLM
YBLN,Early years: first experiences,Ранній вік: перший досвід,YBL
YBLN1,Early years: the body and the senses,Ранній вік: тіло іоргани чуття,YBLN
YBLP,Early years: people who help us,"Ранній вік: люди, які нам допомагають",YBL
YBLQ,Early years: family,Ранній вік: сім’я,YBL
YBLT,Early years: things that go,"Ранній вік: речі, які рухаються",YBL
YD,"Children’s / Teenage poetry, anthologies, annuals","Дитяча / підліткова поезія, антології, щорічники",Y
YDA,Children’s / Teenage: Annuals / yearbooks / almanacs,Дитячі / підліткові книги: щорічники,YD
YDC,Children’s / Teenage: Anthologies,Дитячі / підліткові книги: антології,YD
YDP,Children’s / Teenage: Poetry / poems,Дитячі / підліткові книги: поезія,YD
YF,Children’s / Teenage fiction and true stories,Дитяча / підліткова фантастика та реальні історії,Y
YFA,Children’s / Teenage fiction: Classic fiction,Дитяча / підліткова художня література: класична художня література,YF
YFB,"Children’s / Teenage fiction: General, modern and contemporary fiction",Дитяча / підліткова художня література: загальна художня література,YF
YFC,Children’s / Teenage fiction: Action and adventure stories,Дитяча / підліткова художня література: бойовики та пригодницька література,YF
YFCA,Children’s / Teenage fiction: Interactive adventure stories,Дитяча / підліткова художня література: інтерактивні пригодницькі оповідання,YFC
YFCB,Children’s / Teenage fiction: Thrillers / suspense,Дитяча / підліткова художня література: трилери,YFC
YFCF,Children’s / Teenage fiction: Crime and mystery fiction,Дитяча / підліткова художня література: детектив і кримінальний роман,YFC
YFCW,Children’s / Teenage fiction: Military and war fiction,Дитяча / підліткова художня література: література про війну,YFC
YFD,"Children’s / Teenage fiction: Horror and ghost stories, chillers, or other scary supernatural stories",Дитяча / підліткова художня література: література про жахи і привиди,YF
YFE,"Children’s / Teenage fiction: Speculative, dystopian and utopian fiction","Дитяча / підліткова художня література: фантастика, дистопічна та утопічна фантастика",YF
YFEB,Children’s / Teenage fiction: Apocalyptic and post-apocalyptic stories,Children’s / Teenage fiction: Apocalyptic and post-apocalyptic stories,YFE
YFF,Children’s / Teenage fiction: Superhero stories,Children’s / Teenage fiction: Superhero stories,YF
YFG,Children’s / Teenage fiction: Science fiction,Дитяча / підліткова художня література: наукова фантастика,YF
YFGR,Children’s / Teenage fiction: Space opera,Children’s / Teenage fiction: Space opera,YFG
YFGS,Children’s / Teenage fiction: Steampunk,Дитяча / підліткова художня література: стімпанк,YFG
YFH,Children’s / Teenage fiction: Fantasy,Дитяча / підліткова художня література: фентезі,YF
YFHB,Children’s / Teenage fiction: Epic fantasy / heroic fantasy,Children’s / Teenage fiction: Epic fantasy / heroic fantasy,YFH
YFHD,Children’s / Teenage fiction: Magical realism / Magical fantasy,Дитяча / підліткова художня література: магічний реалізм,YFH
YFHG,Children’s / Teenage fiction: Mythic fantasy / Myths and Legends fiction,Children’s / Teenage fiction: Mythic fantasy / Myths and Legends fiction,YFH
YFHH,Children’s / Teenage fiction: Historical fantasy,Children’s / Teenage fiction: Historical fantasy,YFH
YFHK,Children’s / Teenage fiction: Comic (humorous) fantasy,Children’s / Teenage fiction: Comic (humorous) fantasy,YFH
YFHR,Children’s / Teenage fiction: Fantasy romance,Дитяча / підліткова художня література: романтичне фентезі,YFH
YFHT,Children’s / Teenage fiction: Dark fantasy,Children’s / Teenage fiction: Dark fantasy,YFH
YFHW,Children’s / Teenage fiction: Contemporary and urban fantasy,Children’s / Teenage fiction: Contemporary and urban fantasy,YFH
YFJ,Children’s / Teenage fiction and true stories: Cultural heritage / traditional stories,Дитяча / підліткова художня література: традиційні оповідання,YF
YFJB,Children’s / Teenage fiction and stories: Folk and Fairy tales,Children’s / Teenage fiction and stories: Folk and Fairy tales,YFJ
YFJH,Children’s / Teenage fiction and stories: Trickster tales,Children’s / Teenage fiction and stories: Trickster tales,YFJ
YFJK,"Children’s / Teenage fiction and stories: Creation, founding, origin stories","Children’s / Teenage fiction and stories: Creation, founding, origin stories",YFJ
YFJM,Children’s / Teenage fiction and stories: Teaching stories,Children’s / Teenage fiction and stories: Teaching stories,YFJ
YFK,Children’s / Teenage fiction: Religious and spiritual stories,Дитяча / підліткова художня література: релігійна література,YF
YFM,Children’s / Teenage fiction: Relationship stories,"Дитяча / підліткова художня література: література про стосунки: романтика, любов, дружба",YF
YFMF,Children’s / Teenage fiction: Friendship stories,Children’s / Teenage fiction: Friendship stories,YFM
YFMR,Children’s / Teenage fiction: Romance and love stories,Children’s / Teenage fiction: Romance and love stories,YFM
YFN,Children’s / Teenage fiction: Family and home stories,Дитяча / підліткова література: сімейні саги,YF
YFP,Children’s / Teenage fiction: Nature and animal stories,Дитяча / підліткова література: література про природу та тваринний світ,YF
YFQ,Children’s / Teenage fiction: Humorous stories,Дитяча / підліткова література: гумор,YF
YFR,Children’s / Teenage fiction: Sporting stories,Дитяча / підліткова література: література про спорт,YF
YFS,Children’s / Teenage fiction: School stories,Дитяча / підліткова література: література про шкільне життя,YF
YFT,Children’s / Teenage fiction: Historical fiction,Дитяча / підліткова література: історична література,YF
YFU,Children’s / Teenage fiction: Short stories,Дитяча / підліткова література: коротка проза,YF
YFV,Children’s / Teenage fiction: Stories in verse,Дитяча / підліткова література: віршована проза,YF
YFX,Children’s / Teenage fiction: Biographical fiction / autobiographical stories,Дитяча / підліткова література: Біографічна художня література,YF
YFY,Children’s / Teenage fiction: True stories told as fiction,Дитяча / підліткова література: справжні історії як вигадка,YF
YFZ,Children’s / Teenage fiction / Literature / Comics / Graphic novels: Special features and related items,Дитяча / підліткова література: особливості і додаткові теми,YF
YFZC,Children’s / Teenage fiction: Advent calendar stories,Children’s / Teenage fiction: Advent calendar stories,YFZ
YFZD,Children’s / Teenage fiction: stories as diaries / journals / letters,Children’s / Teenage fiction: stories as diaries / journals / letters,YFZ
YFZH,Children’s / Teenage fiction: retellings,Children’s / Teenage fiction: retellings,YFZ
YFZR,Children’s / Teenage fiction: category / serialised stories,Жанри художньої літератури для дітей і підлітків,YFZ
YFZS,Children’s / Teenage fiction: Ranobe (‘light novels’),Дитяча / підліткова художня література: ранобе («легкі» романи),YFZ
YFZT,Children’s / Teenage fiction: Stories in translation,Перекладна художня дитяча і підліткова література,YFZ
YFZV,Children’s / Teenage fiction: Stories Inspired by or adapted from other media,Адаптована дитяча/підліткова художня література,YFZ
YFZW,Children’s / Teenage fiction: Game-related / LitRPG stories,Children’s / Teenage fiction: Game-related / LitRPG stories,YFZ
YFZZ,Children’s / Teenage fiction: Companion works,Дитяча / підліткова художня література: Довідкові твори,YFZ
YN,Children’s / Teenage: General interest,Загальні зацікавлення дітей/підлітків,Y
YNA,Children’s / Teenage general interest: Art and artists,Загальні зацікавлення дітей/підлітків: Мистецтво і художники,YN
YNB,Children’s / Teenage general interest: Biography and autobiography,Загальні зацікавлення дітей/підлітків: Біографії та автобіографії,YN
YNC,Children’s / Teenage general interest: Music and musicians,Загальні зацікавлення дітей/підлітків: Музика,YN
YNCB,Children’s / Teenage general interest: Musical instruments,Children’s / Teenage general interest: Musical instruments,YNC
YNCS,Children’s / Teenage general interest: Songbooks / singing,Пісенники для дітей,YNC
YND,Children’s / Teenage general interest: Drama and performing arts,Загальні зацікавлення дітей/підлітків: Драма та вистави,YN
YNDB,"Children’s / Teenage general interest: Dance, ballet","Загальні зацікавлення дітей/підлітків: Танець, балет",YND
YNDS,Children’s / Teenage general interest: Playscripts,Загальні зацікавлення дітей/підлітків: Сценарії,YND
YNF,"Children’s / Teenage general interest: Television, video and film","Загальні зацікавлення дітей/підлітків: Телебачення, відео та кіно",YN
YNG,Children’s / Teenage general interest: General knowledge and interesting facts,Загальні зацікавлення дітей/підлітків: Пізнання та цікаві факти,YN
YNGL,Children’s / Teenage general interest: Information resources,Загальні зацікавлення дітей/підлітків: Інформаційні ресурси,YNG
YNH,Children’s / Teenage general interest: History and the past,Загальні зацікавлення дітей/підлітків: Історія і минувшина,YN
YNHA,Children’s / Teenage general interest: Adventurers and outlaws,Загальні зацікавлення дітей/підлітків: Авантюристи,YNH
YNHA1,Children’s / Teenage general interest: Pirates,Загальні зацікавлення дітей/підлітків: Пірати,YNHA
YNHD,Children’s / Teenage general interest: Discovery and exploration,Загальні зацікавлення дітей/підлітків: Відкриття та дослідження,YNH
YNHP,Children’s / Teenage general interest: Lives of children in the past,Загальні зацікавлення дітей/підлітків: Життя дітей у минулому,YNH
YNJ,"Children’s / Teenage general interest: Warfare, battles, armed forces","Загальні зацікавлення дітей/підлітків: Війна, битви, збройні сили",YN
YNJC,Children’s / Teenage general interest: Castles and knights,Загальні зацікавлення дітей/підлітків: Замки та лицарі,YNJ
YNK,"Children’s / Teenage general interest: Work, politics and society",Загальні зацікавлення дітей/підлітків: Праця та суспільство,YN
YNKA,Children’s / Teenage general interest: Politics and government,Загальні зацікавлення дітей/підлітків: Політика,YNK
YNKC,"Children’s / Teenage general interest: Law, police and crime","Загальні зацікавлення дітей/підлітків: Закон, поліція та злочинність",YNK
YNKG,Children’s / Teenage general interest: Medical and emergency services,Children’s / Teenage general interest: Medical and emergency services,YNK
YNL,"Children’s / Teenage general interest: Literature, books and writers","Загальні зацікавлення дітей/підлітків: Література, книги та письменники",YN
YNM,"Children’s / Teenage general interest: Communities, places and peoples",Загальні зацікавлення дітей/підлітків: Місцевості та народи,YN
YNMC,"Children’s / Teenage general interest: Countries, places, cultures and national identity","Загальні зацікавлення дітей/підлітків: Країни, культури та національна ідентичність",YNM
YNMD,"Children’s / Teenage general interest: Celebrations, holidays, festivals and special events","Загальні зацікавлення дітей/підлітків: Святкування, свята, фестивалі та інші особливі заходи",YNM
YNMF,Children’s / Teenage general interest: Girls and women,Загальні зацікавлення дітей/підлітків: Дівчата та жінки,YNM
YNMH,Children’s / Teenage general interest: Boys and men,Загальні зацікавлення дітей/підлітків: Хлопці та чоловіки,YNM
YNMK,Children’s / Teenage general interest: City and town life,Загальні зацікавлення дітей/підлітків: Міське життя,YNM
YNML,Children’s / Teenage general interest: Rural and farm life,Загальні зацікавлення дітей/підлітків: Сільське і життя на фермі,YNM
YNMP,Children’s / Teenage general interest: Home and daily life,Children’s / Teenage general interest: Home and daily life,YNM
YNMR,Children’s / Teenage general interest: Indigenous reserve or reservation life,Children’s / Teenage general interest: Indigenous reserve or reservation life,YNM
YNMW,"Children’s / Teenage general interest: Queens, kings, princesses, princes etc","Загальні зацікавлення дітей/підлітків: Королеви, королі, принцеси і принси",YNM
YNN,"Children’s / Teenage general interest: Nature, animals, the natural world","Загальні зацікавлення дітей/підлітків: Природа, тварини, світ природи",YN
YNNA,Children’s / Teenage general interest: Dinosaurs and prehistoric world,Загальні зацікавлення дітей/підлітків: Динозаври та доісторичний світ,YNN
YNNB,Children’s / Teenage general interest: Wildlife and habitats,Загальні зацікавлення дітей/підлітків: Дика природа та місця проживання,YNN
YNNB1,Children’s / Teenage general interest: Wildlife and habitats: Oceans and seas,Загальні зацікавлення дітей/підлітків: Дика природа та місця проживання: Океани та моря,YNNB
YNNB2,Children’s / Teenage general interest: Wildlife and habitats: Jungles and tropical forests,Загальні зацікавлення дітей/підлітків: Дика природа та місця проживання: Джунглі та тропічні ліси,YNNB
YNNB3,Children’s / Teenage general interest: Wildlife and habitats: Deserts,Загальні зацікавлення дітей/підлітків: Дика природа та місця проживання: Пустелі,YNNB
YNNB4,Children’s / Teenage general interest: Wildlife and habitats: Woodlands and forests,Children’s / Teenage general interest: Wildlife and habitats: Woodlands and forests,YNNB
YNNB5,Children’s / Teenage general interest: Wildlife and habitats: Savannas and grasslands,Children’s / Teenage general interest: Wildlife and habitats: Savannas and grasslands,YNNB
YNNB9,"Children’s / Teenage general interest: Wildlife and habitats: Ice, snow and tundra","Загальні зацікавлення дітей/підлітків: Дика природа та місця проживання: Лід, сніг, тундра",YNNB
YNNC,Children’s / Teenage general interest: Ecosystems,Загальні зацікавлення дітей/підлітків: Екосистеми,YNN
YNND,Children’s / Teenage general interest: Sounds of nature and the natural world,Children’s / Teenage general interest: Sounds of nature and the natural world,YNN
YNNF,Children’s / Teenage general interest: Farm animals,Загальні зацікавлення дітей/підлітків: Сільськогосподарські тварини,YNN
YNNH,Children’s / Teenage general interest: Pets and pet care,Загальні зацікавлення дітей/підлітків: Домашні тварини та догляд за домашніми тваринами,YNN
YNNH1,Children’s / Teenage general interest: Pets and pet care: Dogs,Загальні зацікавлення дітей/підлітків: Собаки,YNNH
YNNH2,Children’s / Teenage general interest: Pets and pet care: Cats,Загальні зацікавлення дітей/підлітків: Домашні тварини та догляд за домашніми тваринами: Коти,YNNH
YNNH3,Children’s / Teenage general interest: Pets and pet care: Rabbits and rodents,Загальні зацікавлення дітей/підлітків: Домашні тварини та догляд за домашніми тваринами: Кролики та гризуни,YNNH
YNNH4,Children’s / Teenage general interest: Pets and pet care: Horses and ponies,Загальні зацікавлення дітей/підлітків: Домашні тварини та догляд за домашніми тваринами: Коні та поні,YNNH
YNNH5,Children’s / Teenage general interest: Pets and pet care: Birds,Загальні зацікавлення дітей/підлітків: Домашні тварини та догляд за домашніми тваринами: Птахи,YNNH
YNNJ,Children’s / Teenage general interest: Mammals,Загальні зацікавлення дітей/підлітків: Ссавці,YNN
YNNJ1,Children’s / Teenage general interest: Freshwater and marine mammals,Загальні зацікавлення дітей/підлітків: Прісноводні та морські ссавці,YNNJ
YNNJ14,"Children’s / Teenage general interest: Whales, dolphins and porpoises","Загальні зацікавлення дітей/підлітків: Кити, дельфіни та морські свині",YNNJ1
YNNJ2,Children’s / Teenage general interest: Large land mammals,Загальні зацікавлення дітей/підлітків: Великі наземні ссавці,YNNJ
YNNJ21,Children’s / Teenage general interest: Dogs and wolves,Загальні зацікавлення дітей/підлітків: Собаки та вовки,YNNJ2
YNNJ22,Children’s / Teenage general interest: Cats including big cats,"Загальні зацікавлення дітей/підлітків: Кішки, включаючи великих котів",YNNJ2
YNNJ23,Children’s / Teenage general interest: Bears,Загальні зацікавлення дітей/підлітків: Ведмеді,YNNJ2
YNNJ24,"Children’s / Teenage general interest: Ponies, horses and related animals",Загальні зацікавлення дітей/підлітків: Поні та коні,YNNJ2
YNNJ25,Children’s / Teenage general interest: Cows and cattle,Загальні зацікавлення дітей/підлітків: Корови та велика рогата худоба,YNNJ2
YNNJ26,"Children’s / Teenage general interest: Pigs, hogs and boars","Загальні зацікавлення дітей/підлітків: Дикі і свійські свині, кабани",YNNJ2
YNNJ27,Children’s / Teenage general interest: Sheep and goats,Загальні зацікавлення дітей/підлітків: Вівці та кози,YNNJ2
YNNJ28,"Children’s / Teenage general interest: Deer, moose, reindeers","Children’s / Teenage general interest: Deer, moose, reindeers",YNNJ2
YNNJ29,"Children’s / Teenage general interest: Apes, monkeys and lemurs","Загальні зацікавлення дітей/підлітків: Мавпи, людиноподібні мавпи та лемури",YNNJ2
YNNJ3,Children’s / Teenage general interest: Small land mammals,Загальні зацікавлення дітей/підлітків: Дрібні наземні ссавці,YNNJ
YNNJ31,Children’s / Teenage general interest: Rodents and rabbits,Загальні зацікавлення дітей/підлітків: Гризуни та кролики,YNNJ3
YNNJ9,"Children’s / Teenage general interest: Marsupials, platypuses and echidnas","Загальні зацікавлення дітей/підлітків: Сумчасті, качкодзьоби та єхидни",YNNJ
YNNK,Children’s / Teenage general interest: Birds,Загальні зацікавлення дітей/підлітків: Птахи,YNN
YNNL,"Children’s / Teenage general interest: Insects, spiders, minibeasts","Загальні зацікавлення дітей/підлітків: Комахи, павуки та мінізвірі (членистоногі)",YNN
YNNM,Children’s / Teenage general interest: Reptiles and amphibians,Загальні зацікавлення дітей/підлітків: Рептилії та земноводні,YNN
YNNS,Children’s / Teenage general interest: Fish and marine life,Загальні зацікавлення дітей/підлітків: Риби та морське життя,YNN
YNNT,Children’s / Teenage general interest: Plants and trees,Загальні зацікавлення дітей/підлітків: Рослини та дерева,YNN
YNNV,Children’s / Teenage general interest: Physical world,"Загальні зацікавлення дітей/підлітків: Скелі, погода і фізичний світ",YNN
YNNV1,Children’s / Teenage general interest: Rocks and minerals,Children’s / Teenage general interest: Rocks and minerals,YNNV
YNNV2,Children’s / Teenage general interest: Weather and climate,Children’s / Teenage general interest: Weather and climate,YNNV
YNNZ,"Children’s / Teenage general interest: Space, stars and the solar system","Загальні зацікавлення дітей/підлітків: Космос, зірки та сонячна система",YNN
YNP,Children’s / Teenage general interest: Practical interests,Загальні зацікавлення дітей/підлітків: Практичні заняття,YN
YNPB,"Children’s / Teenage general interest: Practical art, drawing, painting, photography","Children’s / Teenage general interest: Practical art, drawing, painting, photography",YNP
YNPC,Children’s / Teenage general interest: Cooking and food,Загальні зацікавлення дітей/підлітків: Кулінарія та їжа,YNP
YNPG,Children’s / Teenage general interest: Gardening,Загальні зацікавлення дітей/підлітків: Садівництво,YNP
YNPH,Children’s / Teenage general interest: Handicrafts,Загальні зацікавлення дітей/підлітків: Рукоділля,YNP
YNPH1,"Children’s / Teenage general interest: Woodworking, model-making","Загальні зацікавлення дітей/підлітків: Деревообробка, моделювання",YNPH
YNPH2,Children’s / Teenage general interest: Needlecraft and fabric crafts,Загальні зацікавлення дітей/підлітків: Рукоділля і вироби з тканини,YNPH
YNPJ,Children’s / Teenage general interest: Clothing and fashion,Загальні зацікавлення дітей/підлітків: Одяг і мода,YNP
YNPK,Children’s / Teenage general interest: Money,Загальні зацікавлення дітей/підлітків: Гроші,YNP
YNQ,"Children’s / Teenage general interest: Youth clubs, societies, groups and organisations","Загальні зацікавлення дітей/підлітків:Молодіжні клуби, спільноти, групи таорганізації",YN
YNR,"Children’s / Teenage general interest: Philosophy, Religion and beliefs","Загальні зацікавлення дітей/підлітків: Філософія, релігія та вірування",YN
YNRA,Children’s / Teenage general interest: Philosophy,Загальні зацікавлення дітей/підлітків: Філософія,YNR
YNRD,Children’s / Teenage general interest: Hinduism,Загальні зацікавлення дітей/підлітків: Індуїзм,YNR
YNRE,Children’s / Teenage general interest: Sikhism,Children’s / Teenage general interest: Sikhism,YNR
YNRF,Children’s / Teenage general interest: Buddhism,Загальні зацікавлення дітей/підлітків: Буддизм,YNR
YNRG,Children’s / Teenage general interest: Shintoism,Children’s / Teenage general interest: Shintoism,YNR
YNRH,Children’s / Teenage general interest: Taoism,Children’s / Teenage general interest: Taoism,YNR
YNRJ,Children’s / Teenage general interest: Judaism,Загальні зацікавлення дітей/підлітків: Юдаїзм,YNR
YNRM,Children’s / Teenage general interest: Christianity,Загальні зацікавлення дітей/підлітків: Християнство,YNR
YNRP,Children’s / Teenage general interest: Islam,Загальні зацікавлення дітей/підлітків: Іслам,YNR
YNRR,"Children’s / Teenage general interest: Spiritual beliefs, religions, sacred histories and traditions of specific cultures or groups",Загальні зацікавлення дітей/підлітків: Інші релігії та духовні традиції,YNR
YNRU,"Children’s / Teenage general interest: Ancient religions, Mythology and legends","Загальні зацікавлення дітей/підлітків: Стародавні релігії, міфологія та легенди",YNR
YNRX,"Children’s / Teenage general interest: Religious texts, prayers and devotional material","Загальні зацікавлення дітей/підлітків: Релігійні тексти, молитви та проповіді",YNR
YNRY,"Children’s / Teenage general interest: Stories taken from sacred texts, sacred histories or religious traditions","Children’s / Teenage general interest: Stories taken from sacred texts, sacred histories or religious traditions",YNR
YNT,Children’s / Teenage general interest: Science and technology,Загальні зацікавлення дітей/підлітків: Наука і техніка,YN
YNTA,Children’s / Teenage general interest: Science: The human body,Загальні зацікавлення дітей/підлітків: Наука: людське тіло,YNT
YNTC,Children’s / Teenage general interest: Computing and Information Technology,Загальні зацікавлення дітей/підлітків: Обчислювальна техніка та інформаційні технології,YNT
YNTC1,Children’s / Teenage general interest: Programming and scripting languages,Загальні зацікавлення дітей/підлітків: Програмування та мови програмування,YNTC
YNTC2,Children’s / Teenage general interest: Social media,Загальні зацікавлення дітей/підлітків: Соціальні мережі,YNTC
YNTD,"Children’s / Teenage general interest: Inventors, inventions and experiments","Загальні зацікавлення дітей/підлітків: Винахідники, винаходи та експерименти",YNT
YNTE,"Children’s / Teenage general interest: Science: Motion, sound, light, energy","Children’s / Teenage general interest: Science: Motion, sound, light, energy",YNT
YNTF,"Children’s / Teenage general interest: Science: the Elements, crystals, chemistry experiments","Children’s / Teenage general interest: Science: the Elements, crystals, chemistry experiments",YNT
YNTG,Children’s / Teenage general interest: Machines and how things work,Загальні зацікавлення дітей/підлітків: Техніка та принципи її роботи,YNT
YNTM,Children’s / Teenage general interest: Mathematics and numbers,Загальні зацікавлення дітей/підлітків: Математика та цифри,YNT
YNTP,"Children’s / Teenage general interest: Architecture, buildings and construction",Загальні зацікавлення дітей/підлітків: Будинки та будівництво,YNT
YNTR,Children’s / Teenage general interest: Transport and vehicles,Загальні зацікавлення дітей/підлітків: Транспорт і транспортні засоби,YNT
YNTT,Children’s / Teenage general interest: Time travel / Time slip,Загальні зацікавлення дітей/підлітків: Подорож у часі,YNT
YNU,Children’s / Teenage general interest: Humour and jokes,Загальні зацікавлення дітей/підлітків: Гумор і жарти,YN
YNUC,Children’s / Teenage general interest: Humour: Funny cartoons and comic strips,Загальні зацікавлення дітей/підлітків: Мультфільми і комікси,YNU
YNV,"Children’s / Teenage general interest: Hobbies, quizzes, toys and games","Загальні зацікавлення дітей/підлітків: Хобі, вікторини, іграшки та ігри",YN
YNVD,Children’s / Teenage general interest: Toys,Загальні зацікавлення дітей/підлітків: Іграшки,YNV
YNVD1,"Children’s / Teenage general interest: Dolls, figures and similar toys","Загальні зацікавлення дітей/підлітків: Ляльки, фігурки та подібні іграшки",YNVD
YNVD2,Children’s / Teenage general interest: Stuffed or soft toys,Загальні зацікавлення дітей/підлітків: М’які іграшки,YNVD
YNVD3,"Children’s / Teenage general interest: Building bricks, blocks and construction toys","Загальні зацікавлення дітей/підлітків: Будівельна цегла, блоки і будівельні іграшки",YNVD
YNVM,Children’s / Teenage general interest: Games,Загальні зацікавлення дітей/підлітків: Ігри,YNV
YNVP,Children’s / Teenage general interest: Puzzles and quizzes,Загальні зацікавлення дітей/підлітків: Головоломки та вікторини,YNV
YNVU,Children’s / Teenage general interest: Computer and video games,Загальні зацікавлення дітей/підлітків: Комп’ютерні та відеоігри,YNV
YNW,Children’s / Teenage general interest: Sports and outdoor recreation,Загальні зацікавлення дітей/підлітків: Спорт та відпочинок на природі,YN
YNWA,Children’s / Teenage general interest: Sporting events,Children’s / Teenage general interest: Sporting events,YNW
YNWD,Children’s / Teenage general interest: Ball games and sports,Загальні зацікавлення дітей/підлітків: Ігри з м’ячем та спорт,YNW
YNWD1,Children’s / Teenage general interest: Ball games and sports: Association football (Soccer),Загальні зацікавлення дітей/підлітків: Ігри з м’ячем та спорт: Асоціація футболу (футбол),YNWD
YNWD2,Children’s / Teenage general interest: Ball games and sports: American Football,Загальні зацікавлення дітей/підлітків: Ігри з м’ячем та спорт: Американський футбол,YNWD
YNWD3,Children’s / Teenage general interest: Ball games and sports: Baseball and Softball,Загальні зацікавлення дітей/підлітків: Ігри з м’ячем та спорт: Бейсбол та софтбол,YNWD
YNWD4,Children’s / Teenage general interest: Ball games and sports: Basketball,Загальні зацікавлення дітей/підлітків: Ігри з м’ячем та спорт: Баскетбол,YNWD
YNWD5,Children’s / Teenage general interest: Ball games and sports: Cricket,Загальні зацікавлення дітей/підлітків: Ігри з м’ячем та спорт: Крикет,YNWD
YNWD6,Children’s / Teenage general interest: Ball games and sports: Volleyball,Загальні зацікавлення дітей/підлітків: Ігри з м’ячем та спорт: Волейбол,YNWD
YNWD7,Children’s / Teenage general interest: Ball games and sports: Rugby,Загальні зацікавлення дітей/підлітків: Ігри з м’ячем та спорт: Регбі,YNWD
YNWD8,Children’s / Teenage general interest: Ball games and sports: Handball,Загальні зацікавлення дітей/підлітків: Ігри з м’ячем та спорт: Гандбол,YNWD
YNWG,Children’s / Teenage general interest: Athletics and gymnastics,Загальні зацікавлення дітей/підлітків: Легка атлетика та гімнастика,YNW
YNWJ,Children’s / Teenage general interest: Martial arts,Children’s / Teenage general interest: Martial arts,YNW
YNWK,Children’s / Teenage general interest: Tennis and other racket sports,Children’s / Teenage general interest: Tennis and other racket sports,YNW
YNWM,Children’s / Teenage general interest: Winter sports,Загальні зацікавлення дітей/підлітків: Зимові види спорту,YNW
YNWM1,Children’s / Teenage general interest: Winter sports: Skiing,Загальні зацікавлення дітей/підлітків: Зимові види спорту: катання на лижах,YNWM
YNWM2,Children’s / Teenage general interest: Winter sports: Ice hockey,Загальні зацікавлення дітей/підлітків: Зимові види спорту: хокей,YNWM
YNWP,Children’s / Teenage general interest: Camping and active outdoor pursuits,Children’s / Teenage general interest: Camping and active outdoor pursuits,YNW
YNWT,Children’s / Teenage general interest: Vehicle sports,Children’s / Teenage general interest: Vehicle sports,YNW
YNWW,"Children’s / Teenage general interest: Swimming and boat, paddle and other water sports and activities",Загальні зацікавлення дітей/підлітків: Плавання та водні види спорту,YNW
YNWY,"Children’s / Teenage general interest: Cycling, rollerskating and skateboarding","Загальні зацікавлення дітей/підлітків: Велоспорт, катання на роликових ковзанах та скейтборді",YNW
YNWZ,Children’s / Teenage general interest: Sports teams and clubs,Загальні зацікавлення дітей/підлітків: Спортивні команди та клуби,YNW
YNX,Children’s / Teenage general interest: Mysteries and the unexplained,Загальні зацікавлення дітей/підлітків: Загадки та незрозумілі речі,YN
YNXB,Children’s / Teenage general interest: Supernatural and mythological creatures,Загальні зацікавлення дітей/підлітків: Надприродні та міфологічні істоти,YNX
YNXB1,Children’s / Teenage general interest: Dragons,Загальні зацікавлення дітей/підлітків: Дракони,YNXB
YNXB2,"Children’s / Teenage general interest: Vampires, werewolves and shapeshifters","Загальні зацікавлення дітей/підлітків: Вампіри, перевертні та перевтілені істоти",YNXB
YNXB3,"Children’s / Teenage general interest: Zombies, ghosts and the undead","Загальні зацікавлення дітей/підлітків: Зомбі, привиди та мертвяки",YNXB
YNXB4,"Children’s / Teenage general interest: Fairies, elves, or similar magic-like beings or folk","Загальні зацікавлення дітей/підлітків: Феї, ельфи тощо",YNXB
YNXB5,Children’s / Teenage general interest: Unicorns,Загальні зацікавлення дітей/підлітків: Єдинороги,YNXB
YNXB6,Children’s / Teenage general interest: Mermaids / mermen / merfolk,Загальні зацікавлення дітей/підлітків: Русалки/Мерфолк,YNXB
YNXB7,"Children’s / Teenage general interest: Giants, trolls and other mythical humanoids","Children’s / Teenage general interest: Giants, trolls and other mythical humanoids",YNXB
YNXF,Children’s / Teenage general interest: UFOs and extraterrestrial beings,Загальні зацікавлення дітей/підлітків: НЛО та позаземні істоти,YNX
YNXW,"Children’s / Teenage general interest: Witches, wizards and magicians","Загальні зацікавлення дітей/підлітків: Відьми, чаклуни та фокусники",YNX
YP,Educational material,Освітній (навчальний) матеріал,Y
YPA,"Educational: Arts, general",Освіта: Мистецтво загалом,YP
YPAB,Educational: Art and design,Освіта: Мистецтво та дизайн,YPA
YPAD,Educational: Music,Освіта: Музика,YPA
YPAF,Educational: Drama and performance arts,Освіта: Драматичне та виконавське мистецтво,YPA
YPAG,Educational: Fashion and textile,Освіта: Мода та текстиль,YPA
YPAK,Educational: Handicrafts,Освіта: Рукоділля,YPA
YPC,"Educational: Language, literature and literacy","Освіта: Мова, література і грамотність",YP
YPCA,Educational: First / native language,Освіта: Перша/рідна мова,YPC
YPCA1,Educational: First / native language: Basic literacy,Освіта: Перша/рідна мова: базова грамотність,YPCA
YPCA2,Educational: First / native language: Reading and writing skills,Освіта: Перша/рідна мова: навички читання та письма,YPCA
YPCA21,Educational: First / native language: Readers and reading schemes,Освіта: Перша/рідна мова: читачі та схеми читання,YPCA2
YPCA22,Educational: First / native language: Handwriting skills,Освіта: Перша/рідна мова: каліграфія,YPCA2
YPCA23,Educational: First / native language: Spelling and vocabulary,Освіта: Перша/рідна мова: орфографія та словниковий запас,YPCA2
YPCA24,Educational: First / native language: Reading and writing skills: Phonics,Educational: First / native language: Reading and writing skills: Phonics,YPCA2
YPCA4,Educational: First / native language: Grammar and punctuation,Освіта: Перша/рідна мова: граматика та пунктуація,YPCA
YPCA5,Educational: First / native language: Speaking skills,Освіта: Перша/рідна мова: мовленнєві навички,YPCA
YPCA9,Educational: First / native language: Literature studies,Освіта: Перша/рідна мова: літературознавство,YPCA
YPCA91,Educational: First / native language: School editions of literature texts,Освіта: Перша/рідна мова: шкільні видання літературних текстів,YPCA9
YPCK,Educational: Modern (non-native or second) languages,"Освіта: Сучасні (нерідні, другі) мови",YPC
YPCK2,Educational: Modern (non-native or second) languages: Language learning,"Освіта: Сучасні (нерідні, другі) мови: вивчення мови",YPCK
YPCK21,"Educational: Modern (non-native or second) languages: Language learning: grammar, vocabulary and pronunciation","Освіта: Сучасні (нерідні, другі) мови: вивчення мови: граматика, словниковий запас і вимова",YPCK2
YPCK22,Educational: Modern (non-native or second) languages: Language learning: readers,"Освіта: сучасні (нерідні, другі) мови: вивчення мови: читачі",YPCK2
YPCK9,Educational: Modern (non-native or second) languages: Literature studies,"Освіта: Сучасні (нерідні, другі) мови: вивчення мови: літературознавство",YPCK
YPCK91,Educational: Modern (non-native or second) languages: School editions of literature texts,"Освіта: Сучасні (нерідні, другі) мови: вивчення мови: шкільні видання літературних текстів",YPCK9
YPCS,Educational: Classical and ancient languages,Освіта: класичні та давні мови,YPC
YPCS4,Educational: Classical and ancient languages: Language learning,Освіта: Класичні та давні мови: вивчення мови,YPCS
YPCS9,Educational: Classical and ancient languages: Literature studies,Освіта: Класичні та давні мови: вивчення мови: літературознавство,YPCS
YPCS91,Educational: Classical and ancient languages: School editions of classical texts,Освіта: Класичні та давні мови: вивчення мови: шкільні видання літературних текстів,YPCS9
YPJ,"Educational: Humanities and social sciences, general",Освіта: Гуманітарні та соціальні науки загалом,YP
YPJH,Educational: History,Освіта: Історія,YPJ
YPJJ,"Educational: Social sciences, social studies","Освіта: Соціальні науки, суспільствознавство",YPJ
YPJJ1,Educational: Politics and constitution,Освіта: Політика та конституція,YPJJ
YPJJ3,Educational: Citizenship and social education,Освіта: Громадянство та соціальне виховання,YPJJ
YPJJ4,Educational: Local / integrated studies,Місцеві інтегровані дослідження сфери освіти (освітологія),YPJJ
YPJJ5,Educational: Psychology,Психологія навчання,YPJJ
YPJJ6,Educational: Personal and health education,Особиста і медична освіта,YPJJ
YPJK,Educational: Media studies,Освітні медіа-дослідження,YPJ
YPJL,Educational: Philosophy and ethics,Філософія та етика освіти,YPJ
YPJM,Educational: Law / legal studies,Освітнє законодавство,YPJ
YPJN,Educational: Religious studies,Освіта: релігієзнавство,YPJ
YPJN1,Educational: Religious studies: Hinduism,Освіта: релігієзнавство: індуїзм,YPJN
YPJN2,Educational: Religious studies: Buddhism,Освіта: релігієзнавство: буддизм,YPJN
YPJN3,Educational: Religious studies: Judaism,Освіта: релігієзнавство: іудаїзм,YPJN
YPJN4,Educational: Religious studies: Christianity,Освіта: релігієзнавство: християнство,YPJN
YPJN5,Educational: Religious studies: Islam,Освіта: релігієзнавство: іслам,YPJN
YPJN9,Educational: Religious studies: religions or belief systems of specific cultures or groups,Освіта: релігієзнавство: інші релігії,YPJN
YPJT,Educational: Geography,Освіта:Ггеографія,YPJ
YPJV,Educational: Business studies and economics,Освіта: Економіка і підприємництво,YPJ
YPJV1,Educational: Economics,Освіта: Економіка,YPJV
YPJV2,Educational: Business administration and office skills,Освіта: Навички ділового адміністрування,YPJV
YPJV3,Educational: Accounting,Освіта: Бухгалтерський облік,YPJV
YPJX,Educational: Cultural studies,Educational: Cultural studies,YPJ
YPM,"Educational: Mathematics, science and technology, general","Освіта: Математика, наука і техніка загалом",YP
YPMF,Educational: Mathematics and numeracy,Освіта: Математика і числення,YPM
YPMF1,Educational: Mathematics and numeracy: arithmetic / times tables,Освіта: Математика і числення: арифметика / таблиці часу,YPMF
YPMF2,Educational: Mathematics and numeracy: algebra,Educational: Mathematics and numeracy: algebra,YPMF
YPMF3,Educational: Mathematics and numeracy: geometry,Educational: Mathematics and numeracy: geometry,YPMF
YPMP,"Educational: Sciences, general science","Освіта: Науки, наука загалом",YPM
YPMP1,Educational: Biology,Освіта: Біологія,YPMP
YPMP3,Educational: Chemistry,Освіта: Хімія,YPMP
YPMP5,Educational: Physics,Освіта: Фізика,YPMP
YPMP51,Educational: Astronomy,Освіта: Астрономія,YPMP5
YPMP6,Educational: Environmental science,Освіта: Екологічна наука,YPMP
YPMP7,Educational: Earth sciences,Educational: Earth sciences,YPMP
YPMT,Educational: Technology,Освіта: Технології,YPM
YPMT2,Educational: Design and technology,Освіта: Дизайн і технології,YPMT
YPMT3,Educational: Engineering,Освіта: Інженерія,YPMT
YPMT4,"Educational: Food technology, cooking skills","Освіта: Харчові технології, кулінарні навички",YPMT
YPMT5,Educational: Electronics,Освіта: Електроніка,YPMT
YPMT6,"Educational: IT and computing, ICT",Освіта: ІТ та обчислювальна техніка. Інформаційно-комунікаційні технології (ІКТ) в освіті,YPMT
YPMT7,Educational: Technical drawing,Освіта: Технічне креслення,YPMT
YPMT8,"Educational: Woodwork, metalwork, etc","Освіта: Вироби з дерева, металоконструкції тощо",YPMT
YPW,Educational: Vocational and other subjects,Освіта: Професійна освіта та інші теми,YP
YPWB,Educational: Family and consumer sciences / domestic management,Освіта в галузі сімейних та споживчих наук / побутовий менеджмент (управління домогосподарством),YPW
YPWC,Educational: Other vocational education and training,Освіта: Інша професійна освіта та навчання,YPW
YPWC1,Educational: Health and social care,Освіта: Охорона здоров’я та соціальна допомога,YPWC
YPWC2,Educational: Child care / Child development,Освіта: Догляд за дитиною / Розвиток дитини,YPWC
YPWC3,Educational: Sales and retail skills,Освіта: Навички продажу та роздрібної торгівлі,YPWC
YPWC4,"Educational: Hospitality, catering, leisure and tourism","Освіта: Готельний бізнес, громадське харчування, відпочинок та туризм",YPWC
YPWC5,"Educational: Hairdressing, salon and beauty therapy skills","Освіта: Перукарське мистецтво, косметичні кабінети та салони краси",YPWC
YPWC9,Educational: Work experience / Careers,"Освіта: Досвід роботи, кар’єра",YPWC
YPWD,"Educational: Construction, building and related skills",Освіта: Будівництво та суміжні професії,YPW
YPWE,"Educational: Agriculture, horticulture and related subjects","Освіта: Сільське господарство, садівництво та суміжні галузі",YPW
YPWF,Educational: Physical education,Освіта: Фізичне виховання,YPW
YPWG,"Educational: Transport, logistics and related skills","Освіта: Транспорт, логістика та суміжні галузі",YPW
YPWL,"Educational: General studies, educational skills and competencies","Освіта: Загальні дослідження, освітні вміння та навички, компетенції",YPW
YPWL1,Educational: General knowledge,Освіта: Загальні знання,YPWL
YPWL2,Educational: Study skills,Освіта: Навчальні навички,YPWL
YPWL3,Educational: Memory skills and creative thinking,Освіта: Навички творчого мислення та пам’яті,YPWL
YPWL4,Educational: Social and life skills,Освіта: Життєві та соціальні навички,YPWL
YPWN,Educational: Uniformed public or protective services,Освіта: Служби охорони громадськості,YPW
YPZ,Educational: Study and revision guides,Освіта: Навчальні та довідкові посібники,YP
YPZH,Educational: School holiday / vacation workbook,Educational: School holiday / vacation workbook,YPZ
YPZN,Educational: Non-Verbal reasoning / visual reasoning,Освіта: Невербальне мислення,YPZ
YPZP,Educational: Verbal reasoning,Освіта: Вербальне мислення,YPZ
YR,Children’s / Teenage reference material,Дитячий / підлітковий довідковий матеріал,Y
YRD,Children’s / Teenage reference: Dictionaries and Languages,Довідники для дітей та підлітків: Словники та мови,YR
YRDC,Children’s / Teenage reference: Picture dictionaries,Довідники для дітей та підлітків: Словники із зображеннями,YRD
YRDL,Children’s / Teenage reference: Bilingual / multilingual dictionaries,Довідники для дітей та підлітків: Двомовні / багатомовні словники,YRD
YRDM,Children’s / Teenage reference: Non-native or second language study and reference,Довідники для дітей та підлітків: Дослідження та довідники про нерідну (другу) мову,YRD
YRE,"Children’s / Teenage reference: Encyclopaedias, general reference","Довідники для дітей та підлітків: Енциклопедії, загальні довідники",YR
YRG,Children’s / Teenage reference: Subject-specific reference,Довідники для дітей та підлітків: Тематичні довідники,YR
YRW,Children’s / Teenage reference: Atlases and maps,Довідники для дітей та підлітків: Атласи та карти,YR
YX,Children’s / Teenage: Personal and social topics,Діти/підлітки: Особисті та соціальні теми,Y
YXA,Children’s / Teenage personal and social topics: Body and health,Особисті та соціальні теми дітей/підлітків: Тіло та здоров’я,YX
YXAB,"Children’s / Teenage personal and social topics: Fitness, exercise and healthy eating","Особисті та соціальні теми дітей/підлітків: Фітнес, фізичні вправи і здорове харчування",YXA
YXAD,"Children’s / Teenage personal and social topics: Yoga, meditation, mindfulness","Children’s / Teenage personal and social topics: Yoga, meditation, mindfulness",YXA
YXAM,Children’s / Teenage personal and social topics: Hair and hair care,Children’s / Teenage personal and social topics: Hair and hair care,YXA
YXAX,Children’s / Teenage personal and social topics: Sex education and the facts of life,Особисті та соціальні теми дітей/підлітків: Статеве виховання та факти з життя,YXA
YXAX1,Children’s / Teenage personal and social topics: puberty,Children’s / Teenage personal and social topics: puberty,YXAX
YXB,Children’s / Teenage personal and social topics: LGBTQIA+,Особисті та соціальні теми дітей/підлітків: ЛГБТ,YX
YXBD,Children’s / Teenage: LGBTQIA+: Coming out,Children’s / Teenage: LGBTQIA+: Coming out,YXB
YXC,Children’s / Teenage personal and social topics: Gender identity,Особисті та соціальні теми дітей/підлітків: Гендерна ідентичність,YX
YXD,Children’s / Teenage personal and social topics: Self-awareness and self-esteem,Особисті та соціальні теми дітей/підлітків: Самосвідомість та самооцінка,YX
YXE,"Children’s / Teenage personal and social topics: Emotions, moods, feelings and behaviours","Особисті та соціальні теми дітей/підлітків: Емоції, настрої та почуття",YX
YXEB,"Children’s / Teenage emotions: Anger, frustration","Children’s / Teenage emotions: Anger, frustration",YXE
YXED,"Children’s / Teenage emotions: Sadness, unhappiness, disappointment","Children’s / Teenage emotions: Sadness, unhappiness, disappointment",YXE
YXEF,"Children’s / Teenage emotions: Worry, fear","Children’s / Teenage emotions: Worry, fear",YXE
YXEH,"Children’s / Teenage emotions: Loneliness, isolation","Children’s / Teenage emotions: Loneliness, isolation",YXE
YXEJ,"Children’s / Teenage emotions: Compassion, empathy, kindness","Children’s / Teenage emotions: Compassion, empathy, kindness",YXE
YXEL,"Children’s / Teenage emotions: Courage, bravery, hope","Children’s / Teenage emotions: Courage, bravery, hope",YXE
YXEN,"Children’s / Teenage emotions: Happiness, joy","Children’s / Teenage emotions: Happiness, joy",YXE
YXET,Children’s / Teenage emotions: Mischief and mischievous behaviour,Children’s / Teenage emotions: Mischief and mischievous behaviour,YXE
YXF,Children’s / Teenage personal and social topics: Families and family members,Особисті та соціальні теми дітей/підлітків:Сім’ї та члени сім’ї,YX
YXFB,Children’s / Teenage personal and social topics: Parents,Children’s / Teenage personal and social topics: Parents,YXF
YXFC,Children’s / Teenage personal and social topics: Grandparents,Children’s / Teenage personal and social topics: Grandparents,YXF
YXFD,"Children’s / Teenage personal and social topics: Divorce, separation, family break-up","Особисті та соціальні теми дітей/підлітків: Розлучення, розпад сім’ї",YXF
YXFF,Children’s / Teenage personal and social topics: Adoption / fostering,Особисті та соціальні теми дітей/підлітків:: Усиновлення / виховання,YXF
YXFR,Children’s / Teenage personal and social topics: Siblings,Особисті та соціальні теми дітей/підлітків:Брати та сестри,YXF
YXFS,Children’s / Teenage personal and social topics: New baby,Особисті та соціальні теми дітей/підлітків: Нова дитина,YXF
YXG,Children’s / Teenage personal and social topics: Death and grief,Особисті та соціальні теми дітей/підлітків: Смерть та втрата,YX
YXGS,Children’s / Teenage personal and social topics: Suicide,Особисті та соціальні теми дітей/підлітків:: Самогубство,YXG
YXH,Children’s / Teenage personal and social topics: Relationships (non-family / groups),Особисті та соціальні теми дітей/підлітків: Несімейні стосунки,YX
YXHB,Children’s / Teenage personal and social topics: Friends and friendships,Особисті та соціальні теми дітей/підлітків: Друзі і дружба,YXH
YXHL,"Children’s / Teenage personal and social topics: Dating, relationships, romance and love","Особисті та соціальні теми дітей/підлітків: Побачення, взаємини, романтичні стосунки та кохання",YXH
YXHP,Children’s / Teenage personal and social topics: Life skills and choices,Особисті та соціальні теми дітей/підлітків: Життєві навички та вибір,YXH
YXHY,Children’s / Teenage personal and social topics: Teenage pregnancy,Особисті та соціальні теми дітей/підлітків:Підліткова вагітність,YXH
YXJ,Children’s / Teenage personal and social topics: Drugs and addiction,Особисті та соціальні теми дітей/підлітків: Наркотики і наркоманія,YX
YXK,"Children’s / Teenage personal and social topics: Disability, impairments and special needs","Особисті та соціальні теми дітей/підлітків: Інвалідність, порушення та особливі потреби",YX
YXL,Children’s / Teenage personal and social topics: Physical and mental health conditions,Особисті та соціальні теми дітей/підлітків:Фізичний та психічний стан здоров’я,YX
YXLB,Children’s / Teenage personal and social topics: Illness and specific physical health conditions,Особисті та соціальні теми дітей/підлітків: Хвороба та специфічні умови фізичного здоров’я,YXL
YXLB1,Children’s / Teenage personal and social topics: Cancer,Особисті та соціальні теми дітей/підлітків: Рак,YXLB
YXLD,Children’s / Teenage personal and social topics: Mental health and mental wellbeing,Особисті та соціальні теми дітей/підлітків: Психічне здоров’я,YXL
YXLD1,Children’s / Teenage personal and social topics: Eating disorders and body image,Особисті та соціальні теми дітей/підлітків: Розлад харчової поведінки,YXLD
YXLD2,"Children’s / Teenage personal and social topics: Anxiety, depression and self-harm",Особисті та соціальні теми дітей/підлітків:,YXLD
YXLD6,Children’s / Teenage personal and social topics: Positive / good mental health,Особисті та соціальні теми дітей/підлітків: Позитивне / хороше психічне здоров’я,YXLD
YXM,Children’s / Teenage personal and social topics: Multicultural,Особисті та соціальні теми дітей/підлітків: Полікультурний,YX
YXN,Children’s / Teenage personal and social topics: Racism and anti-racism,Особисті та соціальні теми дітей/підлітків: Расизм,YX
YXP,"Children’s / Teenage personal and social topics: Diversity, equality, equity and inclusion",Особисті та соціальні теми дітей/підлітків: Різноманітність та інклюзія,YX
YXPB,Children’s / Teenage personal and social topics: Prejudice and intolerance,Особисті та соціальні теми дітей/підлітків: Упередження та нетерпимість,YXP
YXQ,"Children’s / Teenage personal and social topics: Bullying, violence, abuse and peer pressure","Особисті та соціальні теми дітей/підлітків: Насильство, жорстоке поводження, булінг та тиск збоку однолітків",YX
YXQD,Children’s / Teenage personal and social topics: Abuse / exploitation,Особисті та соціальні теми дітей/підлітків: Зловживання,YXQ
YXQF,Children’s / Teenage personal and social topics: Bullying and harassment,Особисті та соціальні теми дітей/підлітків: Знущання та переслідування,YXQ
YXQP,Children’s / Teenage personal and social topics: Violence,Children’s / Teenage personal and social topics: Violence,YXQ
YXR,Children’s / Teenage personal and social topics: Personal safety,Особисті та соціальні теми дітей/підлітків: Особиста безпека,YX
YXS,Children’s / Teenage personal and social topics: Runaways,Особисті та соціальні теми дітей/підлітків: Втечі,YX
YXT,"Children’s / Teenage personal and social topics: School, education and teachers",Особисті та соціальні теми дітей/підлітків: Прогули та шкільні проблеми,YX
YXTB,Children’s / Teenage personal and social topics: Truancy and school problems,Children’s / Teenage personal and social topics: Truancy and school problems,YXT
YXV,"Teenage personal and social topics: Advice on careers and further education, leaving school","Особисті та соціальні теми дітей/підлітків: Поради щодо кар’єри та подальшої освіти, закінчення школи",YX
YXW,Children’s / Teenage personal and social topics: First / new experiences and life changes,Особисті та соціальні теми дітей/підлітків: Перший досвід та дорослішання,YX
YXWP,Children’s / Teenage personal and social topics: Growing up / coming of age,Children’s / Teenage personal and social topics: Growing up / coming of age,YXW
YXZ,Children’s / Teenage: Social issues / topics,Діти/підлітки: Соціальні проблеми,YX
YXZB,Children’s / Teenage social topics: Activism / activists,Children’s / Teenage social topics: Activism / activists,YXZ
YXZC,Children’s / Teenage social topics: Identity / belonging,Children’s / Teenage social topics: Identity / belonging,YXZ
YXZD,Children’s / Teenage social topics: Peace / reconciliation,Children’s / Teenage social topics: Peace / reconciliation,YXZ
YXZE,"Children’s / Teenage social topics: Accidents, disasters or emergencies","Children’s / Teenage social topics: Accidents, disasters or emergencies",YXZ
YXZF,"Children’s / Teenage social topics: Fame, celebrity, fandom","Children’s / Teenage social topics: Fame, celebrity, fandom",YXZ
YXZG,"Children’s / Teenage social topics: Environment, sustainability and green issues",Дитячі/ підліткові соціальні проблеми: Довкілля та «зелені» проблеми,YXZ
YXZH,Children’s / Teenage: Social topics: Poverty / precarity,Children’s / Teenage: Social topics: Poverty / precarity,YXZ
YXZM,Children’s / Teenage social topics: Migration / refugees,Дитячі/ підліткові соціальні проблеми: Міграція та біженці,YXZ
YXZR,Children’s / Teenage social topics: Religious issues / debates,Дитячі/ підліткові соціальні проблеми: Релігійні проблеми,YXZ
YXZW,Children’s / Teenage social topics: War and conflict issues,Дитячі/ підліткові соціальні проблеми: Проблеми війни та конфліктів,YXZ
YZ,Children’s / Teenage stationery and miscellaneous items,Дитяче/ підліткове канцелярське приладдя та різноманітні товари,Y
YZG,Children’s / Teenage: Gift and novelty books / items,Дитячі подарункові книги,YZ
YZP,"Children’s / Teenage: Miscellaneous non-book items: Games, puzzles or toys","Children’s / Teenage: Miscellaneous non-book items: Games, puzzles or toys",YZ
YZS,"Children’s / Teenage: Stationery items,",Дитяче канцелярське приладдя,YZ
YZSD,Children’s / Teenage: Printed stationery items: Calendars / diaries,Children’s / Teenage: Printed stationery items: Calendars / diaries,YZS
YZSG,Children’s / Teenage stationery items: Thematic and guided journals and notebooks,Дитяче/ підліткове канцелярське приладдя: тематичні журнали та зошити,YZS
YZSN,Children’s / Teenage: Blank stationery items,"Дитячі канцелярські бланки, шаблони",YZS
YZSP,Children’s / Teenage: Stationery items: art and craft supplies,Children’s / Teenage: Stationery items: art and craft supplies,YZS
1,Place qualifiers,Визначники місця,
1A,World,Світ,1
1D,Europe,Європа,1
1DD,Western Europe,Західна Європа,1D
1DDB,Belgium,Бельґія,1DD
1DDB-BE-B,Brussels,Брюссель,1DDB
1DDB-BE-F,Flanders,Фламандський регіон (Фландрія),1DDB
1DDB-BE-FA,Antwerp (Province),Антверпен (провінція),1DDB-BE-F
1DDB-BE-FAA,Antwerp,Антверпен,1DDB-BE-FA
1DDB-BE-FB,Flemish Brabant,Фламандський Брабант,1DDB-BE-F
1DDB-BE-FBA,Leuven,Левен,1DDB-BE-FB
1DDB-BE-FC,Limburg (BE),Лімбурґ (Бельґія),1DDB-BE-F
1DDB-BE-FCA,Hasselt,Хасселт,1DDB-BE-FC
1DDB-BE-FD,East Flanders,Східна Фландрія,1DDB-BE-F
1DDB-BE-FDA,Ghent,Ґент,1DDB-BE-FD
1DDB-BE-FE,West Flanders,Західна Фландрія,1DDB-BE-F
1DDB-BE-FEA,Bruges,Брюґґе,1DDB-BE-FE
1DDB-BE-W,Wallonia / Wallonie,Валлонія,1DDB
1DDB-BE-WA,Wallonian Brabant,Валлонський Брабант,1DDB-BE-W
1DDB-BE-WAA,Wavre,Вавр,1DDB-BE-WA
1DDB-BE-WB,Hainaut,Ено,1DDB-BE-W
1DDB-BE-WBA,Mons,Монс,1DDB-BE-WB
1DDB-BE-WBB,Charleroi,Шарлеруа / Харлерой,1DDB-BE-WB
1DDB-BE-WC,Liège (Province),Льєж (провінція),1DDB-BE-W
1DDB-BE-WCA,Liège,Льєж,1DDB-BE-WC
1DDB-BE-WD,Luxembourg (Province),Люксембурґ (провінція),1DDB-BE-W
1DDB-BE-WDA,Arlon / Arlen,Арлон,1DDB-BE-WD
1DDB-BE-WE,Namur (Province),Намюр (провінція),1DDB-BE-W
1DDB-BE-WEA,Namur,Намюр,1DDB-BE-WE
1DDF,France,Франція. Французька Республіка,1DD
1DDF-FR-X,Regions of France,Регіони Франції,1DDF
1DDF-FR-XA,Auvergne-Rhône-Alpes,Овернь-Рона-Альпи,1DDF-FR-X
1DDF-FR-C,Auvergne,Овернь,1DDF-FR-XA
1DDF-FR-CA,Allier,Альє,1DDF-FR-C
1DDF-FR-CAA,Moulins,Мулен,1DDF-FR-CA
1DDF-FR-CAB,Montluçon,Монлюсон,1DDF-FR-CA
1DDF-FR-CAC,Vichy,Віші,1DDF-FR-CA
1DDF-FR-CB,Cantal,Канталь,1DDF-FR-C
1DDF-FR-CBA,Aurillac,Оріяк,1DDF-FR-CB
1DDF-FR-CBB,Mauriac,Моріак,1DDF-FR-CB
1DDF-FR-CBC,Saint-Flour,Сен-Флур,1DDF-FR-CB
1DDF-FR-CC,Haute-Loire,Верхня Луара,1DDF-FR-C
1DDF-FR-CCA,Le Puy-en-Velay,Ле-Пюї-ан-Веле,1DDF-FR-CC
1DDF-FR-CCB,Brioude,Бріуд,1DDF-FR-CC
1DDF-FR-CCC,Yssingeaux,Іссенжо,1DDF-FR-CC
1DDF-FR-CD,Puy-de-Dôme,Пюї-де-Дом,1DDF-FR-C
1DDF-FR-CDA,Clermont-Ferrand,Клермон-Ферран,1DDF-FR-CD
1DDF-FR-CDB,Ambert,Амбер,1DDF-FR-CD
1DDF-FR-CDC,Issoire,Іссуар,1DDF-FR-CD
1DDF-FR-CDD,Riom,Ріон,1DDF-FR-CD
1DDF-FR-CDE,Thiers,Тьєр,1DDF-FR-CD
1DDF-FR-V,Rhône-Alpes,Рона-Альпи,1DDF-FR-XA
1DDF-FR-VA,Ain,Ен,1DDF-FR-V
1DDF-FR-VAA,Bourg-en-Bresse,Бург-ан-Бресс,1DDF-FR-VA
1DDF-FR-VAB,Belley,Белле,1DDF-FR-VA
1DDF-FR-VAC,Gex,Жекс,1DDF-FR-VA
1DDF-FR-VAD,Nantua,Нантюа,1DDF-FR-VA
1DDF-FR-VB,Ardèche,Ардеш,1DDF-FR-V
1DDF-FR-VBA,Privas,Прива,1DDF-FR-VB
1DDF-FR-VBB,Largentière,Ларжантьєр,1DDF-FR-VB
1DDF-FR-VBC,Tournon-sur-Rhône,Турнон-сюр-Рон,1DDF-FR-VB
1DDF-FR-VC,Drôme,Дром,1DDF-FR-V
1DDF-FR-VCA,Valence,Валанс,1DDF-FR-VC
1DDF-FR-VCB,Die,Ді,1DDF-FR-VC
1DDF-FR-VCC,Nyons,Ніон,1DDF-FR-VC
1DDF-FR-VD,Isère,Ізер,1DDF-FR-V
1DDF-FR-VDA,Grenoble,Ґренобль,1DDF-FR-VD
1DDF-FR-VDB,La Tour-du-Pin,Ла-Тур-дю-Пен,1DDF-FR-VD
1DDF-FR-VDC,Vienne (Isère),В’єнн (Ізер),1DDF-FR-VD
1DDF-FR-VE,Loire,Луара,1DDF-FR-V
1DDF-FR-VEA,Saint-Étienne,Сент-Етьен,1DDF-FR-VE
1DDF-FR-VEB,Montbrison,Монбрізон,1DDF-FR-VE
1DDF-FR-VEC,Roanne,Роанн,1DDF-FR-VE
1DDF-FR-VF,Rhône,Рона,1DDF-FR-V
1DDF-FR-VFA,Lyon,Ліон,1DDF-FR-VF
1DDF-FR-VFB,Villefranche-sur-Saône,Вільфранш-сюр-Сон,1DDF-FR-VF
1DDF-FR-VG,Savoy,Савойя,1DDF-FR-V
1DDF-FR-VGA,Chambéry,Шамбері,1DDF-FR-VG
1DDF-FR-VGB,Albertville,Альбервіль,1DDF-FR-VG
1DDF-FR-VGC,Saint-Jean-de-Maurienne,Сен-Жан-де-Мор’єнн,1DDF-FR-VG
1DDF-FR-VH,Haute-Savoie,Верхня Савойя,1DDF-FR-V
1DDF-FR-VHA,Annecy,Аннесі,1DDF-FR-VH
1DDF-FR-VHB,Bonneville,Боннвіль,1DDF-FR-VH
1DDF-FR-VHC,Chamonix,Шамоні,1DDF-FR-VH
1DDF-FR-VHD,Saint-Julien-en-Genevois,Сен-Жульєн-ан-Женевуа,1DDF-FR-VH
1DDF-FR-VHE,Thonon-les-Bains,Тонон-ле-Бен,1DDF-FR-VH
1DDF-FR-XAZ,Auvergne-Rhône-Alpes: Places of interest,Овернь-Рона-Альпи: визначні місця,1DDF-FR-XA
1DDF-FR-XAZB,Bourbonnais,Бурбоне,1DDF-FR-XAZ
1DDF-FR-XAZF,Forez / Livradois,Форез / Ліврадоа,1DDF-FR-XAZ
1DDF-FR-XAZG,Beaujolais,Божоле,1DDF-FR-XAZ
1DDF-FR-XAZH,Dauphiné / Dauphiny,Дофіне / Дофіні,1DDF-FR-XAZ
1DDF-FR-XAZK,Chablais,Шабле,1DDF-FR-XAZ
1DDF-FR-XB,Bourgogne-Franche-Comté,Бурґундія-Франш-Конте,1DDF-FR-X
1DDF-FR-E,Burgundy,Бурґундія,1DDF-FR-XB
1DDF-FR-EA,Côte-d’Or,Кот-д’Ор,1DDF-FR-E
1DDF-FR-EAA,Dijon,Діжон,1DDF-FR-EA
1DDF-FR-EAB,Beaune,Бон,1DDF-FR-EA
1DDF-FR-EAC,Montbard,Монбар,1DDF-FR-EA
1DDF-FR-EB,Nièvre,Ньєвр,1DDF-FR-E
1DDF-FR-EBA,Nevers,Невер,1DDF-FR-EB
1DDF-FR-EBB,Château-Chinon and the Morvan,Шато-Шінон та парк Морван,1DDF-FR-EB
1DDF-FR-EBC,Clamecy,Кламсі,1DDF-FR-EB
1DDF-FR-EBD,Cosne-Cours-sur-Loire,Кон-Кур-сюр-Луар,1DDF-FR-EB
1DDF-FR-EC,Saône-et-Loire,Сона і Луара,1DDF-FR-E
1DDF-FR-ECA,Mâcon and the Mâconnais,Макон,1DDF-FR-EC
1DDF-FR-ECB,Autun,Отен,1DDF-FR-EC
1DDF-FR-ECC,Chalon-sur-Saône and the Chalonnais,Шалон-сюр-Сон,1DDF-FR-EC
1DDF-FR-ECD,Charolles and the Charolais,Шароль,1DDF-FR-EC
1DDF-FR-ECE,Louhans,Луан,1DDF-FR-EC
1DDF-FR-ED,Yonne,Йонне,1DDF-FR-E
1DDF-FR-EDA,Auxerre,Осер,1DDF-FR-ED
1DDF-FR-EDB,Avallon,Аваллон,1DDF-FR-ED
1DDF-FR-J,Franche-Comté,Франш-Конте,1DDF-FR-XB
1DDF-FR-JA,Doubs,Ду,1DDF-FR-J
1DDF-FR-JAA,Montbéliard,Монбельяр,1DDF-FR-JA
1DDF-FR-JAB,Besançon,Безансон,1DDF-FR-JA
1DDF-FR-JAC,Pontarlier,Понтарльє,1DDF-FR-JA
1DDF-FR-JB,Jura (39),Юра (39),1DDF-FR-J
1DDF-FR-JBA,Lons-le-Saunier,Лонс-ле-Соньє,1DDF-FR-JB
1DDF-FR-JBB,Dole,Доль,1DDF-FR-JB
1DDF-FR-JBC,Saint-Claude,Сен-Клод,1DDF-FR-JB
1DDF-FR-JC,Haute-Saône,Верхня Сона,1DDF-FR-J
1DDF-FR-JCA,Vesoul,Везуль,1DDF-FR-JC
1DDF-FR-JCB,Lure,Люр,1DDF-FR-JC
1DDF-FR-JD,Territoire de Belfort,Територія Бельфор,1DDF-FR-J
1DDF-FR-JDA,Belfort,Бельфор,1DDF-FR-JD
1DDF-FR-XC,Occitanie,Окситанія,1DDF-FR-X
1DDF-FR-M,Languedoc-Roussillon,Ланґедок-Русільон,1DDF-FR-XC
1DDF-FR-MA,Aude,Од,1DDF-FR-M
1DDF-FR-MAA,Carcassonne,Каркассонн,1DDF-FR-MA
1DDF-FR-MAB,Limoux,Ліму,1DDF-FR-MA
1DDF-FR-MAC,Narbonne,Нарбон,1DDF-FR-MA
1DDF-FR-MAD,Rennes-le-Château,Ренн-ле-Шато,1DDF-FR-MA
1DDF-FR-MB,Gard,Ґар,1DDF-FR-M
1DDF-FR-MBA,Nîmes,Нім,1DDF-FR-MB
1DDF-FR-MBB,Alès,Алес,1DDF-FR-MB
1DDF-FR-MBC,Le Vigan,Ле-Віган,1DDF-FR-MB
1DDF-FR-MC,Hérault,Еро,1DDF-FR-M
1DDF-FR-MCA,Montpellier,Монпельє,1DDF-FR-MC
1DDF-FR-MCB,Béziers,Безьє,1DDF-FR-MC
1DDF-FR-MCC,Lodève,Лодев,1DDF-FR-MC
1DDF-FR-MD,Lozère,Лозер,1DDF-FR-M
1DDF-FR-MDA,Mende,Манд,1DDF-FR-MD
1DDF-FR-MDB,Florac Trois Rivières,Флорак-Труа-Рив’єр,1DDF-FR-MD
1DDF-FR-ME,Pyrénées-Orientales,Східні Піренеї,1DDF-FR-M
1DDF-FR-MEA,Perpignan,Перпіньян,1DDF-FR-ME
1DDF-FR-MEB,Céret,Сере,1DDF-FR-ME
1DDF-FR-MEC,Prades,Прад,1DDF-FR-ME
1DDF-FR-P,Midi-Pyrénées,Південь-Піренеї,1DDF-FR-XC
1DDF-FR-PA,Ariège,Ар’єж,1DDF-FR-P
1DDF-FR-PAA,Foix,Фуа,1DDF-FR-PA
1DDF-FR-PAB,Pamiers,Пам’є,1DDF-FR-PA
1DDF-FR-PAC,Saint-Girons,Сен-Жирон,1DDF-FR-PA
1DDF-FR-PB,Aveyron,Аверон,1DDF-FR-P
1DDF-FR-PBA,Rodez,Родез,1DDF-FR-PB
1DDF-FR-PBB,Millau,Мійо,1DDF-FR-PB
1DDF-FR-PBC,Villefranche-de-Rouergue,Вільфранш-де-Руерг,1DDF-FR-PB
1DDF-FR-PC,Haute-Garonne,Верхня Ґаронна,1DDF-FR-P
1DDF-FR-PCA,Toulouse,Тулуза,1DDF-FR-PC
1DDF-FR-PCB,Muret,Мюре,1DDF-FR-PC
1DDF-FR-PCC,Saint-Gaudens,Сен-Годан,1DDF-FR-PC
1DDF-FR-PD,Gers,Жер,1DDF-FR-P
1DDF-FR-PDA,Auch,Ош,1DDF-FR-PD
1DDF-FR-PDB,Condom,Кондом,1DDF-FR-PD
1DDF-FR-PDC,Mirande,Міранд,1DDF-FR-PD
1DDF-FR-PE,Lot,Лот,1DDF-FR-P
1DDF-FR-PEA,Cahors,Каор,1DDF-FR-PE
1DDF-FR-PEB,Figeac,Фіжак,1DDF-FR-PE
1DDF-FR-PEC,Gourdon,Гурдон,1DDF-FR-PE
1DDF-FR-PF,Hautes-Pyrénées,Верхні Піренеї,1DDF-FR-P
1DDF-FR-PFA,Tarbes,Тарб,1DDF-FR-PF
1DDF-FR-PFB,Argelès-Gazost,Аржеле-Газост,1DDF-FR-PF
1DDF-FR-PFC,Bagnères-de-Bigorre,Баньєр-де-Бігорр,1DDF-FR-PF
1DDF-FR-PFD,Lourdes,Лурд,1DDF-FR-PF
1DDF-FR-PG,Tarn,Тарн,1DDF-FR-P
1DDF-FR-PGA,Albi,Альбі,1DDF-FR-PG
1DDF-FR-PGB,Castres,Кастр,1DDF-FR-PG
1DDF-FR-PH,Tarn-et-Garonne,Тарн і Ґаронна,1DDF-FR-P
1DDF-FR-PHA,Montauban,Монтобан,1DDF-FR-PH
1DDF-FR-PHB,Castelsarrasin,Кастельсарразен,1DDF-FR-PH
1DDF-FR-XCZ,Occitanie: Places of interest,Окситанія: визначні місця,1DDF-FR-XC
1DDF-FR-XCZA,Armagnac,Арманьяк,1DDF-FR-XCZ
1DDF-FR-XCZB,Aubrac,Обрак,1DDF-FR-XCZ
1DDF-FR-XCZC,Cévennes,Севенни,1DDF-FR-XCZ
1DDF-FR-XCZG,Gévaudan,Жеводан,1DDF-FR-XCZ
1DDF-FR-XCZL,Languedoc,Лангедок,1DDF-FR-XCZ
1DDF-FR-XCZM,Canal du Midi,Південний канал,1DDF-FR-XCZ
1DDF-FR-XCZN,Causses,Causses,1DDF-FR-XCZ
1DDF-FR-XCZQ,Quercy,Керсі,1DDF-FR-XCZ
1DDF-FR-XCZR,Roussillion,Руссільйон,1DDF-FR-XCZ
1DDF-FR-XE,Grand-Est,Великий Схід,1DDF-FR-X
1DDF-FR-A,Alsace,Ельзас,1DDF-FR-XE
1DDF-FR-AA,Bas-Rhin,Нижній Рейн,1DDF-FR-A
1DDF-FR-AAA,Strasbourg,Страсбурґ,1DDF-FR-AA
1DDF-FR-AAB,Haguenau,Хаґено,1DDF-FR-AA
1DDF-FR-AAC,Molsheim,Мольсайм,1DDF-FR-AA
1DDF-FR-AAD,Saverne,Саверн,1DDF-FR-AA
1DDF-FR-AAE,Sélestat,Селеста,1DDF-FR-AA
1DDF-FR-AB,Haut-Rhin,Верхній Рейн,1DDF-FR-A
1DDF-FR-ABA,Colmar,Кольмар,1DDF-FR-AB
1DDF-FR-ABB,Altkirch,Альткірш,1DDF-FR-AB
1DDF-FR-ABC,Mulhouse,Мюлуз,1DDF-FR-AB
1DDF-FR-ABD,Thann,Танн,1DDF-FR-AB
1DDF-FR-H,Champagne-Ardenne,Шампань-Арденни,1DDF-FR-XE
1DDF-FR-HA,Ardennes,Арденни,1DDF-FR-H
1DDF-FR-HAA,Sedan,Седан,1DDF-FR-HA
1DDF-FR-HAB,Charleville-Mézières,Шарлевіль-Мезьєр,1DDF-FR-HA
1DDF-FR-HAC,Rethel,Ретель,1DDF-FR-HA
1DDF-FR-HAD,Vouziers,Вузьє,1DDF-FR-HA
1DDF-FR-HB,Aube,Об,1DDF-FR-H
1DDF-FR-HBA,Troyes,Труа,1DDF-FR-HB
1DDF-FR-HBB,Bar-sur-Aube,Бар-сюр-Об,1DDF-FR-HB
1DDF-FR-HBC,Nogent-sur-Seine,Ножан-сюр-Сен,1DDF-FR-HB
1DDF-FR-HC,Marne,Марна,1DDF-FR-H
1DDF-FR-HCA,Châlons-en-Champagne,Шалон-ан-Шампань,1DDF-FR-HC
1DDF-FR-HCB,Épernay,Еперне,1DDF-FR-HC
1DDF-FR-HCC,Reims,Реймс,1DDF-FR-HC
1DDF-FR-HCD,Sainte-Menehould,Сент-Мену,1DDF-FR-HC
1DDF-FR-HCE,Vitry-le-François,Вітрі-ле-Франсуа,1DDF-FR-HC
1DDF-FR-HD,Haute-Marne,Верхня Марна,1DDF-FR-H
1DDF-FR-HDA,Chaumont,Шомон,1DDF-FR-HD
1DDF-FR-HDB,Langres,Лангр,1DDF-FR-HD
1DDF-FR-HDC,Saint-Dizier,Сен-Дізьє,1DDF-FR-HD
1DDF-FR-O,Lorraine,Лотаринґія,1DDF-FR-XE
1DDF-FR-OA,Meurthe-et-Moselle,Мерт і Мозель,1DDF-FR-O
1DDF-FR-OAA,Nancy,Нансі,1DDF-FR-OA
1DDF-FR-OAB,Lunéville,Люневіль,1DDF-FR-OA
1DDF-FR-OAC,Toul,Туль,1DDF-FR-OA
1DDF-FR-OAD,Val-de-Briey,Валь-де-Бріє,1DDF-FR-OA
1DDF-FR-OB,Meuse,Мез,1DDF-FR-O
1DDF-FR-OBA,Bar-le-Duc,Бар-ле-Дюк,1DDF-FR-OB
1DDF-FR-OBB,Commercy,Коммерсі,1DDF-FR-OB
1DDF-FR-OBC,Verdun,Верден,1DDF-FR-OB
1DDF-FR-OC,Moselle,Мозель,1DDF-FR-O
1DDF-FR-OCA,Metz,Мец,1DDF-FR-OC
1DDF-FR-OCB,Thionville,Тьонвіль,1DDF-FR-OC
1DDF-FR-OCC,Sarreguemines,Сарґемін,1DDF-FR-OC
1DDF-FR-OCD,Sarrebourg,Сарбур,1DDF-FR-OC
1DDF-FR-OCE,Forbach,Форбак,1DDF-FR-OC
1DDF-FR-OD,Vosges,Воґези,1DDF-FR-O
1DDF-FR-ODA,Épinal,Епіналь,1DDF-FR-OD
1DDF-FR-ODB,Neufchâteau,Нефшато,1DDF-FR-OD
1DDF-FR-ODC,Saint-Dié-des-Vosges,Сен-Дьє-де-Вож,1DDF-FR-OD
1DDF-FR-XEZ,Grand-Est: Places of interest,Великий Схід: визначні місця,1DDF-FR-XE
1DDF-FR-XEZC,Champagne,Шампань,1DDF-FR-XEZ
1DDF-FR-XEZV,Vosges Mountains,"Вогези, гори",1DDF-FR-XEZ
1DDF-FR-F,Brittany,Бретань,1DDF-FR-X
1DDF-FR-FA,Côtes-d’Armor,Кот-д’Армор,1DDF-FR-F
1DDF-FR-FAA,Saint-Brieuc,Сен-Бріє,1DDF-FR-FA
1DDF-FR-FAB,Dinan,Дінан,1DDF-FR-FA
1DDF-FR-FAC,Guingamp,Гінгам,1DDF-FR-FA
1DDF-FR-FAD,Lannion,Ланніон,1DDF-FR-FA
1DDF-FR-FB,Finistère,Фіністер,1DDF-FR-F
1DDF-FR-FBA,Quimper,Кемпер,1DDF-FR-FB
1DDF-FR-FBB,Brest,Брест,1DDF-FR-FB
1DDF-FR-FBC,Châteaulin,Шатолен,1DDF-FR-FB
1DDF-FR-FBD,Morlaix,Морле,1DDF-FR-FB
1DDF-FR-FC,Ille-et-Vilaine,Іль і Вілен,1DDF-FR-F
1DDF-FR-FCA,Rennes,Рен,1DDF-FR-FC
1DDF-FR-FCB,Fougères,Фужер,1DDF-FR-FC
1DDF-FR-FCC,Redon,Редон,1DDF-FR-FC
1DDF-FR-FCD,Saint-Malo,Сен-Мало,1DDF-FR-FC
1DDF-FR-FD,Morbihan,Морбіан,1DDF-FR-F
1DDF-FR-FDA,Vannes,Ванн,1DDF-FR-FD
1DDF-FR-FDB,Lorient,Лор’ян,1DDF-FR-FD
1DDF-FR-FDC,Pontivy,Понтіві,1DDF-FR-FD
1DDF-FR-FDD,Carnac,Карнак,1DDF-FR-FD
1DDF-FR-FZ,Brittany: Places of interest,Бретань: визначні місця,1DDF-FR-F
1DDF-FR-FZC,Cornouaille,Корнуай,1DDF-FR-FZ
1DDF-FR-G,Centre-Val de Loire,Центр - Долина Луари,1DDF-FR-X
1DDF-FR-GA,Cher,Шер,1DDF-FR-G
1DDF-FR-GAA,Saint-Amand-Montrond,Сент-Аман-Монтрон,1DDF-FR-GA
1DDF-FR-GAB,Bourges,Бурж,1DDF-FR-GA
1DDF-FR-GAC,Vierzon,В’єрзон,1DDF-FR-GA
1DDF-FR-GAD,Sancerre,Сансерр,1DDF-FR-GA
1DDF-FR-GB,Eure-et-Loir,Ер і Луар,1DDF-FR-G
1DDF-FR-GBA,Chartres,Шартр,1DDF-FR-GB
1DDF-FR-GBB,Châteaudun,Шатоден,1DDF-FR-GB
1DDF-FR-GBC,Dreux,Дре,1DDF-FR-GB
1DDF-FR-GBD,Nogent-le-Rotrou,Ножан-ле-Ротру,1DDF-FR-GB
1DDF-FR-GC,Indre,Ендр,1DDF-FR-G
1DDF-FR-GCA,Châteauroux,Шатору,1DDF-FR-GC
1DDF-FR-GCB,Le Blanc,Ле-Блан,1DDF-FR-GC
1DDF-FR-GCC,La Châtre,Ла-Шатр,1DDF-FR-GC
1DDF-FR-GCD,Issoudun,Іссуден,1DDF-FR-GC
1DDF-FR-GD,Indre-et-Loire,Ендр і Луара,1DDF-FR-G
1DDF-FR-GDA,Tours,Турс,1DDF-FR-GD
1DDF-FR-GDB,Chinon,Шинон,1DDF-FR-GD
1DDF-FR-GDC,Loches,Лош,1DDF-FR-GD
1DDF-FR-GE,Loir-et-Cher,Луар і Шер,1DDF-FR-G
1DDF-FR-GEA,Blois,Блуа,1DDF-FR-GE
1DDF-FR-GEB,Romorantin-Lanthenay,Роморантен-Лантене,1DDF-FR-GE
1DDF-FR-GEC,Vendôme,Вандом,1DDF-FR-GE
1DDF-FR-GF,Loiret,Луаре,1DDF-FR-G
1DDF-FR-GFA,Orléans,Орлеан,1DDF-FR-GF
1DDF-FR-GFB,Montargis,Монтаржі,1DDF-FR-GF
1DDF-FR-GFC,Pithiviers,Пітів’є,1DDF-FR-GF
1DDF-FR-GZ,Centre-Val de Loire: Places of interest,Центр - Долина Луари: визначні місця,1DDF-FR-G
1DDF-FR-GZB,Berry,Беррі,1DDF-FR-GZ
1DDF-FR-GZS,Sologne,Солонь,1DDF-FR-GZ
1DDF-FR-GZT,Touraine,Турень,1DDF-FR-GZ
1DDF-FR-XH,Hauts-de-France,О-де-Франс / Верхня Франція,1DDF-FR-X
1DDF-FR-Q,Nord-Pas-de-Calais,Нор-Па-де-Кале,1DDF-FR-XH
1DDF-FR-QA,Nord,Нор,1DDF-FR-Q
1DDF-FR-QAA,Lille,Лілль,1DDF-FR-QA
1DDF-FR-QAB,Avesnes-sur-Helpe,Авен-сюр-Ельп,1DDF-FR-QA
1DDF-FR-QAC,Cambrai,Камбре,1DDF-FR-QA
1DDF-FR-QAD,Douai,Дуе,1DDF-FR-QA
1DDF-FR-QAE,Dunkirk,Дюнкерк,1DDF-FR-QA
1DDF-FR-QAF,Valenciennes,Валансьєнн,1DDF-FR-QA
1DDF-FR-QB,Pas-de-Calais,Па-де-Кале,1DDF-FR-Q
1DDF-FR-QBA,Arras,Аррас,1DDF-FR-QB
1DDF-FR-QBB,Béthune,Бетюн,1DDF-FR-QB
1DDF-FR-QBC,Boulogne,Булонь-сюр-Мер,1DDF-FR-QB
1DDF-FR-QBD,Calais,Кале,1DDF-FR-QB
1DDF-FR-QBE,Lens,Ланс,1DDF-FR-QB
1DDF-FR-QBF,Montreuil,Монтрей,1DDF-FR-QB
1DDF-FR-QBG,Saint-Omer,Сент-Омер,1DDF-FR-QB
1DDF-FR-S,Picardy,Пікардія,1DDF-FR-XH
1DDF-FR-SA,Aisne,Ена,1DDF-FR-S
1DDF-FR-SAA,Laon,Лан,1DDF-FR-SA
1DDF-FR-SAB,Château-Thierry,Шато-Тьєррі,1DDF-FR-SA
1DDF-FR-SAC,Saint-Quentin,Сен-Кантен,1DDF-FR-SA
1DDF-FR-SAD,Soissons,Суассон,1DDF-FR-SA
1DDF-FR-SAE,Vervins,Вервен,1DDF-FR-SA
1DDF-FR-SB,Oise,Уаза,1DDF-FR-S
1DDF-FR-SBA,Beauvais,Бове,1DDF-FR-SB
1DDF-FR-SBB,Clermont,Клермон (Уаза),1DDF-FR-SB
1DDF-FR-SBC,Compiègne,Комп’єнь,1DDF-FR-SB
1DDF-FR-SBD,Senlis,Санлі,1DDF-FR-SB
1DDF-FR-SC,Somme,Сомма,1DDF-FR-S
1DDF-FR-SCA,Amiens,Ам’єн,1DDF-FR-SC
1DDF-FR-SCB,Abbeville,Аббевіль,1DDF-FR-SC
1DDF-FR-SCC,Montdidier,Мондідьє,1DDF-FR-SC
1DDF-FR-SCD,Péronne,Перонн,1DDF-FR-SC
1DDF-FR-XHZ,Hauts-de-France: Places of interest,О-де-Франс / Верхня Франція: визначні місця,1DDF-FR-XH
1DDF-FR-XHZA,Artois,Артуа,1DDF-FR-XHZ
1DDF-FR-I,Corsica,Корсика / Корсіка,1DDF-FR-X
1DDF-FR-IA,Corse-du-Sud,Південна Корсика,1DDF-FR-I
1DDF-FR-IAA,Ajaccio,Аяччо,1DDF-FR-IA
1DDF-FR-IAB,Sartène,Сартен,1DDF-FR-IA
1DDF-FR-IB,Haute-Corse,Верхня Корсіка,1DDF-FR-I
1DDF-FR-IBA,Bastia,Бастія,1DDF-FR-IB
1DDF-FR-IBB,Calvi,Кальві,1DDF-FR-IB
1DDF-FR-IBC,Corte,Корте,1DDF-FR-IB
1DDF-FR-L,Île-de-France,Іль-де-Франс,1DDF-FR-X
1DDF-FR-LA,Paris (Region),Париж (регіон),1DDF-FR-L
1DDF-FR-LAA,Paris (city),Париж (місто),1DDF-FR-LA
1DDF-FR-LB,Seine-et-Marne,Сена і Марна,1DDF-FR-L
1DDF-FR-LBA,Melun,Мелен,1DDF-FR-LB
1DDF-FR-LBB,Fontainebleau,Фонтенбло,1DDF-FR-LB
1DDF-FR-LBC,Meaux,Мо,1DDF-FR-LB
1DDF-FR-LBD,Provins,Провен,1DDF-FR-LB
1DDF-FR-LBE,Torcy,Торсі,1DDF-FR-LB
1DDF-FR-LC,Yvelines,Івлін,1DDF-FR-L
1DDF-FR-LCA,Versailles,Версаль,1DDF-FR-LC
1DDF-FR-LCB,Mantes-la-Jolie,Мант-ла-Жолі,1DDF-FR-LC
1DDF-FR-LCC,Rambouillet,Рамбуйє,1DDF-FR-LC
1DDF-FR-LCD,Saint-Germain-en-Laye,Сен-Жермен-ан-Ле,1DDF-FR-LC
1DDF-FR-LD,Essonne,Ессон,1DDF-FR-L
1DDF-FR-LDA,Évry,Еврі,1DDF-FR-LD
1DDF-FR-LDB,Étampes,Етамп,1DDF-FR-LD
1DDF-FR-LDC,Palaiseau,Палезо,1DDF-FR-LD
1DDF-FR-LE,Hauts-de-Seine,О-де-Сен,1DDF-FR-L
1DDF-FR-LEA,Nanterre,Нантерр,1DDF-FR-LE
1DDF-FR-LEB,Antony,Антоні,1DDF-FR-LE
1DDF-FR-LEC,Boulogne-Billancourt,Булонь-Біянкур,1DDF-FR-LE
1DDF-FR-LF,Seine-Saint-Denis,Сена-Сен-Дені,1DDF-FR-L
1DDF-FR-LFA,Bobigny,Бобіньї,1DDF-FR-LF
1DDF-FR-LFB,Le Raincy,Ле-Ренсі,1DDF-FR-LF
1DDF-FR-LFC,Saint-Denis,Сен-Дені,1DDF-FR-LF
1DDF-FR-LG,Val-de-Marne,Валь-де-Марн,1DDF-FR-L
1DDF-FR-LGA,Créteil,Кретей,1DDF-FR-LG
1DDF-FR-LGB,L’Haÿ-les-Roses,Л’Аї́-ле-Роз,1DDF-FR-LG
1DDF-FR-LGC,Nogent-sur-Marne,Ножан-сюр-Марн,1DDF-FR-LG
1DDF-FR-LH,Val-d’Oise,Валь-д’Уаз,1DDF-FR-L
1DDF-FR-LHA,Pontoise,Понтуаз,1DDF-FR-LH
1DDF-FR-LHB,Argenteuil,Аржантей,1DDF-FR-LH
1DDF-FR-LHC,Sarcelles,Сарсель,1DDF-FR-LH
1DDF-FR-LZ,Île-de-France: Places of interest,Іль-де-Франс: визначні місця,1DDF-FR-L
1DDF-FR-LZB,Brie,Брі,1DDF-FR-LZ
1DDF-FR-LZV,Vexin,Вексин,1DDF-FR-LZ
1DDF-FR-XN,Normandy,Нормандія,1DDF-FR-X
1DDF-FR-D,Basse-Normandie,Нижня Нормандія,1DDF-FR-XN
1DDF-FR-DA,Calvados,Кальвадос,1DDF-FR-D
1DDF-FR-DAA,Caen,Кан,1DDF-FR-DA
1DDF-FR-DAB,Bayeux,Байо,1DDF-FR-DA
1DDF-FR-DAC,Lisieux,Лізьє,1DDF-FR-DA
1DDF-FR-DAD,Vire-Normandie,Вір-Норманді,1DDF-FR-DA
1DDF-FR-DB,Manche,Манш,1DDF-FR-D
1DDF-FR-DBA,Saint-Lô,Сен-Ло,1DDF-FR-DB
1DDF-FR-DBB,Avranches,Авранш,1DDF-FR-DB
1DDF-FR-DBC,Cherbourg-en-Cotentin,Шербур-ан-Котантен,1DDF-FR-DB
1DDF-FR-DBD,Coutances,Кутанс,1DDF-FR-DB
1DDF-FR-DBE,Mont Saint-Michel,Ле-Мон-Сен-Мішель,1DDF-FR-DB
1DDF-FR-DC,Orne,Орн,1DDF-FR-D
1DDF-FR-DCA,Alençon,Алансон,1DDF-FR-DC
1DDF-FR-DCB,Argentan,Аржантан,1DDF-FR-DC
1DDF-FR-DCC,Mortagne-au-Perche,Мортань-о-Перш,1DDF-FR-DC
1DDF-FR-K,Haute-Normandie,Верхня Нормандія,1DDF-FR-XN
1DDF-FR-KA,Eure,Ер,1DDF-FR-K
1DDF-FR-KAA,Évreux,Евре,1DDF-FR-KA
1DDF-FR-KAB,Les Andelys,Лез-Анделі,1DDF-FR-KA
1DDF-FR-KAC,Bernay,Берне,1DDF-FR-KA
1DDF-FR-KB,Seine-Maritime,Сена-Марітім,1DDF-FR-K
1DDF-FR-KBA,Rouen,Руан,1DDF-FR-KB
1DDF-FR-KBB,Dieppe,Дьєп,1DDF-FR-KB
1DDF-FR-KBC,Le Havre,Гавр,1DDF-FR-KB
1DDF-FR-XNZ,Normandy: Places of interest,Нормандія: визначні місця,1DDF-FR-XN
1DDF-FR-XNZB,Normandy Beaches,Пляжі Нормандії,1DDF-FR-XNZ
1DDF-FR-XNZD,Perche,Perche,1DDF-FR-XNZ
1DDF-FR-XNZF,Pays d’Auge,Пайс-д’Ауж,1DDF-FR-XNZ
1DDF-FR-XNZH,Pays de Caux,Pays de Caux,1DDF-FR-XNZ
1DDF-FR-XQ,Nouvelle-Aquitaine,Нувель-Аквітанія,1DDF-FR-X
1DDF-FR-B,Aquitaine,Аквітанія,1DDF-FR-XQ
1DDF-FR-BA,Dordogne,Дордонь,1DDF-FR-B
1DDF-FR-BAA,Périgueux,Періге,1DDF-FR-BA
1DDF-FR-BAB,Bergerac,Бержерак,1DDF-FR-BA
1DDF-FR-BAC,Nontron,Нонтрон,1DDF-FR-BA
1DDF-FR-BAD,Sarlat-la-Canéda,Сарла-ла-Канеда,1DDF-FR-BA
1DDF-FR-BB,Gironde,Жиронда,1DDF-FR-B
1DDF-FR-BBA,Bordeaux,Бордо,1DDF-FR-BB
1DDF-FR-BBB,Arcachon,Аркашон,1DDF-FR-BB
1DDF-FR-BBC,Blaye,Бле,1DDF-FR-BB
1DDF-FR-BBD,Langon,Лангон,1DDF-FR-BB
1DDF-FR-BBE,Lesparre-Médoc,Леспарр-Медок,1DDF-FR-BB
1DDF-FR-BBF,Libourne,Лібурн,1DDF-FR-BB
1DDF-FR-BBG,Saint-Émilion,Сент-Емільйон,1DDF-FR-BB
1DDF-FR-BC,Landes,Ланди,1DDF-FR-B
1DDF-FR-BCA,Mont-de-Marsan,Мон-де-Марсан,1DDF-FR-BC
1DDF-FR-BCB,Dax,Дакс,1DDF-FR-BC
1DDF-FR-BD,Lot-et-Garonne,Лот і Ґаронна,1DDF-FR-B
1DDF-FR-BDA,Agen,Ажен,1DDF-FR-BD
1DDF-FR-BDB,Marmande,Марманд,1DDF-FR-BD
1DDF-FR-BDC,Nérac,Нерак,1DDF-FR-BD
1DDF-FR-BDD,Villeneuve-sur-Lot,Вільнев-сюр-Лот,1DDF-FR-BD
1DDF-FR-BE,Pyrénées-Atlantiques,Атлантичні Піренеї,1DDF-FR-B
1DDF-FR-BEA,Pau,Пау,1DDF-FR-BE
1DDF-FR-BEB,Bayonne,Байонна,1DDF-FR-BE
1DDF-FR-BEC,Biarritz,Біарріц,1DDF-FR-BE
1DDF-FR-BED,Oloron-Sainte-Marie,Олорон-Сент-Марі,1DDF-FR-BE
1DDF-FR-N,Limousin,Лімузен,1DDF-FR-XQ
1DDF-FR-NA,Corrèze,Коррез,1DDF-FR-N
1DDF-FR-NAA,Tulle,Тюль,1DDF-FR-NA
1DDF-FR-NAB,Brive-la-Gaillarde,Брив-ла-Гаярд,1DDF-FR-NA
1DDF-FR-NAC,Ussel,Юссель,1DDF-FR-NA
1DDF-FR-NB,Creuse,Крез,1DDF-FR-N
1DDF-FR-NBA,Guéret,Гере,1DDF-FR-NB
1DDF-FR-NBB,Aubusson,Обюссон,1DDF-FR-NB
1DDF-FR-NC,Haute-Vienne,Верхня В’єнна,1DDF-FR-N
1DDF-FR-NCA,Limoges,Лімож,1DDF-FR-NC
1DDF-FR-NCB,Bellac,Беллак,1DDF-FR-NC
1DDF-FR-NCC,Rochechouart,Рошешуар,1DDF-FR-NC
1DDF-FR-T,Poitou-Charentes,Пуату-Шарант,1DDF-FR-XQ
1DDF-FR-TA,Charente,Шаранта,1DDF-FR-T
1DDF-FR-TAA,Angoulême,Ангулем,1DDF-FR-TA
1DDF-FR-TAB,Cognac,Коньяк,1DDF-FR-TA
1DDF-FR-TAC,Confolens,Конфолан,1DDF-FR-TA
1DDF-FR-TB,Charente-Maritime,Приморська Шаранта,1DDF-FR-T
1DDF-FR-TBA,La Rochelle,Ла-Рошель,1DDF-FR-TB
1DDF-FR-TBB,Jonzac,Жонзак,1DDF-FR-TB
1DDF-FR-TBC,Rochefort,Рошфор,1DDF-FR-TB
1DDF-FR-TBD,Saint-Jean-d’Angély,Сен-Жан-д’Анжелі,1DDF-FR-TB
1DDF-FR-TBE,Saintes,Сент,1DDF-FR-TB
1DDF-FR-TC,Deux-Sèvres,Де-Севр,1DDF-FR-T
1DDF-FR-TCA,Niort,Ніор,1DDF-FR-TC
1DDF-FR-TCB,Bressuire,Брессюїр,1DDF-FR-TC
1DDF-FR-TCC,Parthenay,Партене,1DDF-FR-TC
1DDF-FR-TD,Vienne (86),В’єнна (86),1DDF-FR-T
1DDF-FR-TDA,Poitiers,Пуатьє,1DDF-FR-TD
1DDF-FR-TDB,Châtellerault,Шательро,1DDF-FR-TD
1DDF-FR-TDC,Montmorillon,Монморійон,1DDF-FR-TD
1DDF-FR-XQZ,Nouvelle-Aquitaine: Places of interest,Нувель-Аквітанія: визначні місця,1DDF-FR-XQ
1DDF-FR-XQZB,Béarn,Беарн,1DDF-FR-XQZ
1DDF-FR-XQZD,Gascony,Гасконь,1DDF-FR-XQZ
1DDF-FR-XQZG,Guyenne,Гуен,1DDF-FR-XQZ
1DDF-FR-XQZH,Navarre (Lower),Нижня Наварра,1DDF-FR-XQZ
1DDF-FR-XQZJ,Périgord,Перигор,1DDF-FR-XQZ
1DDF-FR-XQZK,Poitou,Пуату,1DDF-FR-XQZ
1DDF-FR-XQZL,Lascaux,Печера Ласко,1DDF-FR-XQZ
1DDF-FR-XQZM,La Marche (Province),Графство Ла Марш (провінція),1DDF-FR-XQZ
1DDF-FR-R,Pays de la Loire,Пеї-де-ла-Луар / Пеі-де-ла-Луар,1DDF-FR-X
1DDF-FR-RA,Loire-Atlantique,Атлантична Луара,1DDF-FR-R
1DDF-FR-RAA,Saint-Nazaire,Сен-Назер,1DDF-FR-RA
1DDF-FR-RAB,Nantes,Нант,1DDF-FR-RA
1DDF-FR-RAC,Châteaubriant,Шатобріан,1DDF-FR-RA
1DDF-FR-RB,Maine-et-Loire,Мен і Луара,1DDF-FR-R
1DDF-FR-RBA,Angers,Анже,1DDF-FR-RB
1DDF-FR-RBB,Saumur,Сомюр,1DDF-FR-RB
1DDF-FR-RBC,Cholet,Шоле,1DDF-FR-RB
1DDF-FR-RBD,Segré,Сегре,1DDF-FR-RB
1DDF-FR-RC,Mayenne,Майєн / Маєнн,1DDF-FR-R
1DDF-FR-RCA,Laval,Лаваль,1DDF-FR-RC
1DDF-FR-RCB,Château-Gontier,Шато-Гонтьє,1DDF-FR-RC
1DDF-FR-RD,Sarthe,Сарта,1DDF-FR-R
1DDF-FR-RDA,Le Mans,Ле-Ман,1DDF-FR-RD
1DDF-FR-RDB,La Flèche,Ла-Флеш,1DDF-FR-RD
1DDF-FR-RDC,Mamers,Маме,1DDF-FR-RD
1DDF-FR-RE,Vendée,Вандея,1DDF-FR-R
1DDF-FR-REA,La Roche-sur-Yon,Ла-Рош-сюр-Іон,1DDF-FR-RE
1DDF-FR-REB,Fontenay-le-Comte,Фонтене-ле-Конт,1DDF-FR-RE
1DDF-FR-REC,Les Sables-d’Olonne,Ле-Сабль-д’Олонн,1DDF-FR-RE
1DDF-FR-RZ,Pays de la Loire: Places of interest,Пеї-де-ла-Луар / Пеі-де-ла-Луар: визначні місця,1DDF-FR-R
1DDF-FR-RZA,Anjou,Анжу,1DDF-FR-RZ
1DDF-FR-RZM,Maine (province),Мен (провінція),1DDF-FR-RZ
1DDF-FR-U,Provence-Alpes-Côte d’Azur,Прованс-Альпи-Лазуровий берег,1DDF-FR-X
1DDF-FR-UA,Alpes-de-Haute-Provence,Альпи Верхнього Провансу,1DDF-FR-U
1DDF-FR-UAA,Digne-les-Bains,Дінь-ле-Бен,1DDF-FR-UA
1DDF-FR-UAB,Barcelonnette,Барселоннетт,1DDF-FR-UA
1DDF-FR-UAC,Castellane,Кастеллан,1DDF-FR-UA
1DDF-FR-UAD,Forcalquier,Форкальк’є,1DDF-FR-UA
1DDF-FR-UB,Hautes-Alpes,Верхні Альпи,1DDF-FR-U
1DDF-FR-UBA,Gap,Гап,1DDF-FR-UB
1DDF-FR-UBB,Briançon,Бріансон,1DDF-FR-UB
1DDF-FR-UC,Alpes-Maritimes,Приморські Альпи,1DDF-FR-U
1DDF-FR-UCA,Nice,Ніцца,1DDF-FR-UC
1DDF-FR-UCB,Grasse,Грасс,1DDF-FR-UC
1DDF-FR-UCC,Cannes,Канни,1DDF-FR-UC
1DDF-FR-UD,Bouches-du-Rhône,Буш-дю-Рон,1DDF-FR-U
1DDF-FR-UDA,Marseille,Марсель,1DDF-FR-UD
1DDF-FR-UDB,Aix-en-Provence,Екс-ан-Прованс,1DDF-FR-UD
1DDF-FR-UDC,Arles,Арль,1DDF-FR-UD
1DDF-FR-UDD,Istres,Істр,1DDF-FR-UD
1DDF-FR-UE,Var,Вар,1DDF-FR-U
1DDF-FR-UEA,Toulon,Тулон,1DDF-FR-UE
1DDF-FR-UEB,Brignoles,Бриньйоль,1DDF-FR-UE
1DDF-FR-UEC,Saint-Tropez,Сен-Тропе,1DDF-FR-UE
1DDF-FR-UED,Draguignan,Драгіньян,1DDF-FR-UE
1DDF-FR-UF,Vaucluse,Воклюз,1DDF-FR-U
1DDF-FR-UFA,Avignon,Авіньйон,1DDF-FR-UF
1DDF-FR-UFB,Apt,Апт,1DDF-FR-UF
1DDF-FR-UFC,Carpentras,Карпантра,1DDF-FR-UF
1DDF-FR-UFD,Orange,Помаранч,1DDF-FR-UF
1DDF-FR-UZ,Provence-Alpes-Côte d’Azur: Places of interest,Прованс-Альпи-Лазуровий берег: визначні місця,1DDF-FR-U
1DDF-FR-UZC,French Riviera / Côte d’Azur,Французька Рив’єра / Лазурний Берег,1DDF-FR-UZ
1DDF-FR-UZD,The Luberon,Люберон,1DDF-FR-UZ
1DDF-FR-UZF,Mercantour,Меркантур,1DDF-FR-UZ
1DDF-FR-UZG,Camargue,Камарг,1DDF-FR-UZ
1DDF-FR-UZP,Provence,Прованс,1DDF-FR-UZ
1DDF-FR-Z,France: Places of interest,Франція: визначні місця,1DDF
1DDF-FR-ZB,The Seine,"Сена, річка",1DDF-FR-Z
1DDF-FR-ZD,The Dordogne,"Дордонь, річка",1DDF-FR-Z
1DDF-FR-ZL,The Loire and the Loire Valley,"Луара, річка і Долина Луара",1DDF-FR-Z
1DDF-FR-ZR,The Rhône,"Рона, річка",1DDF-FR-Z
1DDF-FR-ZS,Massif Central,Центральний масив,1DDF-FR-Z
1DDL,Luxembourg,Люксембурґ. Велике Герцогство Люксембурґ,1DD
1DDM,Monaco,Монако,1DD
1DDN,Netherlands,Нідерланди. Королівство Нідерланди,1DD
1DDN-NL-A,Amsterdam,Амстердам,1DDN
1DDN-NL-B,North Brabant,Північний Брабант,1DDN
1DDN-NL-BB,Breda,Бреда,1DDN-NL-B
1DDN-NL-BE,Eindhoven,Ейндговен,1DDN-NL-B
1DDN-NL-BH,s-Hertogenbosch,Гертоґенбос,1DDN-NL-B
1DDN-NL-BT,Tilburg,Тілбурґ,1DDN-NL-B
1DDN-NL-D,Drenthe,Дренте,1DDN
1DDN-NL-DA,Assen,Ассен,1DDN-NL-D
1DDN-NL-DE,Emmen,Еммен,1DDN-NL-D
1DDN-NL-F,Flevoland,Флеволанд,1DDN
1DDN-NL-FA,Almere,Алмере,1DDN-NL-F
1DDN-NL-FL,Lelystad,Лелістад,1DDN-NL-F
1DDN-NL-G,Gelderland,Ґелдерланд,1DDN
1DDN-NL-GA,Arnhem,Арнем,1DDN-NL-G
1DDN-NL-GD,Apeldoorn,Апелдорн,1DDN-NL-G
1DDN-NL-GE,Ede,Еде,1DDN-NL-G
1DDN-NL-GN,Nijmegen,Неймеґен,1DDN-NL-G
1DDN-NL-GR,Achterhoek,Ахтерхук,1DDN-NL-G
1DDN-NL-GS,Betuwe (Batavia),Бетюве (Батавія),1DDN-NL-G
1DDN-NL-GV,Veluwe,Велюве,1DDN-NL-G
1DDN-NL-H,North Holland,Північна Голландія,1DDN
1DDN-NL-HH,Haarlem,Гарлем,1DDN-NL-H
1DDN-NL-HM,Alkmaar,Алкмар,1DDN-NL-H
1DDN-NL-L,Limburg (NL),Лімбурґ,1DDN
1DDN-NL-LM,Maastricht,Маастріхт,1DDN-NL-L
1DDN-NL-LV,Venlo,Венло,1DDN-NL-L
1DDN-NL-N,Groningen (province),Ґронінґен (провінція),1DDN
1DDN-NL-NG,Groningen,Ґронінґен,1DDN-NL-N
1DDN-NL-R,Friesland,Фрісланд,1DDN
1DDN-NL-RL,Leeuwarden,Леуварден,1DDN-NL-R
1DDN-NL-S,South Holland,Південна Голландія,1DDN
1DDN-NL-SA,Alphen aan den Rijn,Алпен-ан-ден-Рейн,1DDN-NL-S
1DDN-NL-SC,Dordrecht,Дордрехт,1DDN-NL-S
1DDN-NL-SD,Delft,Делфт,1DDN-NL-S
1DDN-NL-SH,The Hague,Гааґа,1DDN-NL-S
1DDN-NL-SL,Leiden,Лейден,1DDN-NL-S
1DDN-NL-SR,Rotterdam,Роттердам,1DDN-NL-S
1DDN-NL-SZ,Zoetermeer,Зутермер,1DDN-NL-S
1DDN-NL-U,Utrecht (province),Утрехт (провінція),1DDN
1DDN-NL-UA,Amersfoort,Амерсфорт,1DDN-NL-U
1DDN-NL-UU,Utrecht,Утрехт,1DDN-NL-U
1DDN-NL-UV,Utrechtse Heuvelrug (Utrecht Hill Ridge),"Утрехтсе-Гевелрюґ (Утрехт Хілл, хребет)",1DDN-NL-U
1DDN-NL-V,Overijssel,Оверейссел,1DDN
1DDN-NL-VE,Enschede,Енсхеде,1DDN-NL-V
1DDN-NL-VT,Twente,Твенте,1DDN-NL-V
1DDN-NL-VZ,Zwolle,Зволле,1DDN-NL-V
1DDN-NL-X,Netherlands: Places of interest,Нідерланди: визначні місця,1DDN
1DDN-NL-XB,Groene Hart,Грін Харт,1DDN-NL-X
1DDN-NL-XD,IJsselmeer,"Ейсселмер (Зейдер-Зе), річка",1DDN-NL-X
1DDN-NL-XF,West Frisian Islands,Західнофрізькі острови,1DDN-NL-X
1DDN-NL-Z,Zeeland,Зеланд,1DDN
1DDN-NL-ZG,Goes,Ґус,1DDN-NL-Z
1DDN-NL-ZM,Middelburg,Мідделбурґ,1DDN-NL-Z
1DDN-NL-ZV,Vlissingen,Фліссінґен,1DDN-NL-Z
1DDR,Ireland,Ірландія. Республіка Ірландія. Ейре,1DD
1DDR-IE-C,Connaught,Коннахт,1DDR
1DDR-IE-CG,County Galway,Голвей,1DDR-IE-C
1DDR-IE-CGC,Connemara,Коннемара,1DDR-IE-CG
1DDR-IE-CGD,The Twelve Bens,Дванадцять штирів (гірський масив),1DDR-IE-CG
1DDR-IE-CGG,Galway,Ґолуей,1DDR-IE-CG
1DDR-IE-CL,Leitrim,Літрім,1DDR-IE-C
1DDR-IE-CM,Mayo,Мейо,1DDR-IE-C
1DDR-IE-CR,Roscommon,Роскоммон,1DDR-IE-C
1DDR-IE-CS,Sligo,Слайго,1DDR-IE-C
1DDR-IE-L,Leinster,Лінстер / Ленстер,1DDR
1DDR-IE-LC,Carlow,Карлоу,1DDR-IE-L
1DDR-IE-LD,County Dublin,Дублін (регіональна одиниця),1DDR-IE-L
1DDR-IE-LDD,Dublin,Дублін,1DDR-IE-LD
1DDR-IE-LH,Louth,Лаут,1DDR-IE-L
1DDR-IE-LI,Wicklow,Віклоу,1DDR-IE-L
1DDR-IE-LIM,The Wicklow Mountains,Гори Віклоу,1DDR-IE-LI
1DDR-IE-LK,Kildare,Кілдаре,1DDR-IE-L
1DDR-IE-LL,Laois,Ліїш,1DDR-IE-L
1DDR-IE-LM,Meath,Міт,1DDR-IE-L
1DDR-IE-LMN,Newgrange,Ньюгрейндж,1DDR-IE-LM
1DDR-IE-LN,Longford,Лонґфорд,1DDR-IE-L
1DDR-IE-LO,Offaly,Оффалі,1DDR-IE-L
1DDR-IE-LW,Westmeath,Західний Міт,1DDR-IE-L
1DDR-IE-LX,Wexford,Уексфорд,1DDR-IE-L
1DDR-IE-LY,Kilkenny,Кілкенні,1DDR-IE-L
1DDR-IE-M,Munster,Манстер,1DDR
1DDR-IE-MC,County Cork,Корк (графство),1DDR-IE-M
1DDR-IE-MCC,Cork,Корк,1DDR-IE-MC
1DDR-IE-MK,Kerry,Керрі,1DDR-IE-M
1DDR-IE-MKD,Dingle Peninsula,Півострів Дінгл,1DDR-IE-MK
1DDR-IE-MKK,Killarney,Кілларні,1DDR-IE-MK
1DDR-IE-MKR,Ring of Kerry,Кільце Керрі,1DDR-IE-MK
1DDR-IE-MKS,Macgillycuddy’s Reeks,Макгіллікаддіс Рікс,1DDR-IE-MK
1DDR-IE-ML,Clare,Клер,1DDR-IE-M
1DDR-IE-MLB,The Burren,Буррен,1DDR-IE-ML
1DDR-IE-MM,County Limerick,Лімерик (графство),1DDR-IE-M
1DDR-IE-MML,Limerick,Лімерик (місто),1DDR-IE-MM
1DDR-IE-MT,Tipperary,Тіпперері,1DDR-IE-M
1DDR-IE-MW,Waterford,Вотерфорд,1DDR-IE-M
1DDR-IE-U,Ulster,Ольстер,1DDR
1DDR-IE-UC,Cavan,Каван,1DDR-IE-U
1DDR-IE-UD,Donegal,Донегол,1DDR-IE-U
1DDR-IE-UM,Monaghan,Монахан,1DDR-IE-U
1DDR-IE-Z,Ireland: Places of interest,Ірландія: визначні місця,1DDR
1DDR-IE-ZA,Atlantic Coast of Ireland,Атлантичне узбережжя Ірландії,1DDR-IE-Z
1DDR-IE-ZS,The Shannon,"Шанон, річка",1DDR-IE-Z
1DDU,"United Kingdom, Great Britain",Сполучене Королівство Великої Британії,1DD
1DDU-GB-E,England,Англія,1DDU
1DDU-GB-EA,East Anglia,Східна Англія,1DDU-GB-E
1DDU-GB-EAC,Cambridgeshire,Кембріджшир,1DDU-GB-EA
1DDU-GB-EACD,Cambridge,Кембрідж,1DDU-GB-EAC
1DDU-GB-EAN,Norfolk,Норфолк,1DDU-GB-EA
1DDU-GB-EAS,Suffolk,Саффолк,1DDU-GB-EA
1DDU-GB-EAX,Essex,Ессекс,1DDU-GB-EA
1DDU-GB-EAZ,East Anglia: Places of interest,Східна Англія: визначні місця,1DDU-GB-EA
1DDU-GB-EAZF,The Fens and the Wash,Фенські болота та Уош,1DDU-GB-EAZ
1DDU-GB-EAZN,Norfolk Broads,Норфолк Бродс,1DDU-GB-EAZ
1DDU-GB-EM,Midlands,Мідлендс,1DDU-GB-E
1DDU-GB-EMD,Derbyshire,Дербішир,1DDU-GB-EM
1DDU-GB-EMDD,Derby,Дербі,1DDU-GB-EMD
1DDU-GB-EMF,Herefordshire,Герефордшир,1DDU-GB-EM
1DDU-GB-EMH,Leicestershire,Лестершир,1DDU-GB-EM
1DDU-GB-EMHL,Leicester,Лестер,1DDU-GB-EMH
1DDU-GB-EML,Lincolnshire,Лінкольншир,1DDU-GB-EM
1DDU-GB-EMLL,Lincoln (UK),Лінкольн (Англія),1DDU-GB-EML
1DDU-GB-EMM,Northamptonshire,Нортгемптоншир,1DDU-GB-EM
1DDU-GB-EMN,Nottinghamshire,Ноттінґемшир,1DDU-GB-EM
1DDU-GB-EMNN,Nottingham,Ноттінґем,1DDU-GB-EMN
1DDU-GB-EMP,Shropshire,Шропшир,1DDU-GB-EM
1DDU-GB-EMR,Rutland,Ратленд,1DDU-GB-EM
1DDU-GB-EMS,Staffordshire,Стаффордшир,1DDU-GB-EM
1DDU-GB-EMSP,Stoke-on-Trent and The Potteries,Сток-он-Трент,1DDU-GB-EMS
1DDU-GB-EMT,Worcestershire,Вустершир,1DDU-GB-EM
1DDU-GB-EMW,"Warwickshire, West Midlands",Вест-Мідлендс,1DDU-GB-EM
1DDU-GB-EMWB,Birmingham (UK),Бірмінґем,1DDU-GB-EMW
1DDU-GB-EMWC,Coventry,Ковентрі,1DDU-GB-EMW
1DDU-GB-EMWS,Stratford-upon-Avon,Стретфорд-на-Ейвоні,1DDU-GB-EMW
1DDU-GB-EMWW,Wolverhampton and the Black Country,Чорна країна (район Західного Мідленда),1DDU-GB-EMW
1DDU-GB-EMZ,Midlands: Places of interest,Мідлендс: визначні місця,1DDU-GB-EM
1DDU-GB-EMZD,The Peak District,Пік Дістрікт,1DDU-GB-EMZ
1DDU-GB-EMZM,Welsh Marches,Валлійський Марш,1DDU-GB-EMZ
1DDU-GB-EN,North West England,Північно-Західний регіон Англії,1DDU-GB-E
1DDU-GB-ENC,Cheshire,Чешир,1DDU-GB-EN
1DDU-GB-ENL,Lancashire,Ланкашир,1DDU-GB-EN
1DDU-GB-ENLB,Blackpool,Блекпуль,1DDU-GB-ENL
1DDU-GB-ENLL,Liverpool,Ліверпуль,1DDU-GB-ENL
1DDU-GB-ENLM,Manchester,Манчестер,1DDU-GB-ENL
1DDU-GB-ENM,Cumbria,Камбрія,1DDU-GB-EN
1DDU-GB-ENZ,North West England: Places of interest,Північно-Західний регіон Англії: визначні місця,1DDU-GB-EN
1DDU-GB-ENZL,The Lake District,Озерний край,1DDU-GB-ENZ
1DDU-GB-ES,South and South East England,Південь та Південно-Східний регіон Англії,1DDU-GB-E
1DDU-GB-ESB,Berkshire,Беркшир,1DDU-GB-ES
1DDU-GB-ESBR,Reading (Berkshire),Редінґ,1DDU-GB-ESB
1DDU-GB-ESBW,Windsor,Віндзор,1DDU-GB-ESB
1DDU-GB-ESD,Bedfordshire,Бедфордшир,1DDU-GB-ES
1DDU-GB-ESF,Oxfordshire,Оксфордшир,1DDU-GB-ES
1DDU-GB-ESFX,Oxford,Оксфорд,1DDU-GB-ESF
1DDU-GB-ESH,Hampshire,Гемпшир,1DDU-GB-ES
1DDU-GB-ESHS,Southampton and the Solent,Саутгемптон та Солент,1DDU-GB-ESH
1DDU-GB-ESK,Kent,Кент,1DDU-GB-ES
1DDU-GB-ESKC,Canterbury,Кентербері,1DDU-GB-ESK
1DDU-GB-ESL,"London, Greater London",Лондон. Великий Лондон (адміністративна одиниця),1DDU-GB-ES
1DDU-GB-ESLC,Central London,Центральний Лондон,1DDU-GB-ESL
1DDU-GB-ESLCW,Westminster,Вестмінстер,1DDU-GB-ESLC
1DDU-GB-ESLF,City of London,Лондон (столиця держави),1DDU-GB-ESL
1DDU-GB-ESR,Surrey,Суррей,1DDU-GB-ES
1DDU-GB-EST,Hertfordshire,Хартфордшир,1DDU-GB-ES
1DDU-GB-ESU,Buckinghamshire,Бакінгемшир,1DDU-GB-ES
1DDU-GB-ESUB,Bletchley Park,Блечлі-Парк,1DDU-GB-ESU
1DDU-GB-ESW,Isle of Wight,Айл-оф-Уайт / Острів Уайт,1DDU-GB-ES
1DDU-GB-ESX,Sussex,Суссекс,1DDU-GB-ES
1DDU-GB-ESXB,Brighton and Hove,Брайтон і Гоув,1DDU-GB-ESX
1DDU-GB-ESZ,South and South East England: Places of interest,Південний та Південно-Східний регіони Англії: визначні місця,1DDU-GB-ES
1DDU-GB-ESZC,The Chilterns,Чільтерни,1DDU-GB-ESZ
1DDU-GB-ESZD,"North and South Downs, the Weald","Північний та Південний Даунс, Weald",1DDU-GB-ESZ
1DDU-GB-ESZF,The New Forest,"Нью-Форест, національний парк",1DDU-GB-ESZ
1DDU-GB-ESZT,The Thames,Темза,1DDU-GB-ESZ
1DDU-GB-EW,South West England,Південно-Західний регіон Англії,1DDU-GB-E
1DDU-GB-EWC,Cornwall,Корнуолл,1DDU-GB-EW
1DDU-GB-EWCS,Isles of Scilly,Острови Сіллі,1DDU-GB-EWC
1DDU-GB-EWD,Devon,Девон,1DDU-GB-EW
1DDU-GB-EWDP,Plymouth,Плімут,1DDU-GB-EWD
1DDU-GB-EWG,Gloucestershire,Ґлостершир,1DDU-GB-EW
1DDU-GB-EWS,Somerset,Сомерсет,1DDU-GB-EW
1DDU-GB-EWSB,Bristol,Бристоль,1DDU-GB-EWS
1DDU-GB-EWSG,Glastonbury,Гластонбері,1DDU-GB-EWS
1DDU-GB-EWSH,Bath,Бат,1DDU-GB-EWS
1DDU-GB-EWT,Dorset,Дорсет,1DDU-GB-EW
1DDU-GB-EWTB,Bournemouth and Poole,Борнмут і Пул,1DDU-GB-EWT
1DDU-GB-EWW,Wiltshire,Вілтшир,1DDU-GB-EW
1DDU-GB-EWWS,Salisbury,Солсбері,1DDU-GB-EWW
1DDU-GB-EWZ,South West England: Places of interest,Південно-Західний регіон Англії: визначні місця,1DDU-GB-EW
1DDU-GB-EWZC,The Cotswolds,Котсволдс,1DDU-GB-EWZ
1DDU-GB-EWZD,Jurassic Coast and Purbeck,Юрське узбережжя та Пурбек,1DDU-GB-EWZ
1DDU-GB-EWZM,"Dartmoor, Exmoor and Bodmin Moor","Дартмур, Ексмур і Бодмін Мур",1DDU-GB-EWZ
1DDU-GB-EWZS,Stonehenge,Стоунхендж,1DDU-GB-EWZ
1DDU-GB-EWZW,Wessex,Вессекс,1DDU-GB-EWZ
1DDU-GB-EY,North and North East England,Північний та Північно-Східний регіони Англії,1DDU-GB-E
1DDU-GB-EYD,Durham,Дарем,1DDU-GB-EY
1DDU-GB-EYK,Yorkshire,Йоркшир,1DDU-GB-EY
1DDU-GB-EYKH,Hull and East Yorkshire,Галл,1DDU-GB-EYK
1DDU-GB-EYKK,York,Йорк,1DDU-GB-EYK
1DDU-GB-EYKL,"Leeds, Bradford","Лідс, Бредфорд",1DDU-GB-EYK
1DDU-GB-EYKM,Middlesbrough and Teesside,Мідлсбро і Тісайд,1DDU-GB-EYK
1DDU-GB-EYKS,Sheffield and Rotherham,Шеффілд і Ротерем,1DDU-GB-EYK
1DDU-GB-EYKW,Whitby,Вітбі,1DDU-GB-EYK
1DDU-GB-EYN,"Northumberland, Tyne and Wear","Нортумберленд, Тайн-енд-Вір",1DDU-GB-EY
1DDU-GB-EYNC,Newcastle and Gateshead,Ньюкасл-апон-Тайн,1DDU-GB-EYN
1DDU-GB-EYNS,Sunderland and Wearside,Сандерленд і Вірсайд,1DDU-GB-EYN
1DDU-GB-EYZ,North and North East England: Places of interest,Північний та Північно-Східний регіони Англії: визначні місця,1DDU-GB-EY
1DDU-GB-EYZB,The Pennines,Пеннінські гори,1DDU-GB-EYZ
1DDU-GB-EYZF,North York Moors,Норт-Йорк-Мурс,1DDU-GB-EYZ
1DDU-GB-EYZH,Yorkshire Dales,Йоркширські Дейли,1DDU-GB-EYZ
1DDU-GB-EYZL,Farne Islands and Lindisfarne (Holy Island),Острови Фарне і Ліндісфарн (Святий острів),1DDU-GB-EYZ
1DDU-GB-EYZN,Northumberland National Park,Нортумберлендський національний парк,1DDU-GB-EYZ
1DDU-GB-EYZW,Hadrian’s Wall,Адріанів вал,1DDU-GB-EYZ
1DDU-GB-N,Northern Ireland,Північна Ірландія. Ольстер,1DDU
1DDU-GB-NB,Belfast,Белфаст,1DDU-GB-N
1DDU-GB-NC,Antrim,Антрім,1DDU-GB-N
1DDU-GB-ND,Armagh,Арма (Армаґ),1DDU-GB-N
1DDU-GB-NE,County Derry / County Londonderry,Графство Деррі / Графство Лондондеррі,1DDU-GB-N
1DDU-GB-NEC,Derry / Londonderry,Деррі (Лондондеррі),1DDU-GB-NE
1DDU-GB-NG,Down,Даун,1DDU-GB-N
1DDU-GB-NJ,Fermanagh,Фермана (Ферманаґ),1DDU-GB-N
1DDU-GB-NT,Tyrone,Тайрон / Тірон,1DDU-GB-N
1DDU-GB-NZ,Northern Ireland: Places of interest,Північна Ірландія. Ольстер: визначні місця,1DDU-GB-N
1DDU-GB-NZA,"Giant’s Causeway, Antrim Coast and the Glens","Дорога Гігантів, узбережжя Антрім та Глени",1DDU-GB-NZ
1DDU-GB-NZM,Mourne Mountains,"Морн, гори",1DDU-GB-NZ
1DDU-GB-NZS,Sperrin Mountains,"Сперріни, гори",1DDU-GB-NZ
1DDU-GB-S,Scotland,Шотландія (Альба),1DDU
1DDU-GB-SB,Lowland Scotland and Borders,Шотландські кордони (Бордерс),1DDU-GB-S
1DDU-GB-SBR,Galloway: Rhinn of Kells and Galloway Hills,Рінни Келлів і Гори Голлоуей,1DDU-GB-SB
1DDU-GB-SC,Central Scotland,Центральна Шотландія,1DDU-GB-S
1DDU-GB-SCD,Dundee and Fife,Данді та Файф,1DDU-GB-SC
1DDU-GB-SCE,Edinburgh,Едінбурґ,1DDU-GB-SC
1DDU-GB-SCG,Glasgow,Ґлазґо,1DDU-GB-SC
1DDU-GB-SCS,Stirling,Стерлінґ,1DDU-GB-SC
1DDU-GB-SH,"Northern Scotland, Highlands and Islands",Північна Шотландія. Гори та острови,1DDU-GB-S
1DDU-GB-SHA,Aberdeen and Deeside,Абердин і Діссайд,1DDU-GB-SH
1DDU-GB-SHG,The Grampians,Національний парк Гремпіанс,1DDU-GB-SH
1DDU-GB-SHGD,Cairngorms,Кернгорми (гори),1DDU-GB-SHG
1DDU-GB-SHGH,Ben Nevis and Glen Coe,Бен-Невіс (гора) та Глен Кое,1DDU-GB-SHG
1DDU-GB-SHN,Loch Ness and the Great Glen,Лох-Несс і Глен-Мор (озеро і долина),1DDU-GB-SH
1DDU-GB-SHV,Inverness,Інвернесс,1DDU-GB-SH
1DDU-GB-SHW,Northwest Highlands,Північно-західне Шотландське нагір’я,1DDU-GB-SH
1DDU-GB-SHF,Orkney Islands,Оркнеейські островии,1DDU-GB-SH
1DDU-GB-SHJ,Shetland Islands,Шеетландські острови,1DDU-GB-SH
1DDU-GB-SHL,"Western Isles, Outer Hebrides",Західні острови,1DDU-GB-SH
1DDU-GB-SHP,Inner Hebrides,Внутрішні Гебриди,1DDU-GB-SH
1DDU-GB-SHPM,Isle of Mull and Iona,Малл і Йона,1DDU-GB-SHP
1DDU-GB-SHQ,Isle of Skye,Острів Скай,1DDU-GB-SHP
1DDU-GB-SHR,Isle of Arran,Острів Арран,1DDU-GB-SH
1DDU-GB-SHT,Loch Lomond and the Trossachs,Национальный парк Лох Ломонд і Троссачс,1DDU-GB-SH
1DDU-GB-W,Wales / Cymru,Уельс. Князівство Уельс. Кемри (Валлія),1DDU
1DDU-GB-WC,Mid Wales,Середній Уельс,1DDU-GB-W
1DDU-GB-WN,North Wales,Північний Уельс,1DDU-GB-W
1DDU-GB-WNS,Snowdonia (Eryri),"Сноудон, гори",1DDU-GB-WN
1DDU-GB-WS,South Wales,Південний Уельс,1DDU-GB-W
1DDU-GB-WSC,Cardiff,Кардіфф,1DDU-GB-WS
1DDU-GB-WSG,Swansea and the Gower,Свонсі,1DDU-GB-WS
1DDU-GB-WSY,Bannau Brycheiniog / Brecon Beacons,Кембрійські гори Брекон Беконз,1DDU-GB-WS
1DDU-GB-WV,Southwest Wales,Південно-Західний Уельс,1DDU-GB-W
1DDU-GB-WVP,Pembrokeshire Coast,Пембрукширське узбережжя,1DDU-GB-WV
1DDU-GB-X,Channel Islands,Нормандські острови,1DDU
1DDU-GB-XG,Guernsey,Ґернсі,1DDU-GB-X
1DDU-GB-XJ,Jersey,Джерсі,1DDU-GB-X
1DDU-GB-Z,Isle of Man,Острів Мен,1DDU
1DF,Central Europe,Центральна Європа,1D
1DFA,Austria,Австрія. Австрійська Республіка,1DF
1DFA-AT-B,Burgenland,Бургенланд,1DFA
1DFA-AT-K,Carinthia,Каринтія,1DFA
1DFA-AT-KB,Klagenfurt,Клаґенфурт,1DFA-AT-K
1DFA-AT-KD,Villach,Філлах,1DFA-AT-K
1DFA-AT-KF,Wörthersee (Lake Worth),Вертерзее,1DFA-AT-K
1DFA-AT-M,Styria,Штирія,1DFA
1DFA-AT-MB,Bruck an der Mur,Брук-ан-дер-Мур,1DFA-AT-M
1DFA-AT-MG,Graz,Грац,1DFA-AT-M
1DFA-AT-MH,Hochschwab,Хохшваб,1DFA-AT-M
1DFA-AT-ML,Leoben,Леобен,1DFA-AT-M
1DFA-AT-N,Lower Austria,Нижня Австрія,1DFA
1DFA-AT-NA,Industrieviertel,Industrieviertel,1DFA-AT-N
1DFA-AT-NB,Mostviertel,Моствіртель,1DFA-AT-N
1DFA-AT-NC,Waldviertel,Вальдвієртель,1DFA-AT-N
1DFA-AT-ND,Weinviertel,Вайнвіртель,1DFA-AT-N
1DFA-AT-NW,Wachau,Вахау,1DFA-AT-N
1DFA-AT-R,Upper Austria,Верхня Австрія,1DFA
1DFA-AT-RA,Linz,Лінц,1DFA-AT-R
1DFA-AT-RC,Hausruckviertel,Hausruckviertel,1DFA-AT-R
1DFA-AT-RD,Innviertel,Іннфіртель,1DFA-AT-R
1DFA-AT-RE,Mühlviertel,Мюльв’єрль,1DFA-AT-R
1DFA-AT-RF,Traunviertel,Траунфіртель,1DFA-AT-R
1DFA-AT-S,Salzburg (state),Зальцбурґ (федеральні землі),1DFA
1DFA-AT-SA,Salzburg (City),Зальцбурґ (місто),1DFA-AT-S
1DFA-AT-SC,Flachgau,Флахгау,1DFA-AT-S
1DFA-AT-SD,Pinzgau,Пінцгау (Вальд-ім-Пінцгау),1DFA-AT-S
1DFA-AT-SE,Lungau,Санкт-Міхель (Лунгау),1DFA-AT-S
1DFA-AT-SF,Pongau,Санкт-Йоганн-ім-Понгау (Понгау),1DFA-AT-S
1DFA-AT-SG,Tennengau,Тенненгау,1DFA-AT-S
1DFA-AT-T,Tyrol,Тіроль,1DFA
1DFA-AT-TA,Innsbruck,Інсбрук,1DFA-AT-T
1DFA-AT-TC,Ausserfern,Ауссерферн,1DFA-AT-T
1DFA-AT-TD,Upper Tyrol,Верхній Тіроль,1DFA-AT-T
1DFA-AT-TE,Lower Tyrol,Нижній Тіроль,1DFA-AT-T
1DFA-AT-TF,Eastern Tyrol,Східний Тіроль,1DFA-AT-T
1DFA-AT-V,Vorarlberg,Форарльберґ,1DFA
1DFA-AT-VB,Bregenz,Брегенц,1DFA-AT-V
1DFA-AT-VF,Feldkirch,Фельдкірх,1DFA-AT-V
1DFA-AT-VM,Montafon,Монтафон,1DFA-AT-V
1DFA-AT-VR,Bregenz Forest,Брегенцький ліс,1DFA-AT-V
1DFA-AT-W,Vienna,Відень,1DFA
1DFA-AT-Z,Austria: Places of Interest,Австрія: визначні місця,1DFA
1DFA-AT-ZA,Arlberg,Арльберг,1DFA-AT-Z
1DFA-AT-ZD,Dachstein,Дахштайн,1DFA-AT-Z
1DFA-AT-ZR,Semmering,Земмерінґ,1DFA-AT-Z
1DFA-AT-ZS,Salzkammergut,Зальцкаммергут,1DFA-AT-Z
1DFA-AT-ZW,Vienna Woods,Віденський ліс,1DFA-AT-Z
1DFG,Germany,Німеччина. Федеративна Республіка Німеччина (ФРН) (Бундесрепублік Дойчланд),1DF
1DFG-DE-B,Northeast Germany,Північно-Східна Німеччина,1DFG
1DFG-DE-BE,Berlin,Берлін,1DFG-DE-B
1DFG-DE-BG,Brandenburg,Бранденбурґ,1DFG-DE-B
1DFG-DE-BGB,Havelland,Гафельланд,1DFG-DE-BG
1DFG-DE-BGD,Potsdam,Потсдам,1DFG-DE-BG
1DFG-DE-BGE,Cottbus,Котбус,1DFG-DE-BG
1DFG-DE-BGF,Frankfurt (Oder),Фрафнкфурт-на-Одері,1DFG-DE-BG
1DFG-DE-BGN,Lower Lusatia,Lower Lusatia,1DFG-DE-BG
1DFG-DE-BGNS,Spreewald (Spree Forest),Spreewald (Spree Forest),1DFG-DE-BGN
1DFG-DE-BGT,Uckermark,Uckermark,1DFG-DE-BG
1DFG-DE-BK,German Baltic Sea coast and islands,Німецьке узбережжя Балтійського моря та острови,1DFG-DE-B
1DFG-DE-BKA,Rügen,Рюген,1DFG-DE-BK
1DFG-DE-BKB,Fehmarn,Фемарн (острів),1DFG-DE-BK
1DFG-DE-BKD,Fischland-Darss-Zingst,Фішланд-Дарс-Цинґст,1DFG-DE-BK
1DFG-DE-BKF,Usedom,Узедом (острів),1DFG-DE-BK
1DFG-DE-BM,Mecklenburg-Western Pomerania,Мекленбурґ-Форпоммен (Західна Померанія),1DFG-DE-B
1DFG-DE-BMB,Schwerin,Шверин,1DFG-DE-BM
1DFG-DE-BMC,Greifswald,Грайфсвальд,1DFG-DE-BM
1DFG-DE-BMD,Rostock,Росток,1DFG-DE-BM
1DFG-DE-BMF,Stralsund,Штральзунд,1DFG-DE-BM
1DFG-DE-BMH,Wismar,Вісмар,1DFG-DE-BM
1DFG-DE-BMM,Mecklenburg Lake Plateau,Плато Мекленбургське озеро,1DFG-DE-BM
1DFG-DE-BS,Saxony-Anhalt,Саксонія-Анхальт,1DFG-DE-B
1DFG-DE-BSB,Magdeburg,Маґдебурґ,1DFG-DE-BS
1DFG-DE-BSC,Dessau,Дессау,1DFG-DE-BS
1DFG-DE-BSD,Halberstadt,Гальберштадт,1DFG-DE-BS
1DFG-DE-BSF,Halle (Saale),Галле,1DFG-DE-BS
1DFG-DE-BSG,Lutherstadt Wittenberg,Віттенберг,1DFG-DE-BS
1DFG-DE-BSH,Quedlinburg,Кведлінбург,1DFG-DE-BS
1DFG-DE-BSK,Wernigerode,Верніґероде,1DFG-DE-BS
1DFG-DE-F,East Germany,Східна Німеччина,1DFG
1DFG-DE-FS,Saxony,Саксонія,1DFG-DE-F
1DFG-DE-FSA,Leipzig,Лейпциґ,1DFG-DE-FS
1DFG-DE-FSB,Dresden,Дрезден,1DFG-DE-FS
1DFG-DE-FSC,Bautzen,Бауцен,1DFG-DE-FS
1DFG-DE-FSD,Görlitz,Герліц,1DFG-DE-FS
1DFG-DE-FSE,Chemnitz,Хемніц,1DFG-DE-FS
1DFG-DE-FSF,Freiberg,Фрайберг,1DFG-DE-FS
1DFG-DE-FSG,Plauen,Плауен,1DFG-DE-FS
1DFG-DE-FSH,Zwickau,Цвіккау,1DFG-DE-FS
1DFG-DE-FSN,Saxon Switzerland,"Саксонська Швейцарія, Національний парк",1DFG-DE-FS
1DFG-DE-FSNB,Elbe Sandstone Mountains,Elbe Sandstone Mountains,1DFG-DE-FSN
1DFG-DE-FSP,Ore Mountains,Ore Mountains,1DFG-DE-FS
1DFG-DE-FSQ,Vogtland,Vogtland,1DFG-DE-FS
1DFG-DE-FT,Thuringia,Тюрінґія,1DFG-DE-F
1DFG-DE-FTB,Erfurt,Ерфурт,1DFG-DE-FT
1DFG-DE-FTD,Thuringian Forest,Тюрінґський ліс,1DFG-DE-FT
1DFG-DE-FTDB,Eisenach,Айзенах,1DFG-DE-FTD
1DFG-DE-FTH,Jena,Єна,1DFG-DE-FT
1DFG-DE-FTJ,Weimar,Веймар,1DFG-DE-FT
1DFG-DE-T,Southeast Germany,Південно-Східна Німеччина,1DFG
1DFG-DE-TB,Bavaria,Баварія,1DFG-DE-T
1DFG-DE-TBA,Lower Bavaria,Нижня Баварія,1DFG-DE-TB
1DFG-DE-TBAB,Passau,Пассау,1DFG-DE-TBA
1DFG-DE-TBB,Upper Bavaria,Верхня Баварія,1DFG-DE-TB
1DFG-DE-TBBB,Berchtesgadener Land,Берхтесґаден (район),1DFG-DE-TBB
1DFG-DE-TBBBA,Berchtesgaden,Берхтесгаден,1DFG-DE-TBBB
1DFG-DE-TBBD,Ingolstadt,Інґольштадт,1DFG-DE-TBB
1DFG-DE-TBBF,Chiemgau,Кімзеє,1DFG-DE-TBB
1DFG-DE-TBBFS,Chiemsee,Chiemsee,1DFG-DE-TBBF
1DFG-DE-TBBG,Lake Starnberg,Штарнбергер-Зеє,1DFG-DE-TBB
1DFG-DE-TBBH,Tegernsee,Тегернзе,1DFG-DE-TBB
1DFG-DE-TBBK,Ammersee (Lake Ammer),Ammersee (Lake Ammer),1DFG-DE-TBB
1DFG-DE-TBC,Munich,Мюнхен,1DFG-DE-TB
1DFG-DE-TBD,Nuremburg,Нюрнберг,1DFG-DE-TB
1DFG-DE-TBF,Franconia,Франконія,1DFG-DE-TB
1DFG-DE-TBFC,Upper Franconia,Верхня Франконія,1DFG-DE-TBF
1DFG-DE-TBFCB,Bamberg,Бамберг,1DFG-DE-TBFC
1DFG-DE-TBFCD,Bayreuth,Байройт,1DFG-DE-TBFC
1DFG-DE-TBFCP,Fichtel Mountains,Fichtel Mountains,1DFG-DE-TBFC
1DFG-DE-TBFM,Middle Franconia,Середня Франконія,1DFG-DE-TBF
1DFG-DE-TBFMB,Fürth,Фюрт,1DFG-DE-TBFM
1DFG-DE-TBFMD,Rothenburg ob der Tauber,Ротенбург-на-Таубері,1DFG-DE-TBFM
1DFG-DE-TBFS,Steigerwald,Steigerwald,1DFG-DE-TBF
1DFG-DE-TBFV,Lower Franconia,Нижня Франконія,1DFG-DE-TBF
1DFG-DE-TBFVB,Aschaffenburg,Ашаффенбург,1DFG-DE-TBFV
1DFG-DE-TBFVD,Würzburg,Вюрцбург,1DFG-DE-TBFV
1DFG-DE-TBH,Augsburg,Аугсбург,1DFG-DE-TB
1DFG-DE-TBJ,Füssen,Фюссен,1DFG-DE-TB
1DFG-DE-TBK,Kempten,Кемптен,1DFG-DE-TB
1DFG-DE-TBL,Lindau,Ліндау,1DFG-DE-TB
1DFG-DE-TBM,Upper Palatinate,Верхній Пфальц,1DFG-DE-TB
1DFG-DE-TBMB,Regensburg,Реґенсбурґ,1DFG-DE-TBM
1DFG-DE-TBN,Altmühltal,Природний парк Долина Алтмюль,1DFG-DE-TB
1DFG-DE-TBP,Bavarian Forest,Баварський ліс,1DFG-DE-TB
1DFG-DE-TBR,Bavarian Alps,Bavarian Alps,1DFG-DE-TB
1DFG-DE-U,Southwest Germany,Південно-Західна Німеччина,1DFG
1DFG-DE-UB,Baden-Württemberg,Баден-Вюртемберґ,1DFG-DE-U
1DFG-DE-UBA,Stuttgart,Штутґарт,1DFG-DE-UB
1DFG-DE-UBC,Breisgau,Брайсгау,1DFG-DE-UB
1DFG-DE-UBCF,Freiburg im Breisgau,Фрайбург-у-Брайсгау,1DFG-DE-UBC
1DFG-DE-UBE,Electoral Palatinate,Рейнський Пфальц,1DFG-DE-UB
1DFG-DE-UBEB,Heidelberg,Гайдельберґ,1DFG-DE-UBE
1DFG-DE-UBED,Mannheim,Маннгейм,1DFG-DE-UBE
1DFG-DE-UBG,Heilbronn,Хайльбронн,1DFG-DE-UB
1DFG-DE-UBJ,Karlsruhe,Карлсруе,1DFG-DE-UB
1DFG-DE-UBL,Konstanz,Констанц,1DFG-DE-UB
1DFG-DE-UBP,Swabian Jura,Швабська Юра,1DFG-DE-UB
1DFG-DE-UBPB,Reutlingen,Ройтлінґен,1DFG-DE-UBP
1DFG-DE-UBPD,Ulm,Ульм,1DFG-DE-UBP
1DFG-DE-UBR,Singen (Hohentwiel),Зінген,1DFG-DE-UB
1DFG-DE-UBT,Tübingen,Тюбінген,1DFG-DE-UB
1DFG-DE-UH,Hesse,Гессен,1DFG-DE-U
1DFG-DE-UHA,Frankfurt,Франкфурт,1DFG-DE-UH
1DFG-DE-UHB,Frankfurt Rhine-Main,Frankfurt Rhine-Main,1DFG-DE-UH
1DFG-DE-UHC,Rheingau,Райнгау-Таунус,1DFG-DE-UH
1DFG-DE-UHCW,Wiesbaden,Вісбаден,1DFG-DE-UHC
1DFG-DE-UHE,Darmstadt,Дармштадт,1DFG-DE-UH
1DFG-DE-UHP,Kassel,Кассель,1DFG-DE-UH
1DFG-DE-UHT,Taunus,Таунас,1DFG-DE-UH
1DFG-DE-UR,Rhineland-Palatinate,Рейнланд-Пфальц,1DFG-DE-U
1DFG-DE-URA,Palatinate,Пфальц,1DFG-DE-UR
1DFG-DE-URAS,Speyer,Шпеєр,1DFG-DE-URA
1DFG-DE-URC,Rhenish Hesse,Рейнгесен,1DFG-DE-UR
1DFG-DE-URCM,Mainz,Майнц,1DFG-DE-URC
1DFG-DE-URCW,Worms,Вормс,1DFG-DE-URC
1DFG-DE-URK,Koblenz,Кобленц,1DFG-DE-UR
1DFG-DE-URT,Trier,Трір,1DFG-DE-UR
1DFG-DE-URW,Hunsrück,Hunsrück,1DFG-DE-UR
1DFG-DE-US,Saarland,Саарланд,1DFG-DE-U
1DFG-DE-UV,Middle Rhine Valley and region,Middle Rhine Valley and region,1DFG-DE-U
1DFG-DE-V,Northwest Germany,Північно-західна Німеччина,1DFG
1DFG-DE-VA,German North Sea coast and islands,Німецьке узбережжя Північного моря та острови,1DFG-DE-V
1DFG-DE-VAF,Heligoland,Гельґоланд,1DFG-DE-VA
1DFG-DE-VAN,North Frisia,Північнофрізькі острови,1DFG-DE-VA
1DFG-DE-VANB,Amrum,Amrum,1DFG-DE-VAN
1DFG-DE-VANF,Föhr,Фер,1DFG-DE-VAN
1DFG-DE-VANS,Sylt,Зюльт,1DFG-DE-VAN
1DFG-DE-VAP,East Frisia,Східнофрізькі острови,1DFG-DE-VA
1DFG-DE-VAPB,East Frisian Islands,East Frisian Islands,1DFG-DE-VAP
1DFG-DE-VB,Bremen,Бремен,1DFG-DE-V
1DFG-DE-VBC,Bremerhaven,Бремергафен,1DFG-DE-VB
1DFG-DE-VH,Hamburg,Гамбурґ,1DFG-DE-V
1DFG-DE-VN,Lower Saxony,Нижня Саксонія,1DFG-DE-V
1DFG-DE-VNA,Hanover,Ганновер,1DFG-DE-VN
1DFG-DE-VNB,Wendland,Вендланд,1DFG-DE-VN
1DFG-DE-VNC,Braunschweig,Брауншвайґ,1DFG-DE-VN
1DFG-DE-VND,Lüneburg Heath,Люнебурзька пустеля,1DFG-DE-VN
1DFG-DE-VNDB,Celle,Целле,1DFG-DE-VND
1DFG-DE-VNDD,Lüneburg,Люнебург,1DFG-DE-VND
1DFG-DE-VNE,Goslar,Гослар,1DFG-DE-VN
1DFG-DE-VNF,Göttingen,Ґетінґен,1DFG-DE-VN
1DFG-DE-VNG,Hildesheim,Хільдесхайм,1DFG-DE-VN
1DFG-DE-VNH,Oldenburg,Ольденбурґ,1DFG-DE-VN
1DFG-DE-VNK,Osnabrück,Оснабрюк,1DFG-DE-VN
1DFG-DE-VR,North Rhine-Westphalia,Північний Рейн-Вестфалія,1DFG-DE-V
1DFG-DE-VRA,Aachen,Аахен,1DFG-DE-VR
1DFG-DE-VRB,Düsseldorf,Дюссельдорф,1DFG-DE-VR
1DFG-DE-VRC,Cologne,Кьольн,1DFG-DE-VR
1DFG-DE-VRD,Dortmund,Дортмунд,1DFG-DE-VR
1DFG-DE-VRE,Essen,Ессен,1DFG-DE-VR
1DFG-DE-VRG,Bonn,Бонн,1DFG-DE-VR
1DFG-DE-VRH,Münster (region),Мюнстер (регіон),1DFG-DE-VR
1DFG-DE-VRHM,Münster,Мюнстер,1DFG-DE-VRH
1DFG-DE-VRJ,Siegen,Зіґен,1DFG-DE-VR
1DFG-DE-VRK,Ostwestfalen-Lippe,Оствестфален-Ліппе,1DFG-DE-VR
1DFG-DE-VRKB,Bielefeld,Білефельд,1DFG-DE-VRK
1DFG-DE-VRKP,Paderborn,Падерборн,1DFG-DE-VRK
1DFG-DE-VRL,Bergisches Land,Земля Бергіш,1DFG-DE-VR
1DFG-DE-VRLB,Solingen,Золінґен,1DFG-DE-VRL
1DFG-DE-VRLD,Wuppertal,Вупперталь,1DFG-DE-VRL
1DFG-DE-VRM,Lower Rhine region,Нижній Рейн (регіон),1DFG-DE-VR
1DFG-DE-VRN,Sauerland,Еслое,1DFG-DE-VR
1DFG-DE-VRR,Ruhr district,Рурський регіон,1DFG-DE-VR
1DFG-DE-VRRB,Bochum,Бохум,1DFG-DE-VRR
1DFG-DE-VRRD,Duisburg,Дуйсбурґ,1DFG-DE-VRR
1DFG-DE-VS,Schleswig-Holstein,Шлезвіґ-Гольштейн,1DFG-DE-V
1DFG-DE-X,Germany: places of interest,Німеччина: визначні місця,1DFG
1DFG-DE-XA,Upper Lusatia,Верхня Лужиця,1DFG-DE-X
1DFG-DE-XB,Swabia,Швабія,1DFG-DE-X
1DFG-DE-XC,Allgäu,Алгой,1DFG-DE-X
1DFG-DE-XD,Rothaar Mountains,Гори Ротаар,1DFG-DE-X
1DFG-DE-XE,Odenwald,Оденвальд,1DFG-DE-X
1DFG-DE-XEB,Bergstrasse,Бергштрасе,1DFG-DE-XE
1DFG-DE-XF,Teutoburg Forest,Тевтобурзький ліс,1DFG-DE-X
1DFG-DE-XG,Westerwald,Вестервальд,1DFG-DE-X
1DFG-DE-XH,Spessart,Шпессарт,1DFG-DE-X
1DFH,Switzerland,Швейцарія. Швейцарська Конфедерація,1DF
1DFH-CH-C,Espace Mittelland,Центральна частина швейцарського плато,1DFH
1DFH-CH-CB,Bern,Берн,1DFH-CH-C
1DFH-CH-CBB,Bernese Oberland,Бернське високогір’я,1DFH-CH-CB
1DFH-CH-CBBD,Interlaken,Інтерлакен,1DFH-CH-CBB
1DFH-CH-CBBG,Grindelwald,Ґріндельвальд,1DFH-CH-CBB
1DFH-CH-CBBT,Thun,Тун,1DFH-CH-CBB
1DFH-CH-CF,Fribourg / Freiburg,Фрибур,1DFH-CH-C
1DFH-CH-CJ,Jura (Canton),Юра (кантон),1DFH-CH-C
1DFH-CH-CN,Neuchâtel,Невшатель,1DFH-CH-C
1DFH-CH-CS,Solothurn,Золотурн,1DFH-CH-C
1DFH-CH-G,Lake Geneva Region,"Женевське озеро, регіон",1DFH
1DFH-CH-GG,Geneva,Женева,1DFH-CH-G
1DFH-CH-GV,Vaud,Во,1DFH-CH-G
1DFH-CH-GVL,Lausanne,Лозанна,1DFH-CH-GV
1DFH-CH-GVM,Montreux,Монтре,1DFH-CH-GV
1DFH-CH-GW,Valais,Вале,1DFH-CH-G
1DFH-CH-GWB,Zermatt,Церматт,1DFH-CH-GW
1DFH-CH-N,Northwest Switzerland,Північно-Західна Швейцарія,1DFH
1DFH-CH-NA,Aargau,Ааргау,1DFH-CH-N
1DFH-CH-NAB,Aarau,Аарау,1DFH-CH-NA
1DFH-CH-NB,Basel-Landschaft,Базель-Ланд,1DFH-CH-N
1DFH-CH-NBL,Liestal,Лісталь,1DFH-CH-NB
1DFH-CH-ND,Basel,Базель,1DFH-CH-N
1DFH-CH-P,Eastern Switzerland,Східна Швейцарія,1DFH
1DFH-CH-PC,Appenzell Innerrhoden,Аппенцелль-Іннерроден,1DFH-CH-P
1DFH-CH-PD,Appenzell Ausserrhoden,Аппенцелль-Ауссерроден,1DFH-CH-P
1DFH-CH-PG,Glarus,Гларус,1DFH-CH-P
1DFH-CH-PK,Grisons / Graubünden,Гризонс / Граубюнден,1DFH-CH-P
1DFH-CH-PKA,Chur (Coire),Кур,1DFH-CH-PK
1DFH-CH-PKB,Davos,Давос,1DFH-CH-PK
1DFH-CH-PKM,Engadine,Енгадін,1DFH-CH-PK
1DFH-CH-PKMB,St. Moritz,Сент-Моріц,1DFH-CH-PKM
1DFH-CH-PN,St. Gallen / Saint-Gall,Сент-Ґаллен,1DFH-CH-P
1DFH-CH-PNH,Toggenburg,Тоггенбург,1DFH-CH-PN
1DFH-CH-PP,Schaffhausen / Schaffhouse,Шаффгаузен,1DFH-CH-P
1DFH-CH-PR,Thurgau,Турґау,1DFH-CH-P
1DFH-CH-PZ,Eastern Switzerland: Places of interest,Східна Швейцарія: визначні місця,1DFH-CH-P
1DFH-CH-PZB,Säntis,Сантіс,1DFH-CH-PZ
1DFH-CH-R,Tessin / Ticino,Тессін / Тічіно,1DFH
1DFH-CH-RA,Ascona,Аскона,1DFH-CH-R
1DFH-CH-RC,Bellinzona,Беллінцона,1DFH-CH-R
1DFH-CH-RE,Locarno,Локарно,1DFH-CH-R
1DFH-CH-RG,Lugano,Лугано,1DFH-CH-R
1DFH-CH-U,Central Switzerland,Центральна Швейцарія,1DFH
1DFH-CH-UL,Lucerne,Люцерн,1DFH-CH-U
1DFH-CH-UN,Nidwalden / Nidwald,Нідвальден,1DFH-CH-U
1DFH-CH-UO,Obwalden / Obwald,Обвальден,1DFH-CH-U
1DFH-CH-US,Schwyz,Швіз,1DFH-CH-U
1DFH-CH-UU,Uri,Урі,1DFH-CH-U
1DFH-CH-UV,Zug,Цуґ,1DFH-CH-U
1DFH-CH-UZ,Central Switzerland: Places of interest,Центральна Швейцарія: визначні місця,1DFH-CH-U
1DFH-CH-UZD,Lake Lucerne,Озеро Люцерн,1DFH-CH-UZ
1DFH-CH-X,Zurich,Цюрих,1DFH
1DFH-CH-XB,Winterthur,Вінтертур,1DFH-CH-X
1DFH-CH-Z,Switzerland: Places of Interest,Швейцарія: визначні місця,1DFH
1DFH-CH-ZS,Lake Zurich,Цюріхське озеро,1DFH-CH-Z
1DFL,Liechtenstein,Ліхтенштейн. Князівство Ліхтенштейн,1DF
1DN,"Northern Europe, Scandinavia","Північна Європа, Скандинавські країни",1D
1DNC,Iceland,Ісландія. Республіка Ісландія,1DN
1DNC-IS-R,Reykjavík,Рейк’явік,1DNC
1DND,Denmark,Данія. Королівство Данія,1DN
1DNDF,Faroe Islands,Фарерські Острови. Фарери,1DND
1DNDF-FO-T,Thorshavn,Торсгавн,1DNDF
1DND-DK-B,Bornholm,Борнгольм (острів),1DND
1DND-DK-F,Funen and islands,Фюн і острови,1DND
1DND-DK-FO,Odense,О́денсе,1DND-DK-F
1DND-DK-J,Jutland,Ютландія (півострів),1DND
1DND-DK-JE,Esbjerg,Есб’єрг,1DND-DK-J
1DND-DK-JL,Aalborg (Alborg),Ольборг,1DND-DK-J
1DND-DK-JR,Aarhus (Arhus),Орхус,1DND-DK-J
1DND-DK-L,Lolland-Falster,Лолланн і Фальстер (острови),1DND
1DND-DK-S,Zealand,Зеландія (острів),1DND
1DND-DK-SK,Copenhagen,Копенгаґен,1DND-DK-S
1DND-DK-SR,Roskilde,Роскілле,1DND-DK-S
1DNF,Finland,Фінляндія. Фінляндська Республіка. Суомі,1DN
1DNF-FI-A,Southwest Finland,Південно-Західна Фінляндія,1DNF
1DNF-FI-AA,Turku,Турку,1DNF-FI-A
1DNF-FI-AB,Turku archipelago,Турку архіпелаг,1DNF-FI-A
1DNF-FI-B,Åland,Аланд,1DNF
1DNF-FI-BA,Mariehamn,Марієгамн,1DNF-FI-B
1DNF-FI-C,Uusimaa,Уусіма,1DNF
1DNF-FI-CA,West Uusimaa,Західна Уусімаа,1DNF-FI-C
1DNF-FI-CB,Helsinki Region,Гельсінкі (регіон),1DNF-FI-C
1DNF-FI-CBA,Helsinki,Гельсінкі,1DNF-FI-CB
1DNF-FI-CBB,Espoo,Еспоо,1DNF-FI-CB
1DNF-FI-CBC,Vantaa,Ванта,1DNF-FI-CB
1DNF-FI-CC,East Uusimaa,Східна Уусімаа,1DNF-FI-C
1DNF-FI-CCA,Porvoo,Порвоо,1DNF-FI-CC
1DNF-FI-D,Häme,Гяме,1DNF
1DNF-FI-DA,Kanta-Häme,Канта-Гяме,1DNF-FI-D
1DNF-FI-DAA,Hämeenlinna,Хяменлінна,1DNF-FI-DA
1DNF-FI-DB,Päijät-Häme,Пяйят-Гяме,1DNF-FI-D
1DNF-FI-DBA,Lahti,Лахті,1DNF-FI-DB
1DNF-FI-DC,Pirkanmaa,Пірканмаа,1DNF-FI-D
1DNF-FI-DCA,Tampere,Тампере,1DNF-FI-DC
1DNF-FI-DD,Central Finland,Центральна Фінляндія,1DNF-FI-D
1DNF-FI-DDA,Jyväskylä,Ювяскюля,1DNF-FI-DD
1DNF-FI-H,Satakunta,Сатакунта,1DNF
1DNF-FI-HA,Pori,Порі,1DNF-FI-H
1DNF-FI-HB,Rauma,Раума,1DNF-FI-H
1DNF-FI-J,Savonia,Савонія,1DNF
1DNF-FI-JA,Southern Savonia,Південна Савонія,1DNF-FI-J
1DNF-FI-JAB,Mikkeli,Міккелі,1DNF-FI-JA
1DNF-FI-JB,Northern Savonia,Північна Савонія,1DNF-FI-J
1DNF-FI-JBK,Kuopio,Куопіо,1DNF-FI-JB
1DNF-FI-K,Karelia,Карелія,1DNF
1DNF-FI-KA,South Karelia,Південна Карелія,1DNF-FI-K
1DNF-FI-KAB,Lappeenranta,Лаппеєнтранта,1DNF-FI-KA
1DNF-FI-KB,North Karelia,Північна Карелія,1DNF-FI-K
1DNF-FI-KBA,Joensuu,Йоенсуу,1DNF-FI-KB
1DNF-FI-L,Kymenlaakso,Кюменлааксо,1DNF
1DNF-FI-LA,Kouvola,Коувола,1DNF-FI-L
1DNF-FI-LB,Kotka,Котка,1DNF-FI-L
1DNF-FI-M,Ostrobothnia,Остроботнія,1DNF
1DNF-FI-MA,Vaasa,Вааса,1DNF-FI-M
1DNF-FI-N,North Ostrobothnia,Північна Пог’янмаа,1DNF
1DNF-FI-NA,Oulu,Оулу,1DNF-FI-N
1DNF-FI-P,Central Ostrobothnia,Центральна Пог’янмаа,1DNF
1DNF-FI-PA,Kokkola,Коккола,1DNF-FI-P
1DNF-FI-Q,South Ostrobothnia,Південна Пог’янмаа,1DNF
1DNF-FI-QA,Seinäjoki,Сейняйокі,1DNF-FI-Q
1DNF-FI-R,Kainuu,Кайнуу,1DNF
1DNF-FI-RA,Kajaani,Каяані,1DNF-FI-R
1DNF-FI-S,Lappi,Лапландія,1DNF
1DNF-FI-SA,Rovaniemi,Рованіемі,1DNF-FI-S
1DNF-FI-SB,Sámi native region of Finland,Самі корінний регіон Фінляндії,1DNF-FI-S
1DNN,Norway,Норвеґія. Королівство Норвеґія,1DN
1DNN-NO-D,Northern Norway (Nord-Norge),Північна Норвеґія (Нур-Норґе),1DNN
1DNN-NO-DA,Troms and Finnmark,Тромс-ог-Фіннмарк,1DNN-NO-D
1DNN-NO-DF,Finnmark,Finnmark,1DNN-NO-D
1DNN-NO-DFA,Vardø,Vardø,1DNN-NO-DF
1DNN-NO-DFB,Kirkenes,Kirkenes,1DNN-NO-DF
1DNN-NO-DFC,Alta,Alta,1DNN-NO-DF
1DNN-NO-DFD,Hammerfest,Hammerfest,1DNN-NO-DF
1DNN-NO-DFG,Honningsvåg,Honningsvåg,1DNN-NO-DF
1DNN-NO-DFK,North Cape,North Cape,1DNN-NO-DF
1DNN-NO-DFV,Vadsø,Vadsø,1DNN-NO-DF
1DNN-NO-DL,Nordland,Nordland,1DNN-NO-D
1DNN-NO-DLB,Bodø,Bodø,1DNN-NO-DL
1DNN-NO-DLD,Fauske,Fauske,1DNN-NO-DL
1DNN-NO-DLF,Lofoten and Vesterålen,Lofoten and Vesterålen,1DNN-NO-DL
1DNN-NO-DLFA,Sortland,Sortland,1DNN-NO-DLF
1DNN-NO-DLFB,Stokmarknes,Stokmarknes,1DNN-NO-DLF
1DNN-NO-DLFC,Leknes,Leknes,1DNN-NO-DLF
1DNN-NO-DLFD,Svolvær,Svolvær,1DNN-NO-DLF
1DNN-NO-DLG,Helgeland,Helgeland,1DNN-NO-DL
1DNN-NO-DLGA,Mo i Rana,Mo i Rana,1DNN-NO-DLG
1DNN-NO-DLGB,Mosjøen,Mosjøen,1DNN-NO-DLG
1DNN-NO-DLGC,Sandnessjøen,Sandnessjøen,1DNN-NO-DLG
1DNN-NO-DLGD,Brønnøysund,Brønnøysund,1DNN-NO-DLG
1DNN-NO-DLN,Narvik,Narvik,1DNN-NO-DL
1DNN-NO-DT,Troms,Troms,1DNN-NO-D
1DNN-NO-DTB,Harstad,Harstad,1DNN-NO-DT
1DNN-NO-DTD,Finnsnes,Finnsnes,1DNN-NO-DT
1DNN-NO-DTR,Tromsø,Tromsø,1DNN-NO-DT
1DNN-NO-J,Southern Norway (Sørlandet),Південна Норвеґія (Серланн),1DNN
1DNN-NO-JB,Agder,Agder,1DNN-NO-J
1DNN-NO-JA,Aust-Agder,Aust-Agder,1DNN-NO-JB
1DNN-NO-JAB,Grimstad,Grimstad,1DNN-NO-JA
1DNN-NO-JAC,Tvedestrand,Tvedestrand,1DNN-NO-JA
1DNN-NO-JAD,Risør,Risør,1DNN-NO-JA
1DNN-NO-JAL,Arendal,Arendal,1DNN-NO-JA
1DNN-NO-JG,Vest-Agder,Vest-Agder,1DNN-NO-JB
1DNN-NO-JGF,Farsund,Farsund,1DNN-NO-JG
1DNN-NO-JGK,Kristiansand,Kristiansand,1DNN-NO-JG
1DNN-NO-JGL,Lillesand,Lillesand,1DNN-NO-JA
1DNN-NO-JGM,Lyngdal,Lyngdal,1DNN-NO-JG
1DNN-NO-JGN,Mandal,Mandal,1DNN-NO-JG
1DNN-NO-JGP,Flekkefjord,Flekkefjord,1DNN-NO-JG
1DNN-NO-T,Trøndelag,Тренделаґ (Центральна Норвеґія),1DNN
1DNN-NO-TD,Nord-Trøndelag,Nord-Trøndelag,1DNN-NO-T
1DNN-NO-TDA,Levanger,Levanger,1DNN-NO-TD
1DNN-NO-TDB,Namsos,Namsos,1DNN-NO-TD
1DNN-NO-TDC,Kolvereid,Kolvereid,1DNN-NO-TD
1DNN-NO-TDD,Stjørdal,Stjørdal,1DNN-NO-TD
1DNN-NO-TDE,Verdal,Verdal,1DNN-NO-TD
1DNN-NO-TDS,Steinkjer,Steinkjer,1DNN-NO-TD
1DNN-NO-TR,Sør-Trøndelag,Sør-Trøndelag,1DNN-NO-T
1DNN-NO-TRA,Orkanger,Orkanger,1DNN-NO-TR
1DNN-NO-TRB,Brekstad,Brekstad,1DNN-NO-TR
1DNN-NO-TRC,Røros,Røros,1DNN-NO-TR
1DNN-NO-TRH,Trondheim,Trondheim,1DNN-NO-TR
1DNN-NO-V,Western Norway (Vestlandet),Західна Норвегія (Вестланн),1DNN
1DNN-NO-VA,Vestland,Vestland,1DNN-NO-V
1DNN-NO-VH,Hordaland,Hordaland,1DNN-NO-VA
1DNN-NO-VHB,Bergen,Bergen,1DNN-NO-VH
1DNN-NO-VHC,Stord,Stord,1DNN-NO-VH
1DNN-NO-VHD,Odda,Odda,1DNN-NO-VH
1DNN-NO-VM,Møre and Romsdal,Møre and Romsdal,1DNN-NO-V
1DNN-NO-VMA,Ålesund,Ålesund,1DNN-NO-VM
1DNN-NO-VMB,Fosnavåg,Fosnavåg,1DNN-NO-VM
1DNN-NO-VMD,Ulsteinvik,Ulsteinvik,1DNN-NO-VM
1DNN-NO-VMK,Kristiansund,Kristiansund,1DNN-NO-VM
1DNN-NO-VML,Molde,Molde,1DNN-NO-VM
1DNN-NO-VMN,Åndalsnes,Åndalsnes,1DNN-NO-VM
1DNN-NO-VR,Rogaland,Rogaland,1DNN-NO-V
1DNN-NO-VRA,Bryne,Bryne,1DNN-NO-VR
1DNN-NO-VRB,Eigersund,Eigersund,1DNN-NO-VR
1DNN-NO-VRC,Haugesund,Haugesund,1DNN-NO-VR
1DNN-NO-VRD,Jørpeland,Jørpeland,1DNN-NO-VR
1DNN-NO-VRF,Sandnes,Sandnes,1DNN-NO-VR
1DNN-NO-VRG,Sauda,Sauda,1DNN-NO-VR
1DNN-NO-VRH,Skudeneshavn,Skudeneshavn,1DNN-NO-VR
1DNN-NO-VRJ,Kopervik,Kopervik,1DNN-NO-VR
1DNN-NO-VRK,Åkrehamn,Åkrehamn,1DNN-NO-VR
1DNN-NO-VRS,Stavanger,Stavanger,1DNN-NO-VR
1DNN-NO-VW,Sogn and Fjordane,Sogn and Fjordane,1DNN-NO-VA
1DNN-NO-VWA,Florø,Florø,1DNN-NO-VW
1DNN-NO-VWB,Førde,Førde,1DNN-NO-VW
1DNN-NO-VWC,Måløy,Måløy,1DNN-NO-VW
1DNN-NO-X,Eastern Norway (Østlandet),Східна Норвеґія (Естланн),1DNN
1DNN-NO-XA,Akershus,Akershus,1DNN-NO-X
1DNN-NO-XAA,Drøbak,Drøbak,1DNN-NO-XA
1DNN-NO-XAB,Lillestrøm,Lillestrøm,1DNN-NO-XA
1DNN-NO-XAC,Bærum,Bærum,1DNN-NO-XA
1DNN-NO-XAD,Ski (NO),Ski (NO),1DNN-NO-XA
1DNN-NO-XAE,Jessheim,Jessheim,1DNN-NO-XA
1DNN-NO-XB,Buskerud,Buskerud,1DNN-NO-X
1DNN-NO-XBC,Hokksund,Hokksund,1DNN-NO-XB
1DNN-NO-XBD,Drammen,Drammen,1DNN-NO-XB
1DNN-NO-XBH,Hønefoss,Hønefoss,1DNN-NO-XB
1DNN-NO-XBK,Kongsberg,Kongsberg,1DNN-NO-XB
1DNN-NO-XC,Viken,Viken,1DNN-NO-X
1DNN-NO-XE,Oslomarka,Oslomarka,1DNN-NO-X
1DNN-NO-XF,Oslofjorden (Oslofjord),Oslofjorden (Oslofjord),1DNN-NO-X
1DNN-NO-XD,Innlandet,Innlandet,1DNN-NO-X
1DNN-NO-XH,Hedmark,Hedmark,1DNN-NO-XD
1DNN-NO-XHA,Elverum,Elverum,1DNN-NO-XH
1DNN-NO-XHB,Kongsvinger,Kongsvinger,1DNN-NO-XH
1DNN-NO-XHC,Brumunddal,Brumunddal,1DNN-NO-XH
1DNN-NO-XHD,Moelv,Moelv,1DNN-NO-XH
1DNN-NO-XHR,Hamar,Hamar,1DNN-NO-XH
1DNN-NO-XP,Oppland,Oppland,1DNN-NO-XD
1DNN-NO-XPA,Fagernes,Fagernes,1DNN-NO-XP
1DNN-NO-XPB,Gjøvik,Gjøvik,1DNN-NO-XP
1DNN-NO-XPC,Otta,Otta,1DNN-NO-XP
1DNN-NO-XPD,Raufoss,Raufoss,1DNN-NO-XP
1DNN-NO-XPE,Vinstra,Vinstra,1DNN-NO-XP
1DNN-NO-XPL,Lillehammer,Lillehammer,1DNN-NO-XP
1DNN-NO-XR,Vestfold and Telemark,Осло,1DNN-NO-X
1DNN-NO-XS,Oslo,Oslo,1DNN-NO-X
1DNN-NO-XT,Telemark,Telemark,1DNN-NO-X
1DNN-NO-XTA,Kragerø,Kragerø,1DNN-NO-XT
1DNN-NO-XTB,Notodden,Notodden,1DNN-NO-XT
1DNN-NO-XTC,Brevik,Brevik,1DNN-NO-XT
1DNN-NO-XTD,Porsgrunn,Porsgrunn,1DNN-NO-XT
1DNN-NO-XTE,Rjukan,Rjukan,1DNN-NO-XT
1DNN-NO-XTF,Langesund,Langesund,1DNN-NO-XT
1DNN-NO-XTG,Stathelle,Stathelle,1DNN-NO-XT
1DNN-NO-XTK,Skien,Skien,1DNN-NO-XT
1DNN-NO-XV,Vestfold,Vestfold,1DNN-NO-X
1DNN-NO-XVA,Holmestrand,Holmestrand,1DNN-NO-XV
1DNN-NO-XVB,Horten,Horten,1DNN-NO-XV
1DNN-NO-XVC,Stavern,Stavern,1DNN-NO-XV
1DNN-NO-XVD,Svelvik,Svelvik,1DNN-NO-XV
1DNN-NO-XVF,Åsgårdstrand,Åsgårdstrand,1DNN-NO-XV
1DNN-NO-XVL,Larvik,Larvik,1DNN-NO-XV
1DNN-NO-XVN,Sandefjord,Sandefjord,1DNN-NO-XV
1DNN-NO-XVR,Tønsberg,Tønsberg,1DNN-NO-XV
1DNN-NO-XZ,Østfold,Østfold,1DNN-NO-X
1DNN-NO-XZA,Askim,Askim,1DNN-NO-XZ
1DNN-NO-XZB,Mysen,Mysen,1DNN-NO-XZ
1DNN-NO-XZF,Fredrikstad,Fredrikstad,1DNN-NO-XZ
1DNN-NO-XZH,Halden,Halden,1DNN-NO-XZ
1DNN-NO-XZM,Moss,Moss,1DNN-NO-XZ
1DNN-NO-XZS,Sarpsborg,Sarpsborg,1DNN-NO-XZ
1DNS,Sweden,Швеція. Королівство Швеція,1DN
1DNS-SE-A,Svealand,Свеаланд (Центральна Швеція),1DNS
1DNS-SE-AA,Stockholm,Стокгольм,1DNS-SE-A
1DNS-SE-AAA,Stockholm archipelago,Stockholm archipelago,1DNS-SE-AA
1DNS-SE-AB,Uppland,Uppland,1DNS-SE-A
1DNS-SE-ABA,Uppsala,Uppsala,1DNS-SE-AB
1DNS-SE-AC,Södermanland,Södermanland,1DNS-SE-A
1DNS-SE-ACA,Nyköping,Nyköping,1DNS-SE-AC
1DNS-SE-AD,Närke,Närke,1DNS-SE-A
1DNS-SE-ADA,Örebro,Örebro,1DNS-SE-AD
1DNS-SE-AE,Västmanland,Västmanland,1DNS-SE-A
1DNS-SE-AEA,Västerås,Västerås,1DNS-SE-AE
1DNS-SE-AF,Dalarna,Dalarna,1DNS-SE-A
1DNS-SE-AFA,Falun,Falun,1DNS-SE-AF
1DNS-SE-AG,Värmland,Värmland,1DNS-SE-A
1DNS-SE-AGA,Karlstad,Karlstad,1DNS-SE-AG
1DNS-SE-AH,Bergslagen,Bergslagen,1DNS-SE-A
1DNS-SE-B,Götaland,Ґеталанд,1DNS
1DNS-SE-BA,Skåne,Skåne,1DNS-SE-B
1DNS-SE-BAA,Malmö,Malmö,1DNS-SE-BA
1DNS-SE-BAB,Österlen,Österlen,1DNS-SE-BA
1DNS-SE-BB,Halland,Halland,1DNS-SE-B
1DNS-SE-BBA,Halmstad,Halmstad,1DNS-SE-BB
1DNS-SE-BC,Blekinge,Blekinge,1DNS-SE-B
1DNS-SE-BCA,Karlskrona,Karlskrona,1DNS-SE-BC
1DNS-SE-BD,Småland,Småland,1DNS-SE-B
1DNS-SE-BDA,Växjö,Växjö,1DNS-SE-BD
1DNS-SE-BDB,Kalmar,Kalmar,1DNS-SE-BD
1DNS-SE-BE,Öland,Öland,1DNS-SE-B
1DNS-SE-BF,Gotland,Gotland,1DNS-SE-B
1DNS-SE-BFA,Visby,Visby,1DNS-SE-BF
1DNS-SE-BG,Östergötland,Östergötland,1DNS-SE-B
1DNS-SE-BGA,Linköping,Linköping,1DNS-SE-BG
1DNS-SE-BH,Västergötland,Västergötland,1DNS-SE-B
1DNS-SE-BJ,Gothenburg,Gothenburg,1DNS-SE-B
1DNS-SE-BJA,Gothenburg archipelago,Gothenburg archipelago,1DNS-SE-BJ
1DNS-SE-BK,Bohuslän,Bohuslän,1DNS-SE-B
1DNS-SE-BL,Dalsland,Dalsland,1DNS-SE-B
1DNS-SE-C,Norrland,Норланд (Північна Швеція),1DNS
1DNS-SE-CA,Gästrikland,Gästrikland,1DNS-SE-C
1DNS-SE-CAA,Gävle,Gävle,1DNS-SE-CA
1DNS-SE-CB,Hälsingland,Hälsingland,1DNS-SE-C
1DNS-SE-CC,Jämtland,Jämtland,1DNS-SE-C
1DNS-SE-CCA,Östersund,Östersund,1DNS-SE-CC
1DNS-SE-CD,Härjedalen,Härjedalen,1DNS-SE-C
1DNS-SE-CE,Medelpad,Medelpad,1DNS-SE-C
1DNS-SE-CF,Ångermanland,Ångermanland,1DNS-SE-C
1DNS-SE-CFA,Härnösand,Härnösand,1DNS-SE-CF
1DNS-SE-CG,Västerbotten,Västerbotten,1DNS-SE-C
1DNS-SE-CGA,Umeå,Umeå,1DNS-SE-CG
1DNS-SE-CH,Norrbotten,Norrbotten,1DNS-SE-C
1DNS-SE-CHA,Luleå,Luleå,1DNS-SE-CH
1DNS-SE-CJ,Lapland,Lapland,1DNS-SE-C
1DNS-SE-CK,Tornedalen,Tornedalen,1DNS-SE-C
1DS,Southern Europe,Південна Європа,1D
1DSE,Spain,Іспанія. Королівство Іспанія,1DS
1DSE-ES-A,"Andalusia, Autonomous Community of",Андалусія (автономна область),1DSE
1DSE-ES-AA,Almeria (Province),Almeria (Province),1DSE-ES-A
1DSE-ES-AAA,Almeria (City),Almeria (City),1DSE-ES-AA
1DSE-ES-AB,Cadiz (Province),Cadiz (Province),1DSE-ES-A
1DSE-ES-ABA,Cadiz (City),Cadiz (City),1DSE-ES-AB
1DSE-ES-AC,Cordoba (Province),Cordoba (Province),1DSE-ES-A
1DSE-ES-ACA,Cordoba (City),Cordoba (City),1DSE-ES-AC
1DSE-ES-AD,Granada (Province),Ґранада (провінція),1DSE-ES-A
1DSE-ES-ADA,Granada (City),Ґранада (адм. центр провінції),1DSE-ES-AD
1DSE-ES-ADX,Granada: Places of interest,Ґранада: визначні місця,1DSE-ES-AD
1DSE-ES-ADXA,Sierra Nevada,"С’єрра-Невада, гори",1DSE-ES-ADX
1DSE-ES-AE,Huelva (Province),Huelva (Province),1DSE-ES-A
1DSE-ES-AEA,Huelva (City),Huelva (City),1DSE-ES-AE
1DSE-ES-AF,Jaen (Province),Jaen (Province),1DSE-ES-A
1DSE-ES-AFA,Jaen (City),Jaen (City),1DSE-ES-AF
1DSE-ES-AG,Malaga (Province),Малаґа (провінція),1DSE-ES-A
1DSE-ES-AGA,Malaga (City),Малаґа (адм. центр провінції),1DSE-ES-AG
1DSE-ES-AGX,Malaga: Places of interest,Малаґа: визначні місця,1DSE-ES-AG
1DSE-ES-AGXA,Costa del Sol,Коста дель Соль,1DSE-ES-AGX
1DSE-ES-AH,Seville (Province),Севілья (провінція),1DSE-ES-A
1DSE-ES-AHA,Seville (City),Севілья (місто),1DSE-ES-AH
1DSE-ES-B,Balearic Islands,Балеарські острови,1DSE
1DSE-ES-BA,Baleares (Province),Балеар (провінція),1DSE-ES-B
1DSE-ES-BAA,Mallorca,Мальорка,1DSE-ES-BA
1DSE-ES-BAAB,Palma de Mallorca,Пальма-де-Мальорка,1DSE-ES-BAA
1DSE-ES-BAB,Menorca,Мінорка,1DSE-ES-BA
1DSE-ES-BABA,Mahon,Мао,1DSE-ES-BAB
1DSE-ES-BAC,Ibiza (Island),Івіса (острів),1DSE-ES-BA
1DSE-ES-BACA,Ibiza (City),Івіса (місто),1DSE-ES-BAC
1DSE-ES-BAD,Formentera,Форментера,1DSE-ES-BA
1DSE-ES-C,"Aragon, Autonomous Community of",Араґон (автономна область),1DSE
1DSE-ES-CA,Huesca (Province),Уеска (провінція),1DSE-ES-C
1DSE-ES-CAA,Huesca (City),Уеска (місто),1DSE-ES-CA
1DSE-ES-CB,Teruel (Province),Теруель (провінція),1DSE-ES-C
1DSE-ES-CBA,Teruel (City),Теруель (місто),1DSE-ES-CB
1DSE-ES-CC,Zaragoza (Province),Сараґоса (провінція),1DSE-ES-C
1DSE-ES-CCA,Zaragoza (City),Сараґоса (місто),1DSE-ES-CC
1DSE-ES-D,"Asturias, Principality of",Астурія (автономна область),1DSE
1DSE-ES-DA,Asturias (Province),Астурія (провінція),1DSE-ES-D
1DSE-ES-DAA,Oviedo,Ов’єдо,1DSE-ES-DA
1DSE-ES-DAB,Gijon,Хіхон,1DSE-ES-DA
1DSE-ES-E,Canary Islands,Канарські острови (острови Канари) (автономна спільнота),1DSE
1DSE-ES-EA,Las Palmas (Province),Лас-Пальмас (провінція),1DSE-ES-E
1DSE-ES-EAA,Gran Canaria,Gran Canaria,1DSE-ES-EA
1DSE-ES-EAAA,Las Palmas de Gran Canaria,Las Palmas de Gran Canaria,1DSE-ES-EAA
1DSE-ES-EAB,Fuerteventura,Fuerteventura,1DSE-ES-EA
1DSE-ES-EAC,Lanzarote,Lanzarote,1DSE-ES-EA
1DSE-ES-EB,Santa Cruz de Tenerife (Province),Санта-Крус-де-Тенеріфе (провінція),1DSE-ES-E
1DSE-ES-EBA,Tenerife,Тенеріфе,1DSE-ES-EB
1DSE-ES-EBAA,Santa Cruz de Tenerife (City),Санта-Крус-де-Тенеріфе (місто),1DSE-ES-EBA
1DSE-ES-EBB,El Hierro,El Hierro,1DSE-ES-EB
1DSE-ES-EBC,La Gomera,La Gomera,1DSE-ES-EB
1DSE-ES-EBD,La Palma,La Palma,1DSE-ES-EB
1DSE-ES-F,"Cantabria, Autonomous Community of",Кантабрія (автономна область),1DSE
1DSE-ES-FA,Cantabria (Province),Кантабрія (провінція),1DSE-ES-F
1DSE-ES-FAA,Santander,Сантандер,1DSE-ES-FA
1DSE-ES-G,"Castile-La Mancha, Autonomous Community of",Кастілья-Ла-Манча (автономна область),1DSE
1DSE-ES-GA,Albacete (Province),Albacete (Province),1DSE-ES-G
1DSE-ES-GAA,Albacete (City),Albacete (City),1DSE-ES-GA
1DSE-ES-GB,Ciudad Real (Province),Ciudad Real (Province),1DSE-ES-G
1DSE-ES-GBA,Ciudad Real (City),Ciudad Real (City),1DSE-ES-GB
1DSE-ES-GC,Cuenca (Province),Cuenca (Province),1DSE-ES-G
1DSE-ES-GCA,Cuenca (City),Cuenca (City),1DSE-ES-GC
1DSE-ES-GD,Guadalajara (Province),Guadalajara (Province),1DSE-ES-G
1DSE-ES-GDA,Guadalajara (City),Guadalajara (City),1DSE-ES-GD
1DSE-ES-GE,Toledo (Province),Толедо (провінція),1DSE-ES-G
1DSE-ES-GEA,Toledo (City),Толедо (місто),1DSE-ES-GE
1DSE-ES-H,"Castile and Leon, Autonomous Community of",Кастілья-Леон (автономна область),1DSE
1DSE-ES-HA,Avila (Province),Avila (Province),1DSE-ES-H
1DSE-ES-HAA,Avila (City),Avila (City),1DSE-ES-HA
1DSE-ES-HB,Burgos (Province),Burgos (Province),1DSE-ES-H
1DSE-ES-HBA,Burgos (City),Burgos (City),1DSE-ES-HB
1DSE-ES-HC,Leon (Province),Леон (провінція),1DSE-ES-H
1DSE-ES-HCA,Leon (City),Леон (місто),1DSE-ES-HC
1DSE-ES-HD,Palencia (Province),Palencia (Province),1DSE-ES-H
1DSE-ES-HDA,Palencia (City),Palencia (City),1DSE-ES-HD
1DSE-ES-HE,Salamanca (Province),Salamanca (Province),1DSE-ES-H
1DSE-ES-HEA,Salamanca (City),Salamanca (City),1DSE-ES-HE
1DSE-ES-HF,Segovia (Province),Segovia (Province),1DSE-ES-H
1DSE-ES-HFA,Segovia (City),Segovia (City),1DSE-ES-HF
1DSE-ES-HG,Soria (Province),Soria (Province),1DSE-ES-H
1DSE-ES-HGA,Soria (City),Soria (City),1DSE-ES-HG
1DSE-ES-HH,Valladolid (Province),Valladolid (Province),1DSE-ES-H
1DSE-ES-HHA,Valladolid (City),Valladolid (City),1DSE-ES-HH
1DSE-ES-HJ,Zamora (Province),Zamora (Province),1DSE-ES-H
1DSE-ES-HJA,Zamora (City),Zamora (City),1DSE-ES-HJ
1DSE-ES-J,Catalonia,Каталонія,1DSE
1DSE-ES-JA,Barcelona (Province),Барселона (провінція),1DSE-ES-J
1DSE-ES-JAA,Barcelona (City),Барселона (місто),1DSE-ES-JA
1DSE-ES-JB,Girona (Province),Жерона (провінція),1DSE-ES-J
1DSE-ES-JBA,Girona (City),Жерона (місто),1DSE-ES-JB
1DSE-ES-JBX,Girona: Places of interest,Жерона: визначні місця,1DSE-ES-JB
1DSE-ES-JBXA,Costa Brava,Коста-Брава,1DSE-ES-JBX
1DSE-ES-JC,Lerida / Lleida (Province),Lerida / Lleida (Province),1DSE-ES-J
1DSE-ES-JCA,Lerida / Lleida (City),Lerida / Lleida (City),1DSE-ES-JC
1DSE-ES-JD,Tarragona (Province),Tarragona (Province),1DSE-ES-J
1DSE-ES-JDA,Tarragona (City),Tarragona (City),1DSE-ES-JD
1DSE-ES-K,"Extremadura, Autonomous Community of",Екстремадура (автономна область),1DSE
1DSE-ES-KA,Caceres (Province),Caceres (Province),1DSE-ES-K
1DSE-ES-KAA,Caceres (City),Caceres (City),1DSE-ES-KA
1DSE-ES-KB,Badajoz (Province),Badajoz (Province),1DSE-ES-K
1DSE-ES-KBA,Badajoz (City),Badajoz (City),1DSE-ES-KB
1DSE-ES-L,"Galicia, Autonomous Community of",Ґалісія (автономна область),1DSE
1DSE-ES-LA,Corunna (Province),Corunna (Province),1DSE-ES-L
1DSE-ES-LAA,Corunna (City),Corunna (City),1DSE-ES-LA
1DSE-ES-LAB,Santiago de Compostela,Сантьяґо-де-Компостела,1DSE-ES-LA
1DSE-ES-LB,Lugo (Province),Lugo (Province),1DSE-ES-L
1DSE-ES-LBA,Lugo (City),Lugo (City),1DSE-ES-LB
1DSE-ES-LC,Orense (Province),Orense (Province),1DSE-ES-L
1DSE-ES-LCA,Orense (City),Orense (City),1DSE-ES-LC
1DSE-ES-LD,Pontevedra (Province),Понтеведра (провінція),1DSE-ES-L
1DSE-ES-LDA,Pontevedra (City),Понтеведра (місто),1DSE-ES-LD
1DSE-ES-M,"Madrid, Community of",Мадрід (автономна область),1DSE
1DSE-ES-MA,Madrid (Province),Мадрід (провінція),1DSE-ES-M
1DSE-ES-MAA,Madrid (City),Мадрід (місто),1DSE-ES-MA
1DSE-ES-N,"Murcia, Region of",Мурсія (регіон),1DSE
1DSE-ES-NA,Murcia (Province),Мурсія (провінція),1DSE-ES-N
1DSE-ES-NAA,Murcia (City),Мурсія (місто),1DSE-ES-NA
1DSE-ES-Q,"Navarre, Chartered Community of",Наварра (зафрахтована автономна область),1DSE
1DSE-ES-QA,Navarre,Наварра,1DSE-ES-Q
1DSE-ES-QAB,Pamplona,Памплона,1DSE-ES-QA
1DSE-ES-R,Basque Autonomous Community,"Країна Басків (Паіс-Баско, Евскаді) (автономна область)",1DSE
1DSE-ES-RA,Alava,Алава,1DSE-ES-R
1DSE-ES-RAA,Vitoria,Віторія,1DSE-ES-RA
1DSE-ES-RB,Guipuzcoa,Ґіпускоа,1DSE-ES-R
1DSE-ES-RBA,San Sebastian,Сан-Себастьян,1DSE-ES-RB
1DSE-ES-RC,Biscay,Біскайя,1DSE-ES-R
1DSE-ES-RCA,Bilbao,Більбао,1DSE-ES-RC
1DSE-ES-S,"La Rioja, Autonomous Community of",Ла-Ріоха (автономна область),1DSE
1DSE-ES-SA,Logroño (Province),Лоґроно (провінція),1DSE-ES-S
1DSE-ES-SAA,Logroño (City),Лоґроно (місто),1DSE-ES-SA
1DSE-ES-T,Valencian Community,Валенсія (автономна область),1DSE
1DSE-ES-TA,Alicante (Province),Аліканте (провінція),1DSE-ES-T
1DSE-ES-TAA,Alicante (City),Аліканте (місто),1DSE-ES-TA
1DSE-ES-TAX,Alicante: Places of interest,Аліканте: визначні місця,1DSE-ES-TA
1DSE-ES-TAXA,Costa Blanca,Коста-Бланка,1DSE-ES-TAX
1DSE-ES-TB,Castellon (Province),Кастельо (провінція),1DSE-ES-T
1DSE-ES-TBA,Castellon (City),Кастельо (місто),1DSE-ES-TB
1DSE-ES-TC,Valencia (Province),Валенсія (провінція),1DSE-ES-T
1DSE-ES-TCA,Valencia (City),Валенсія (місто),1DSE-ES-TC
1DSE-ES-U,"Ceuta, Autonomous City of",Сеута (автономне місто),1DSE
1DSE-ES-V,"Melilla, Autonomous City of",Мелілья (автономне місто),1DSE
1DSE-ES-X,Spain: Places of interest,Іспанія: визначні місця,1DSE
1DSE-ES-XA,Way of St. James,Шлях Святого Якова,1DSE-ES-X
1DSE-ES-XB,La Mancha,Ла-Манча,1DSE-ES-X
1DSE-ES-XC,Cantabrian Mountains,"Кантабрія, гори",1DSE-ES-X
1DSG,Gibraltar,Ґібралтар,1DS
1DSM,Malta,Мальта. Республіка Мальта,1DS
1DSM-MT-G,Gozo,Ґозо,1DSM
1DSN,Andorra,Андорра. Князівство Андорра,1DS
1DSP,Portugal,Портуґалія. Портуґальська Республіка,1DS
1DSP-PT-B,Norte (Northern Portugal),Норте (Північна Портуґалія),1DSP
1DSP-PT-BP,Porto,Порту (Опорту),1DSP-PT-B
1DSP-PT-C,Centro (Central Portugal),Центральна Портуґалія,1DSP
1DSP-PT-L,Lisboa (Region),"Лісабон (регіон, округ)",1DSP
1DSP-PT-LL,Lisbon,Лісабон,1DSP-PT-L
1DSP-PT-LS,Sintra,Сінтра,1DSP-PT-L
1DSP-PT-N,Alentejo,Алентежу,1DSP
1DSP-PT-P,Algarve,Алґарві,1DSP
1DSP-PT-PF,Faro,Фару,1DSP-PT-P
1DSP-PT-R,Madeira – Autonomous Region,Мадейра — Автономний регіон,1DSP
1DSP-PT-RF,Funchal,Funchal,1DSP-PT-R
1DSP-PT-T,Azores – Autonomous Region,Азорські острови— Автономний регіон,1DSP
1DST,Italy,Італія. Італійська Республіка,1DS
1DST-IT-N,Northern Italy,Північна Італія,1DST
1DST-IT-NA,Aosta Valley,Валле-д’Аоста,1DST-IT-N
1DST-IT-NF,Friuli Venezia Giulia,Фріулі-Венеція-Джулія,1DST-IT-N
1DST-IT-NFG,Gorizia,Gorizia,1DST-IT-NF
1DST-IT-NFP,Pordenone,Pordenone,1DST-IT-NF
1DST-IT-NFT,Trieste,Trieste,1DST-IT-NF
1DST-IT-NFU,Udine,Udine,1DST-IT-NF
1DST-IT-NG,Liguria,Ліґурія,1DST-IT-N
1DST-IT-NGA,Genoa,Генуя,1DST-IT-NG
1DST-IT-NGM,Imperia,Імперія,1DST-IT-NG
1DST-IT-NGS,Savona,Савона,1DST-IT-NG
1DST-IT-NGZ,La Spezia,Спеція,1DST-IT-NG
1DST-IT-NL,Lombardy,Ломбардія,1DST-IT-N
1DST-IT-NLA,Varese,Varese,1DST-IT-NL
1DST-IT-NLB,Bergamo,Бергамо,1DST-IT-NL
1DST-IT-NLC,Como,Комо,1DST-IT-NL
1DST-IT-NLD,Lodi,Lodi,1DST-IT-NL
1DST-IT-NLE,Lecco,Lecco,1DST-IT-NL
1DST-IT-NLM,Milan,Мілан,1DST-IT-NL
1DST-IT-NLN,Sondrio,Sondrio,1DST-IT-NL
1DST-IT-NLR,Cremona,Кремона,1DST-IT-NL
1DST-IT-NLS,Brescia,Brescia,1DST-IT-NL
1DST-IT-NLT,Mantua,Mantua,1DST-IT-NL
1DST-IT-NLV,Pavia,Pavia,1DST-IT-NL
1DST-IT-NLZ,Monza and Brianza,Monza and Brianza,1DST-IT-NL
1DST-IT-NP,Piedmont,П’ємонт,1DST-IT-N
1DST-IT-NPA,Alessandria,Алессандрія,1DST-IT-NP
1DST-IT-NPL,Biella,Biella,1DST-IT-NP
1DST-IT-NPN,Novara,Новара,1DST-IT-NP
1DST-IT-NPR,Vercelli,Vercelli,1DST-IT-NP
1DST-IT-NPS,Asti,Асті,1DST-IT-NP
1DST-IT-NPT,Turin,Турин,1DST-IT-NP
1DST-IT-NPU,Cuneo,Cuneo,1DST-IT-NP
1DST-IT-NPV,Province of Verbano Cusio Ossola,Province of Verbano Cusio Ossola,1DST-IT-NP
1DST-IT-NT,Trentino Alto Adige,Трентіно-Альто-Адідже,1DST-IT-N
1DST-IT-NTR,Trento,Trento,1DST-IT-NT
1DST-IT-NTZ,Bolzano,Bolzano,1DST-IT-NT
1DST-IT-NV,Veneto,Венето,1DST-IT-N
1DST-IT-NVD,Padua,Падуя,1DST-IT-NV
1DST-IT-NVE,Venice,Венеція,1DST-IT-NV
1DST-IT-NVN,Verona,Верона,1DST-IT-NV
1DST-IT-NVR,Rovigo,Ровіго,1DST-IT-NV
1DST-IT-NVS,Treviso,Тревізо,1DST-IT-NV
1DST-IT-NVU,Belluno,Беллуно,1DST-IT-NV
1DST-IT-NVZ,Vicenza,Віченца,1DST-IT-NV
1DST-IT-NZ,Northern Italy: Places of interest,Північна Італія: визначні місця,1DST-IT-N
1DST-IT-NZB,The Northern Apennines,"Північні Апенніни, гори",1DST-IT-NZ
1DST-IT-NZD,The Dolomites,Доломітові Альпи,1DST-IT-NZ
1DST-IT-NZL,The Italian lakes region,Італійські озера,1DST-IT-NZ
1DST-IT-NZLC,Lake Como,Озеро Комо,1DST-IT-NZL
1DST-IT-NZLG,Lake Garda,Озеро Ґарда,1DST-IT-NZL
1DST-IT-NZLM,Lake Maggiore,Озеро Маджоре,1DST-IT-NZL
1DST-IT-NZLQ,Lake Iseo,Озеро Ізео,1DST-IT-NZL
1DST-IT-NZP,The Po River and its tributaries,Річка По та її притоки,1DST-IT-NZ
1DST-IT-T,Central Italy,Центральна Італія,1DST
1DST-IT-TG,Emilia Romagna,Емілія-Романья,1DST-IT-T
1DST-IT-TGB,Bologna,Болонья,1DST-IT-TG
1DST-IT-TGC,Forlì-Cesena,Forlì-Cesena,1DST-IT-TG
1DST-IT-TGF,Ferrara,Феррара,1DST-IT-TG
1DST-IT-TGM,Modena,Modena,1DST-IT-TG
1DST-IT-TGN,Rimini,Rimini,1DST-IT-TG
1DST-IT-TGP,Parma,Parma,1DST-IT-TG
1DST-IT-TGR,Reggio Emilia,Reggio Emilia,1DST-IT-TG
1DST-IT-TGV,Ravenna,Ravenna,1DST-IT-TG
1DST-IT-TGZ,Piacenza,Piacenza,1DST-IT-TG
1DST-IT-TM,Marche,Марке,1DST-IT-T
1DST-IT-TMA,Ancona,Ancona,1DST-IT-TM
1DST-IT-TMF,Fermo,Fermo,1DST-IT-TM
1DST-IT-TMP,Pesaro and Urbino,Pesaro and Urbino,1DST-IT-TM
1DST-IT-TMS,Ascoli Piceno,Ascoli Piceno,1DST-IT-TM
1DST-IT-TMT,Macerata,Macerata,1DST-IT-TM
1DST-IT-TR,Umbria,Умбрія,1DST-IT-T
1DST-IT-TRP,Perugia,Perugia,1DST-IT-TR
1DST-IT-TRPT,Lake Trasimeno,Lake Trasimeno,1DST-IT-TRP
1DST-IT-TRT,Terni,Terni,1DST-IT-TR
1DST-IT-TS,Tuscany,Тоскана,1DST-IT-T
1DST-IT-TSA,Arezzo,Ареццо,1DST-IT-TS
1DST-IT-TSE,Siena,Сієна,1DST-IT-TS
1DST-IT-TSEB,Val d’Orcia,Val d’Orcia,1DST-IT-TSE
1DST-IT-TSF,Florence,Флоренція,1DST-IT-TS
1DST-IT-TSG,Grosseto,Гроссето,1DST-IT-TS
1DST-IT-TSL,Livorno,Ліворно,1DST-IT-TS
1DST-IT-TSLB,Elba,Ельба,1DST-IT-TSL
1DST-IT-TSM,Massa-Carrara,Масса і Каррара,1DST-IT-TS
1DST-IT-TSP,Pisa,Піза,1DST-IT-TS
1DST-IT-TSR,Prato,Prato,1DST-IT-TS
1DST-IT-TST,Pistoia,Pistoia,1DST-IT-TS
1DST-IT-TSU,Lucca,Лукка,1DST-IT-TS
1DST-IT-TZ,Lazio,Лаціо,1DST-IT-T
1DST-IT-TZF,Frosinone,Фрозіноне,1DST-IT-TZ
1DST-IT-TZL,Latina,Латіна,1DST-IT-TZ
1DST-IT-TZR,Rome,Рим,1DST-IT-TZ
1DST-IT-TZT,Rieti,Рієті,1DST-IT-TZ
1DST-IT-TZV,Viterbo,Вітербо,1DST-IT-TZ
1DST-IT-TX,Central Italy: Places of interest,Центральна Італія: визначні місця,1DST-IT-T
1DST-IT-TXA,The Arno river and tributaries,Річка Арно та її притоки,1DST-IT-TX
1DST-IT-TXC,The Tiber river and tributaries,Річка Тибр та її притоки,1DST-IT-TX
1DST-IT-TXF,The Central Apennines,"Центральні Апенніни, гори",1DST-IT-TX
1DST-IT-TXM,Maremma,Маремма (Тоскана),1DST-IT-TX
1DST-IT-U,Southern Italy and Islands,Південна Італія та острови,1DST
1DST-IT-UA,Abruzzo,Абруцці,1DST-IT-U
1DST-IT-UAH,Chieti,Chieti,1DST-IT-UA
1DST-IT-UAP,Pescara,Pescara,1DST-IT-UA
1DST-IT-UAQ,L’Aquila,L’Aquila,1DST-IT-UA
1DST-IT-UAT,Teramo,Teramo,1DST-IT-UA
1DST-IT-UC,Calabria,Калабрія,1DST-IT-U
1DST-IT-UCK,Crotone,Crotone,1DST-IT-UC
1DST-IT-UCR,Reggio Calabria,Reggio Calabria,1DST-IT-UC
1DST-IT-UCS,Cosenza,Cosenza,1DST-IT-UC
1DST-IT-UCV,Vibo Valentia,Vibo Valentia,1DST-IT-UC
1DST-IT-UCZ,Catanzaro,Catanzaro,1DST-IT-UC
1DST-IT-UD,Sardinia,Сардінія,1DST-IT-U
1DST-IT-UDC,Cagliari,Cagliari,1DST-IT-UD
1DST-IT-UDG,Province of Ogliastra,Province of Ogliastra,1DST-IT-UD
1DST-IT-UDM,Province of Medio Campidano,Province of Medio Campidano,1DST-IT-UD
1DST-IT-UDN,Carbonia-Iglesias,Carbonia-Iglesias,1DST-IT-UD
1DST-IT-UDR,Oristano,Oristano,1DST-IT-UD
1DST-IT-UDS,Sassari,Sassari,1DST-IT-UD
1DST-IT-UDSD,Costa Smeralda,Costa Smeralda,1DST-IT-UDS
1DST-IT-UDT,Olbia Tempio,Olbia Tempio,1DST-IT-UD
1DST-IT-UDU,Nuoro,Nuoro,1DST-IT-UD
1DST-IT-UE,Molise,Молізе,1DST-IT-U
1DST-IT-UEC,Campobasso,Campobasso,1DST-IT-UE
1DST-IT-UES,Isernia,Isernia,1DST-IT-UE
1DST-IT-UL,Sicily,Сіцілія,1DST-IT-U
1DST-IT-ULA,Agrigento,Агридженто,1DST-IT-UL
1DST-IT-ULC,Caltanissetta,Кальтаніссетта,1DST-IT-UL
1DST-IT-ULE,Enna,Енна,1DST-IT-UL
1DST-IT-ULM,Messina,Мессина,1DST-IT-UL
1DST-IT-ULME,Aeolian Islands,Aeolian Islands,1DST-IT-ULM
1DST-IT-ULN,Trapani,Трапані,1DST-IT-UL
1DST-IT-ULND,Egadi (Aegadian) Islands,Egadi (Aegadian) Islands,1DST-IT-ULN
1DST-IT-ULP,Palermo,Палермо,1DST-IT-UL
1DST-IT-ULR,Ragusa,Раґуза,1DST-IT-UL
1DST-IT-ULS,Syracuse,Сиракузи,1DST-IT-UL
1DST-IT-ULT,Catania,Катанія,1DST-IT-UL
1DST-IT-ULTE,Mount Etna,"Етна, гора",1DST-IT-ULT
1DST-IT-UM,Campania,Кампанія,1DST-IT-U
1DST-IT-UML,Avellino,Avellino,1DST-IT-UM
1DST-IT-UMN,Naples,Неаполь,1DST-IT-UM
1DST-IT-UMNC,Capri / Ischia,Capri / Ischia,1DST-IT-UMN
1DST-IT-UMNP,Pompeii / Herculaneum,Pompeii / Herculaneum,1DST-IT-UMN
1DST-IT-UMNV,Mount Vesuvius,Mount Vesuvius,1DST-IT-UMN
1DST-IT-UMS,Salerno,Salerno,1DST-IT-UM
1DST-IT-UMSC,The Amalfi coast,The Amalfi coast,1DST-IT-UMS
1DST-IT-UMT,Caserta,Caserta,1DST-IT-UM
1DST-IT-UMV,Benevento,Benevento,1DST-IT-UM
1DST-IT-UP,Apulia,Апулія,1DST-IT-U
1DST-IT-UPA,Bari,Bari,1DST-IT-UP
1DST-IT-UPG,Foggia,Foggia,1DST-IT-UP
1DST-IT-UPGB,Tavoliere delle Puglie,Tavoliere delle Puglie,1DST-IT-UPG
1DST-IT-UPGT,Tremiti Islands (Isole Tremiti),Tremiti Islands (Isole Tremiti),1DST-IT-UPG
1DST-IT-UPL,Lecce,Lecce,1DST-IT-UP
1DST-IT-UPR,Barletta Andria Trani,Barletta Andria Trani,1DST-IT-UP
1DST-IT-UPS,Brindisi,Brindisi,1DST-IT-UP
1DST-IT-UPT,Taranto,Taranto,1DST-IT-UP
1DST-IT-US,Basilicata,Базиліката,1DST-IT-U
1DST-IT-USM,Matera,Matera,1DST-IT-US
1DST-IT-USP,Potenza,Potenza,1DST-IT-US
1DST-IT-UZ,Southern Italy: Places of interest,Південна Італія: визначні місця,1DST-IT-U
1DST-IT-UZC,The Southern Apennines,"Південні Апенніни, гори",1DST-IT-UZ
1DST-IT-UZCE,Monte Gran Sasso,Monte Gran Sasso,1DST-IT-UZC
1DST-IT-UZCP,Monte Pollino,Monte Pollino,1DST-IT-UZC
1DST-IT-UZD,Sila,"Сила, національний парк",1DST-IT-UZ
1DST-IT-X,Historical and cultural areas within Italy,Історичні та культурні райони в Італії,1DST
1DST-IT-XN,Historical and cultural areas: Northern Italy,Історичні та культурні райони в Північній Італії,1DST-IT-X
1DST-IT-XNA,Langhe,Ланге,1DST-IT-XN
1DST-IT-XNC,Monferrat,Монферрат,1DST-IT-XN
1DST-IT-XNE,Canavese,Канавезе,1DST-IT-XN
1DST-IT-XNF,Cinque Terre,Чинкве-Терре,1DST-IT-XN
1DST-IT-XNH,Tigullio,Тігулліо,1DST-IT-XN
1DST-IT-XNL,Franciacorta,Франчакорта,1DST-IT-XN
1DST-IT-XNN,Lomellina,Ломелліна,1DST-IT-XN
1DST-IT-XNP,Polesine,Поліссі,1DST-IT-XN
1DST-IT-XNR,Carnia,Карнія,1DST-IT-XN
1DST-IT-XT,Historical and cultural areas: Central Italy,Історичні та культурні райони в Центральній Італії,1DST-IT-X
1DST-IT-XTA,Lunigiana,Лунігіана,1DST-IT-XT
1DST-IT-XTC,Garfagnana,Гарфаняна,1DST-IT-XT
1DST-IT-XTE,Chianti,К’янті,1DST-IT-XT
1DST-IT-XTG,Mugello,Муджелло,1DST-IT-XT
1DST-IT-XTL,Versilia,Версілія,1DST-IT-XT
1DST-IT-XTN,Ciociaria,Чочарія,1DST-IT-XT
1DST-IT-XTT,Tuscia,Tuscia,1DST-IT-XT
1DST-IT-XU,Historical and cultural areas: Southern Italy and islands,Історичні та культурні райони в Південній Італії та островах,1DST-IT-X
1DST-IT-XUA,Cilento,Чиленто,1DST-IT-XU
1DST-IT-XUC,Irpinia,Ірпінія,1DST-IT-XU
1DST-IT-XUE,Sannio,Санніо,1DST-IT-XU
1DST-IT-XUG,Salento,Саленто,1DST-IT-XU
1DST-IT-XUL,Gallura,Галлура,1DST-IT-XU
1DSU,San Marino,Сан-Маріно,1DS
1DSV,Vatican,Ватикан,1DS
1DT,Eastern Europe,Східна Європа,1D
1DTA,Russia,Росія. Російська Федерація,1DT
1DTA-RU-B,Russia: Central District,Росія: Центральний федеральний округ,1DTA
1DTA-RU-BK,Kursk,Курськ,1DTA-RU-B
1DTA-RU-BM,Moscow,Москва,1DTA-RU-B
1DTA-RU-BS,Smolensk,Смоленськ,1DTA-RU-B
1DTA-RU-D,Russia: Southern District,Росія: Південний федеральний округ,1DTA
1DTA-RU-DB,Volgograd,Волгоград,1DTA-RU-D
1DTA-RU-DD,Rostov-on-Don,Ростов-на-Дону,1DTA-RU-D
1DTA-RU-F,Russia: Northwestern District,Росія: Північно-Західний федеральний округ,1DTA
1DTA-RU-FA,Archangel / Arkhangelsk,Арханґельск,1DTA-RU-F
1DTA-RU-FC,Kaliningrad,Калінінґрад,1DTA-RU-F
1DTA-RU-FD,Novgorod,Новґород,1DTA-RU-F
1DTA-RU-FP,Saint Petersburg,Санкт-Петербурґ,1DTA-RU-F
1DTA-RU-H,Russia: Far Eastern District,Росія: Далекосхідний федеральний округ,1DTA
1DTA-RU-J,Russia: Siberian District,Росія: Сибірський федеральний округ,1DTA
1DTA-RU-JZ,Siberia: places of interest,Сибір: визначні місця,1DTA-RU-J
1DTA-RU-JZB,Siberia: Lake Baikal,Сибір: озеро Байкал,1DTA-RU-JZ
1DTA-RU-L,Russia: Ural District,Росія: Уральський федеральний округ,1DTA
1DTA-RU-N,Russia: Volga District,Росія: Приволзький федеральний округ,1DTA
1DTA-RU-NN,Nizhny Novgorod,Нижній Новґород,1DTA-RU-N
1DTA-RU-P,Russia: North Caucasus District,Росія: Північнокавказький федеральний округ,1DTA
1DTA-RU-PC,Chechen Republic (Chechnya),Чечня. Чеченська Республіка,1DTA-RU-P
1DTB,Belarus,Білорусь. Республіка Білорусь,1DT
1DTB-BY-M,Minsk,Мінськ,1DTB
1DTD,Latvia,Латвія. Латвійська Республіка,1DT
1DTD-LV-R,Riga,Рига,1DTD
1DTE,Estonia,Естонія. Республіка Естонія,1DT
1DTE-EE-T,Tallinn,Таллінн,1DTE
1DTF,Lithuania,Литва. Литовська Республіка,1DT
1DTF-LT-V,Vilnius,Вільнюс,1DTF
1DTG,Georgia,Грузія. Республіка Грузія. Сакартвело. Республіка Сакартвело,1DT
1DTG-GE-T,Tbilisi,Тбілісі,1DTG
1DTH,Hungary,Угорщина. Угорська Республіка,1DT
1DTH-HU-B,Central Hungary,Центральна Угорщина,1DTH
1DTH-HU-BB,Budapest,Будапешт,1DTH-HU-B
1DTH-HU-D,Transdanubia,Лівобережжя Дунаю,1DTH
1DTH-HU-DB,Lake Balaton,Lake Balaton,1DTH-HU-D
1DTH-HU-DD,Lake Neusiedl / Ferto,Lake Neusiedl / Ferto,1DTH-HU-D
1DTH-HU-DF,Mecsek Mountains,Mecsek Mountains,1DTH-HU-D
1DTH-HU-DG,Transdanubian Mountains,Transdanubian Mountains,1DTH-HU-D
1DTH-HU-DH,Little Hungarian Plain,Little Hungarian Plain,1DTH-HU-D
1DTH-HU-DP,Esztergom,Esztergom,1DTH-HU-D
1DTH-HU-DQ,Győr,Győr,1DTH-HU-D
1DTH-HU-DR,Pécs,Pécs,1DTH-HU-D
1DTH-HU-DS,Sopron,Sopron,1DTH-HU-D
1DTH-HU-DT,Székesfehérvár,Székesfehérvár,1DTH-HU-D
1DTH-HU-DV,Veszprém,Veszprém,1DTH-HU-D
1DTH-HU-F,Great Plain and the North,Great Plain and the North,1DTH
1DTH-HU-FD,North Hungarian Mountains,North Hungarian Mountains,1DTH-HU-F
1DTH-HU-FDE,Eger,Eger,1DTH-HU-FD
1DTH-HU-FP,Great Hungarian plain,Great Hungarian plain,1DTH-HU-F
1DTH-HU-FPD,Hortobágy National Park,Hortobágy National Park,1DTH-HU-FP
1DTH-HU-FPJ,Debrecen,Debrecen,1DTH-HU-FP
1DTH-HU-FPK,Szeged,Szeged,1DTH-HU-FP
1DTH-HU-FPW,Lake Tisza,Lake Tisza,1DTH-HU-FP
1DTH-HU-Z,Hungary: Places of interest,Угорщина: визначні місця,1DTH
1DTH-HU-ZD,Danube–Tisza Interfluve,Межиріччя Дунай-Тиса,1DTH-HU-Z
1DTH-HU-ZT,Transtisza / Tiszántúl,Transtisza / Tiszántúl,1DTH-HU-Z
1DTJ,Czechia,Чехія. Чеська Республіка,1DT
1DTJ-CZ-A,Prague,Прага,1DTJ
1DTJ-CZ-B,South Moravian Region,Їгоморавський край (Південна Моравія),1DTJ
1DTJ-CZ-C,South Bohemian Region,Їгочеський край (Південна Богемія),1DTJ
1DTJ-CZ-E,Pardubice Region,Пардубіцький край (Пардубіц),1DTJ
1DTJ-CZ-H,Hradec Kralove Region,Краловеградецький край (Градец-Кралове),1DTJ
1DTJ-CZ-J,Vysocina Region,Край Височіна (Височіна),1DTJ
1DTJ-CZ-K,Karlovy Vary Region,Карловарський край (Карлові Вари) (Карлсбад),1DTJ
1DTJ-CZ-L,Liberec Region,Ліберецький край (Ліберец),1DTJ
1DTJ-CZ-M,Olomouc Region,Оломоуцький край (Оломоуц),1DTJ
1DTJ-CZ-P,Pilsen Region,Плзенський край (Плзень),1DTJ
1DTJ-CZ-S,Central Bohemian Region,Середньочеській край (Центральна Богемія),1DTJ
1DTJ-CZ-T,Moravian-Silesian Region,Моравськосілезький край (Моравія і Сілезія),1DTJ
1DTJ-CZ-U,Usti nad Labem Region,Устецький край (Усті-над-Лабем),1DTJ
1DTJ-CZ-Z,Zlin Region,Злінський край (Злін),1DTJ
1DTJ-CZ-X,Czechia: places of interest,Чехія: визначні місця,1DTJ
1DTJ-CZ-XB,Bohemia,Богемія,1DTJ-CZ-X
1DTJ-CZ-XBF,Bohemian Forest,Богемський ліс (Чеський ліс),1DTJ-CZ-XB
1DTJ-CZ-XBG,Krkonoše / Giant Mountains,Крконоше / Гігантські гори,1DTJ-CZ-XB
1DTJ-CZ-XBV,Vltava river and tributaries,"Влтава, річка та її притоки",1DTJ-CZ-XB
1DTJ-CZ-XM,Moravia,Моравія,1DTJ-CZ-X
1DTJ-CZ-XS,Czech Silesia,Чеська Сілезія,1DTJ-CZ-X
1DTK,Slovakia,Словаччина. Словацька Республіка,1DT
1DTK-SK-B,Bratislava (region),Братиславський регіон,1DTK
1DTK-SK-BB,Bratislava,Братислава,1DTK-SK-B
1DTK-SK-K,Kosice Region,Кошицький регіон,1DTK
1DTK-SK-N,Nitra Region,Нітринський регіон,1DTK
1DTK-SK-P,Presov Region,Пряшівський регіон,1DTK
1DTK-SK-S,Banska Bystrica Region,Банскобистріцький регіон,1DTK
1DTK-SK-T,Trencin Region,Тренчінський регіон,1DTK
1DTK-SK-V,Trnava Region,Трнавський регіон,1DTK
1DTK-SK-Y,Zilina Region,Жілінський регіон,1DTK
1DTK-SK-Z,Slovakia: places of interest,Словаччина: визначні місця,1DTK
1DTK-SK-ZV,The Vah and tributaries,"Вах, річка та притоки",1DTK-SK-Z
1DTM,Moldova (Moldavia),Молдова. Республіка Молдова,1DT
1DTN,Ukraine,Україна,1DT
1DTN-UA-A,Cherkasy (Cherkaska) oblast,Cherkasy (Cherkaska) oblast,1DTN
1DTN-UA-B,Chernihiv (Chernihivska) oblast,Chernihiv (Chernihivska) oblast,1DTN
1DTN-UA-C,Chernivtsi (Chernivetska) oblast,Chernivtsi (Chernivetska) oblast,1DTN
1DTN-UA-D,Dnipropetrovsk (Dnipropetrovska) oblast,Dnipropetrovsk (Dnipropetrovska) oblast,1DTN
1DTN-UA-E,Donetsk (Donetska) oblast,Donetsk (Donetska) oblast,1DTN
1DTN-UA-F,Ivano-Frankivsk (Ivano-Frankivska) oblast,Ivano-Frankivsk (Ivano-Frankivska) oblast,1DTN
1DTN-UA-G,Kharkiv (Kharkivska) oblast,Kharkiv (Kharkivska) oblast,1DTN
1DTN-UA-H,Kherson (Khersonska) oblast,Kherson (Khersonska) oblast,1DTN
1DTN-UA-I,Khmelnytskyi (Khmelnytska) oblast,Khmelnytskyi (Khmelnytska) oblast,1DTN
1DTN-UA-J,Kirovohrad (Kirovohradska) oblast,Kirovohrad (Kirovohradska) oblast,1DTN
1DTN-UA-K,Kyiv (Kyivska) oblast,Київ,1DTN
1DTN-UA-KB,Kyiv city,Kyiv city,1DTN-UA-K
1DTN-UA-L,Luhansk (Luhanska) oblast,Luhansk (Luhanska) oblast,1DTN
1DTN-UA-M,Lviv (Lvivska) oblast,Lviv (Lvivska) oblast,1DTN
1DTN-UA-MA,Lviv city,Lviv city,1DTN-UA-M
1DTN-UA-N,Mykolaiv (Mykolaivska) oblast,Mykolaiv (Mykolaivska) oblast,1DTN
1DTN-UA-O,Odesa (Odeska) oblast,Odesa (Odeska) oblast,1DTN
1DTN-UA-P,Poltava (Poltavska) oblast,Poltava (Poltavska) oblast,1DTN
1DTN-UA-Q,Rivne (Rivnenska) oblast,Rivne (Rivnenska) oblast,1DTN
1DTN-UA-R,Sumy (Sumska) oblast,Sumy (Sumska) oblast,1DTN
1DTN-UA-S,Ternopil (Ternopilska) oblast,Ternopil (Ternopilska) oblast,1DTN
1DTN-UA-T,Vinnytsia (Vinnytska) oblast,Vinnytsia (Vinnytska) oblast,1DTN
1DTN-UA-U,Volyn (Volynska) oblast,Volyn (Volynska) oblast,1DTN
1DTN-UA-V,Zakarpattia (Zakarpatska) oblast,Zakarpattia (Zakarpatska) oblast,1DTN
1DTN-UA-W,Zaporizhzhia (Zaporizka) oblast,Zaporizhzhia (Zaporizka) oblast,1DTN
1DTN-UA-X,Zhytomyr (Zhytomyrska) oblast,Zhytomyr (Zhytomyrska) oblast,1DTN
1DTN-UA-Z,Ukraine - places of interest,Ukraine - places of interest,1DTN
1DTN-UA-ZB,Ukrainian Carpathians and Chornohara Mountains,Ukrainian Carpathians and Chornohara Mountains,1DTN-UA-Z
1DTNX,Crimea / Crimean Peninsula,Crimea / Crimean Peninsula,1DTN
1DTNX-UA-A,Autonomous Republic of Crimea (Avtonomna Respublika Krym),Autonomous Republic of Crimea (Avtonomna Respublika Krym),1DTNX
1DTNX-UA-B,Sevastopol city,Sevastopol city,1DTNX
1DTP,Poland,Польща. Республіка Польща,1DT
1DTP-PL-A,West Pomerania voivodeship,Заходньопоморське воєводство,1DTP
1DTP-PL-AB,Szczecin,Щецін,1DTP-PL-A
1DTP-PL-AP,Pomeranian Lake District,Поморське озеро,1DTP-PL-A
1DTP-PL-B,East Pomerania,Східне Помор’я,1DTP
1DTP-PL-BA,Kashubia,Кашуби,1DTP-PL-B
1DTP-PL-BAA,"Gdańsk, Gdynia, Sopot – Tri-city","Ґданськ,Ґдиня, Сопот - Тримістя",1DTP-PL-BA
1DTP-PL-BD,Hel Peninsula,Гель,1DTP-PL-B
1DTP-PL-BF,Żuławy region,Віслянські Жулави,1DTP-PL-B
1DTP-PL-BFA,Malbork,Malbork,1DTP-PL-BF
1DTP-PL-C,Kuyavian-Pomeranian,Куявсько-Поморське воєводство,1DTP
1DTP-PL-CB,Bydgoszcz,Бидґощ,1DTP-PL-C
1DTP-PL-CC,Toruń,Торунь,1DTP-PL-C
1DTP-PL-D,Lodz / Łódź,Лодзинське воєводство. Лодзь,1DTP
1DTP-PL-E,Warmia-Masuria Province,Вармінсько-Мазурське воєводство,1DTP
1DTP-PL-EA,Olsztyn,Ольштин,1DTP-PL-E
1DTP-PL-EB,Biskupiec,Biskupiec,1DTP-PL-E
1DTP-PL-H,Podlasie / Podlachia,Підляське (Подляське) воєводство,1DTP
1DTP-PL-HB,Białystok,Білосток,1DTP-PL-H
1DTP-PL-HD,Suwalki,Suwalki,1DTP-PL-H
1DTP-PL-HR,Bialowieza National Park,Біловезький національний парк,1DTP-PL-H
1DTP-PL-HS,Biebrza National Park,Biebrza National Park,1DTP-PL-H
1DTP-PL-J,Lubusz province,Любуське воєводство,1DTP
1DTP-PL-JA,Zielona Góra,Зельона Ґура,1DTP-PL-J
1DTP-PL-K,Kielce Upland / Holy Cross Province / Świętokrzyskie,Кєльцке плато/ Гори Святого Хреста /Свєнтокшиські гори,1DTP
1DTP-PL-KA,Kielce,Кєльце,1DTP-PL-K
1DTP-PL-KS,Sandomierz and the Sandomierz basin,Sandomierz and the Sandomierz basin,1DTP-PL-K
1DTP-PL-L,Lublin Upland,Люблінська височина,1DTP
1DTP-PL-LA,Lublin,Люблін,1DTP-PL-L
1DTP-PL-LK,Kazimierz Dolny,Kazimierz Dolny,1DTP-PL-L
1DTP-PL-LR,Roztocze National Park,"Розточчя, національний парк",1DTP-PL-L
1DTP-PL-M,Masovian Voivodeship,Мазовецьке воєводство,1DTP
1DTP-PL-MA,Warsaw,Варшава,1DTP-PL-M
1DTP-PL-MP,Plock / Płock,Plock / Płock,1DTP-PL-M
1DTP-PL-MR,Kampinoski National Park,Kampinoski National Park,1DTP-PL-M
1DTP-PL-N,Greater Poland (Wielkopolska),Велькопольське воєводство,1DTP
1DTP-PL-NB,Poznan,Познань,1DTP-PL-N
1DTP-PL-P,Lesser Poland Voivodeship,Малопольське воєводство,1DTP
1DTP-PL-PK,Krakow,Краків,1DTP-PL-P
1DTP-PL-PR,Krakow-Częstochowa Upland,Краківсько-Ченстоховська височина,1DTP-PL-P
1DTP-PL-PT,Podhale (Polish highlands),Підгалля (Польське нагір’я),1DTP-PL-P
1DTP-PL-PTZ,Zakopane,Закопане,1DTP-PL-PT
1DTP-PL-R,Silesian Voivodeship,Сілезьке (Шльонське) воєводство,1DTP
1DTP-PL-RA,Katowice,Катовіце,1DTP-PL-R
1DTP-PL-RC,Częstochowa,Ченстохова,1DTP-PL-R
1DTP-PL-S,Lower Silesian Voivodeship,Нижньосілезьке (Дольношльонське) воєводство,1DTP
1DTP-PL-SA,Wroclaw,Вроцлав,1DTP-PL-S
1DTT,Türkiye / Turkey,Туреччина. Турецька Республіка,1DT
1DTT-TR-A,Istanbul,Стамбул,1DTT
1DTT-TR-B,Türkiye / Turkey: Marmara Region,Türkiye / Turkey: Marmara Region,1DTT
1DTT-TR-C,Türkiye / Turkey: Black Sea Region,Türkiye / Turkey: Black Sea Region,1DTT
1DTT-TR-D,Türkiye / Turkey: Aegean Region,Türkiye / Turkey: Aegean Region,1DTT
1DTT-TR-E,Türkiye / Turkey: Mediterranean Region,Türkiye / Turkey: Mediterranean Region,1DTT
1DTT-TR-F,Türkiye / Turkey: Central Anatolia Region,Türkiye / Turkey: Central Anatolia Region,1DTT
1DTT-TR-G,Türkiye / Turkey: Eastern Anatolia Region,Türkiye / Turkey: Eastern Anatolia Region,1DTT
1DTT-TR-H,Türkiye / Turkey: Southeastern Anatolia Region,Türkiye / Turkey: Southeastern Anatolia Region,1DTT
1DTTN,Anatolia / Asia Minor,Anatolia / Asia Minor,1DTT
1DTV,Armenia,Вірменія. Республіка Вірменія. Айастан,1DT
1DTV-AM-Y,Yerevan,Єреван,1DTV
1DTX,Azerbaijan,Азербайджан. Азербайджанська Республіка,1DT
1DTX-AZ-B,Baku,Баку,1DTX
1DTZ,Kazakhstan,Казахстан. Республіка Казахстан,1DT
1DX,Southeast Europe,Південно-Східна Європа,1D
1DXA,Albania,Албанія. Республіка Албанія,1DX
1DXA-AL-T,Tirana,Тирана,1DXA
1DXB,Bulgaria,Болгарія. Республіка Болгарія,1DX
1DXB-BG-S,Sofia,Софія,1DXB
1DXC,Croatia,Хорватія. Республіка Хорватія,1DX
1DXC-HR-A,Zagreb,Заґреб,1DXC
1DXC-HR-C,Central Croatia,Central Croatia,1DXC
1DXC-HR-D,Dalmatia,Dalmatia,1DXC
1DXC-HR-DD,Dubrovnik,Dubrovnik,1DXC-HR-D
1DXC-HR-DK,Šibenik,Šibenik,1DXC-HR-D
1DXC-HR-DS,Split,Split,1DXC-HR-D
1DXC-HR-DY,Zadar,Zadar,1DXC-HR-D
1DXC-HR-J,Istria,Istria,1DXC
1DXC-HR-K,Kvarner and the Highlands,Kvarner and the Highlands,1DXC
1DXC-HR-L,Lika-Karlovac,Lika-Karlovac,1DXC
1DXC-HR-S,Slavonia,Slavonia,1DXC
1DXD,North Macedonia,Північна Македонія. Республіка Македонія,1DX
1DXD-MK-S,Skopje,Скоп’є,1DXD
1DXG,Greece,Греція. Грецька Республіка,1DX
1DXG-GR-E,Central Greece,Центральна Греція,1DXG
1DXG-GR-EA,Attica,Аттика,1DXG-GR-E
1DXG-GR-EAA,Athens,Атени (Афіни),1DXG-GR-EA
1DXG-GR-EAE,Eleusis,Eleusis,1DXG-GR-EA
1DXG-GR-EAP,Piraeus,Piraeus,1DXG-GR-EA
1DXG-GR-EE,Euboea,Euboea,1DXG-GR-E
1DXG-GR-EEC,Chalcis,Chalcis,1DXG-GR-EE
1DXG-GR-EF,Phocis,Phocis,1DXG-GR-E
1DXG-GR-EFD,Delphi,Delphi,1DXG-GR-EF
1DXG-GR-EK,Aetolia-Acarnania,Aetolia-Acarnania,1DXG-GR-E
1DXG-GR-EKM,Missolonghi,Missolonghi,1DXG-GR-EK
1DXG-GR-ET,Phthiotis,Phthiotis,1DXG-GR-E
1DXG-GR-ETA,Atalanti,Atalanti,1DXG-GR-ET
1DXG-GR-EV,Boeotia,Boeotia,1DXG-GR-E
1DXG-GR-EVT,Thebes,Thebes,1DXG-GR-EV
1DXG-GR-H,Epirus,(Епірос (Іпірос),1DXG
1DXG-GR-L,Thessaly,Тессалія,1DXG
1DXG-GR-M,Macedonia,Македонія,1DXG
1DXG-GR-MC,Chalkidiki,Халкідикі,1DXG-GR-M
1DXG-GR-ME,Pella,Pella,1DXG-GR-M
1DXG-GR-MP,Pieria,Pieria,1DXG-GR-M
1DXG-GR-MT,Thessaloniki (region),Салоніки (регіон),1DXG-GR-M
1DXG-GR-MTH,Thessaloniki,Салоніки,1DXG-GR-MT
1DXG-GR-P,Peloponnese,Пелопоннес,1DXG
1DXG-GR-PA,Achaea,Ахея,1DXG-GR-P
1DXG-GR-PAP,Patras,Patras,1DXG-GR-PA
1DXG-GR-PD,Arcadia,Аркадія,1DXG-GR-P
1DXG-GR-PH,Elis / Ilia,Ілія,1DXG-GR-P
1DXG-GR-PHO,Ancient Olympia,Ancient Olympia,1DXG-GR-PH
1DXG-GR-PK,Corinthia,Коринфія,1DXG-GR-P
1DXG-GR-PKK,Corinth,Corinth,1DXG-GR-PK
1DXG-GR-PL,Laconia,Лаконія,1DXG-GR-P
1DXG-GR-PLS,Sparta,Спарта,1DXG-GR-PL
1DXG-GR-PLY,Mystras,Mystras,1DXG-GR-PL
1DXG-GR-PM,Messenia,Месинія,1DXG-GR-P
1DXG-GR-PR,Argolis,Арголіда,1DXG-GR-P
1DXG-GR-PRA,Argos,Argos,1DXG-GR-PR
1DXG-GR-PRM,Mycenae,Mycenae,1DXG-GR-PR
1DXG-GR-S,Greek Islands,Острови Греції,1DXG
1DXG-GR-SA,North Aegean Islands,Північні Егейські острови,1DXG-GR-S
1DXG-GR-SAC,Chios,Хіос,1DXG-GR-SA
1DXG-GR-SAH,Lemnos,Лемнос,1DXG-GR-SA
1DXG-GR-SAL,Lesbos,Лесбос,1DXG-GR-SA
1DXG-GR-SAS,Samos,Самос,1DXG-GR-SA
1DXG-GR-SC,Crete,Кріт,1DXG-GR-S
1DXG-GR-SCH,Heraklion,Іракліон,1DXG-GR-SC
1DXG-GR-SD,Dodecanese (Islands),"Додеканес, острови",1DXG-GR-S
1DXG-GR-SDH,Karpathos,Карпатос,1DXG-GR-SD
1DXG-GR-SDK,Kos,Кос,1DXG-GR-SD
1DXG-GR-SDL,Leros,Лерос,1DXG-GR-SD
1DXG-GR-SDP,Patmos,Патмос,1DXG-GR-SD
1DXG-GR-SDR,Rhodes,Родос,1DXG-GR-SD
1DXG-GR-SF,Ionian Islands,Іонічні острови,1DXG-GR-S
1DXG-GR-SFC,Corfu,Корфу,1DXG-GR-SF
1DXG-GR-SFF,Paxos,Паксі,1DXG-GR-SF
1DXG-GR-SFK,Cephalonia / Kefalonia,Кефалінія (Кефалонія),1DXG-GR-SF
1DXG-GR-SFL,Lefkada,Лефкас,1DXG-GR-SF
1DXG-GR-SFP,Ithaca,Ітака,1DXG-GR-SF
1DXG-GR-SFR,Zakynthos,Закінф,1DXG-GR-SF
1DXG-GR-SK,Cyclades (Islands),"Кікліда, острови",1DXG-GR-S
1DXG-GR-SKK,Mykonos,Міконос,1DXG-GR-SK
1DXG-GR-SKM,Milos,Мілос,1DXG-GR-SK
1DXG-GR-SKN,Naxos,Наксос,1DXG-GR-SK
1DXG-GR-SKP,Paros,Парос,1DXG-GR-SK
1DXG-GR-SKS,Santorini,Санторіні (Тіра),1DXG-GR-SK
1DXG-GR-SKY,Syros,Сірос,1DXG-GR-SK
1DXG-GR-SR,Saronic Islands,Саронічні острови,1DXG-GR-S
1DXG-GR-SRA,Aegina,Егіна,1DXG-GR-SR
1DXG-GR-SRS,Salamis,Саламін,1DXG-GR-SR
1DXG-GR-SS,Sporades (Islands),"Споради, острови",1DXG-GR-S
1DXG-GR-SSA,Alonnisos,Алоннісос,1DXG-GR-SS
1DXG-GR-SSK,Skiathos,Скіатос,1DXG-GR-SS
1DXG-GR-ST,Other Greek Islands,Інші острови Греції,1DXG-GR-S
1DXG-GR-STK,Kythira,Китіра,1DXG-GR-ST
1DXG-GR-STM,Samothrace,Самотракі,1DXG-GR-ST
1DXG-GR-STS,Skyros,Скірос,1DXG-GR-ST
1DXG-GR-T,Thrace,Фракія,1DXG
1DXH,Bosnia-Herzegovina,Боснія і Герцеґовина. Республіка Боснія і Герцеґовина,1DX
1DXH-BA-S,Sarajevo,Сараєво,1DXH
1DXK,Kosovo,Косово,1DX
1DXN,Montenegro,Чорногорія,1DX
1DXN-ME-P,Podgorica,Подгориця,1DXN
1DXR,Romania,Румунія. Республіка Румунія,1DX
1DXR-RO-B,Bucharest,Бухарест,1DXR
1DXR-RO-Z,Romania: places of interest,Румунія: визначні місця,1DXR
1DXR-RO-ZT,Transylvania,Трансільванія (Трансильванія),1DXR-RO-Z
1DXS,Serbia,Сербія. Республіка Сербія,1DX
1DXS-RS-B,Belgrade,Белград (Белґрад),1DXS
1DXV,Slovenia,Словенія,1DX
1DXV-SI-C,Carniola,Carniola,1DXV
1DXV-SI-CL,Ljubljana,Любляна,1DXV-SI-C
1DXY,Cyprus,Кіпр. Республіка Кіпр,1DX
1DXY-CY-C,Nicosia,Нікосія,1DXY
1DZ,Europe: physical features,Європа: фізичні особливості,1D
1DZA,"Europe: rivers, lakes etc","Європа: річки, озера, тощо",1DZ
1DZAD,Danube river and tributaries,"Дунай, річка та її притоки",1DZA
1DZADT,River Tisza and tributaries,"Тиса, річка та її притоки",1DZAD
1DZAR,Rhine river and tributaries,"Рейн, річка та її притоки",1DZA
1DZARC,Lake Constance,Боденське озеро,1DZAR
1DZAR-DE-M,Moselle (Mosel) river and its tributaries,Moselle (Mosel) river and its tributaries,1DZAR
1DZAR-DE-MS,Saar river and its tributaries,Saar river and its tributaries,1DZAR-DE-M
1DZAR-DE-N,Neckar river and tributaries,Neckar river and tributaries,1DZAR
1DZAS,Meuse (Maas) river and tributaries,Meuse (Maas) river and tributaries,1DZA
1DZAT,Scheldt river and tributaries,Scheldt river and tributaries,1DZA
1DZAV,Volga river and tributaries,"Волга, річка та її притоки",1DZA
1DZA-CH-L,Lake Lugano,"Лугано, озеро",1DZA
1DZA-DE-E,Elbe river and tributaries,"Ельба, річка та її притоки",1DZA
1DZA-DE-N,Oder and Neisse rivers and tributaries,"Одра (Одер) та Ниса, річка та її притоки",1DZA
1DZA-DE-W,Weser river and tributaries,"Везер, річка та її притоки",1DZA
1DZA-IT-A,Po river and tributaries,"По, річка та її притоки",1DZA
1DZA-IT-C,Arno river and tributaries,"Арно, річка та її притоки",1DZA
1DZA-IT-E,Tiber river and tributaries,"Тибр, річка та її притоки",1DZA
1DZA-PL-V,Vistula river and tributaries,"Вісла, річка та її притоки",1DZA
1DZA-PL-VB,Bug River / Western Bug,"Буг, річка / Західний Буг",1DZA-PL-V
1DZA-UK-D,Dnipro river and tributaries,Dnipro river and tributaries,1DZA
1DZT,"Europe: mountains, hills, plains, coastlines etc","Європа: гори, пагорби, рівнини, берегові лінії (узбережжя) тощо",1DZ
1DZTA,The Alps,Альпи,1DZT
1DZTAP,Pennine Alps,Пеннінські Альпи,1DZTA
1DZTAPM,Matterhorn,Маттерґорн,1DZTAP
1DZTAPR,Mont Rosa Massif,Mont Rosa Massif,1DZTAP
1DZTA-CH-A,Swiss Alps,Швейцарські Альпи,1DZTA
1DZTA-CH-AD,Bernese Alps,Бернські Альпи,1DZTA-CH-A
1DZTA-CH-ADA,Aletsch,Aletsch,1DZTA-CH-AD
1DZTA-CH-ADE,Eiger,Eiger,1DZTA-CH-AD
1DZTA-CH-ADJ,Jungfrau,Юнґфрау,1DZTA-CH-AD
1DZTA-CH-AG,Saint-Gotthard Massif,Saint-Gotthard Massif,1DZTA-CH-A
1DZTA-CH-B,Val Bregaglia,Val Bregaglia,1DZTA
1DZTA-DE-B,Allgäu Alps,Allgäu Alps,1DZTA
1DZTA-FR-B,Mont Blanc Massif,Масив Монблан,1DZTA
1DZTA-FR-BM,Mont Blanc,Монблан,1DZTA-FR-B
1DZTA-SI-C,Julian Alps,Юлійські Альпи,1DZTA
1DZTB,The Caucasus,"Кавказ, Кавказькі гори",1DZT
1DZTC,Carpathian mountains,"Карпати, гори",1DZT
1DZTCB,Beskid Mountains,"Бескиди, гори",1DZTC
1DZTCBB,Bieszczady Mountains,"Бещади, гори",1DZTCB
1DZTCBP,Peniny (Pienin Mountains),"П’єніни (Пеніни), гори",1DZTCB
1DZTCT,Tatra Mountains,"Татри, гори",1DZTC
1DZTH,The Balkans,Балкани,1DZT
1DZTJ,Bohemian Massif,Чеський масив (Богемський масив),1DZT
1DZTJS,Sudetes,Судети,1DZTJ
1DZTJSH,Stołowe Mountains,Stołowe Mountains,1DZTJS
1DZTP,The Pyrenees,Піренеї,1DZT
1DZTS,Scandinavian Mountains,Гори Скандинавського півострова,1DZT
1DZTU,Ural mountains,Уральські гори,1DZT
1DZT-BE-A,The Ardennes,Ардени,1DZT
1DZT-DE-A,Harz mountains,"Гарц, гори",1DZT
1DZT-DE-B,Rhön mountains,"Рейн, гори",1DZT
1DZT-DE-C,Eifel region,Айфель,1DZT
1DZT-DE-D,Black Forest region,Шварцвальд (Чорний ліс),1DZT
1DZT-DE-E,Rhineland,Рейнланд,1DZT
1DZT-FR-J,Jura Mountains,"Юра, гори",1DZT
1DZT-GB-C,Cotswolds,Cotswolds,1DZT
1DZT-GB-P,Pennines,Пеннінські гори,1DZT
1DZT-IT-A,Northern Apennines,Північні Апенніни,1DZT
1DZT-IT-B,Central Apennines,Центральні Апенніни,1DZT
1DZT-IT-C,Southern Apennines,Південні Апенніни,1DZT
1DZT-IT-G,Karst plateau,"Крас (Карст), плато",1DZT
1DZT-IT-L,Maremma,Маремма,1DZT
1DZT-IT-N,Val d’Orcia,Валь-д’Орча,1DZT
1DZT-IT-P,Tavoliere delle Puglie,Tavoliere delle Puglie,1DZT
1DZT-IT-R,Amalfi coast,"Амальфі, берегова лінія",1DZT
1DZT-IT-T,Costa Smeralda,Costa Smeralda,1DZT
1F,Asia,Азія,1
1FB,Middle East,Близький і/або Середній Схід,1F
1FBG,Jerusalem,Єрусалим,1FB
1FBH,Israel,Ізраїль. Держава Ізраїль,1FB
1FBH-IL-A,Tel Aviv,Тель-Авів,1FBH
1FBH-IL-H,Haifa,Хайфа,1FBH
1FBJ,Jordan,Йорданія. Йорданське Хашимітське Королівство,1FB
1FBJ-JO-P,Petra,Петра,1FBJ
1FBL,Lebanon,Ліван. Ліванська Республіка,1FB
1FBL-LB-B,Beirut,Бейрут,1FBL
1FBN,Iran,Іран. Ісламська Республіка Іран. Персія (іст.),1FB
1FBN-IR-A,Tehran,Тегеран,1FBN
1FBN-IR-S,Shiraz,Шіраз,1FBN
1FBP,Palestine,Палестина,1FB
1FBP-PS-G,Gaza,Сектор Газа,1FBP
1FBQ,Iraq,Ірак. Республіка Ірак,1FB
1FBQ-IQ-B,Baghdad,Багдад,1FBQ
1FBS,Syria,Сірія. Сірійська Арабська Республіка,1FB
1FBS-SY-A,Aleppo,Алеппо/Халеб,1FBS
1FBS-SY-D,Damascus,Дамаск,1FBS
1FBS-SY-P,Palmyra,Пальміра,1FBS
1FBX,Arabian peninsula,Аравійський півострів,1FB
1FBXB,Bahrain,Бахрейн. Королівство Бахрейн,1FBX
1FBXK,Kuwait,Кувейт. Держава Кувейт,1FBX
1FBXM,Oman,Оман. Султанат Оман,1FBX
1FBXQ,Qatar,Катар. Держава Катар,1FBX
1FBXS,Saudi Arabia,Саудівська Аравія. Королівство Саудівська Аравія,1FBX
1FBXS-SA-H,Hejaz / Hijaz,Хіджаз,1FBXS
1FBXS-SA-HJ,Jeddah,Джідда,1FBXS-SA-H
1FBXS-SA-HM,Mecca / Makkah,Мекка,1FBXS-SA-H
1FBXS-SA-HN,Medina,Медіна,1FBXS-SA-H
1FBXS-SA-R,Riyadh,Ер-Ріяд,1FBXS
1FBXU,United Arab Emirates,Об’єднані Арабські Емірати,1FBX
1FBXU-AE-A,Abu Dhabi,Абу-Дабі,1FBXU
1FBXU-AE-D,Dubai,Дубай (Дубаї),1FBXU
1FBXU-AE-F,Sharjah,Sharjah,1FBXU
1FBXY,Yemen,Ємен. Єменська Республіка,1FBX
1FBZ,Middle East: places of interest,Близький і/або Середній Схід: визначні місця,1FB
1FBZB,Tigris and Euphrates rivers,"Тіґр і Євфрат, річки",1FBZ
1FBZJ,Jordan River,"Йордан, річка",1FBZ
1FBZJD,Dead Sea,Мертве море,1FBZJ
1FC,Central Asia,Центральна Азія,1F
1FCA,Afghanistan,Афганістан. Перехідна Ісламська Держава Афганістан,1FC
1FCA-AF-K,Kabul,Кабул,1FCA
1FCD,Tajikistan (Tadzhikistan),Таджикистан. Республіка Таджикистан,1FC
1FCK,"Kyrgyzstan (Kirghizstan, Kirghizia)",Киргизстан. Киргизька Республіка,1FC
1FCK-KG-B,Bishkek,Бішкек,1FCK
1FCS,Siberia,Сибір,1FC
1FCT,Turkmenistan,Туркменістан,1FC
1FCU,Uzbekistan,Узбекистан. Республіка Узбекистан,1FC
1FK,South Asia (Indian sub-continent),Південна Азія (Індійський субконтинент),1F
1FKA,India,Індія. Республіка Індія,1FK
1FKA-IN-A,Northern India,Північна Індія,1FKA
1FKA-IN-AB,Chandigarh,Chandigarh,1FKA-IN-A
1FKA-IN-AD,National Capital Territory of Delhi,Делі. Національна столична територія Делі,1FKA-IN-A
1FKA-IN-ADN,New Delhi,Нью-Делі,1FKA-IN-AD
1FKA-IN-AG,Haryana,Haryana,1FKA-IN-A
1FKA-IN-AH,Himachal Pradesh,Himachal Pradesh,1FKA-IN-A
1FKA-IN-AHS,Shimla / Simla,Shimla / Simla,1FKA-IN-AH
1FKA-IN-AJ,Jammu and Kashmir,Jammu and Kashmir,1FKA-IN-A
1FKA-IN-AP,Punjab,Punjab,1FKA-IN-A
1FKA-IN-APB,Amritsar,Amritsar,1FKA-IN-AP
1FKA-IN-AR,Rajasthan,Rajasthan,1FKA-IN-A
1FKA-IN-ARB,Jaipur,Jaipur,1FKA-IN-AR
1FKA-IN-ARD,Jodhpur,Jodhpur,1FKA-IN-AR
1FKA-IN-ARF,Udaipur,Udaipur,1FKA-IN-AR
1FKA-IN-C,Central India,Центральна Індія,1FKA
1FKA-IN-CB,Chhattisgarh,Chhattisgarh,1FKA-IN-C
1FKA-IN-CD,Madhya Pradesh,Madhya Pradesh,1FKA-IN-C
1FKA-IN-CF,Uttar Pradesh,Uttar Pradesh,1FKA-IN-C
1FKA-IN-CFA,Agra,Agra,1FKA-IN-CF
1FKA-IN-CFC,Varanasi / Benares,Varanasi / Benares,1FKA-IN-CF
1FKA-IN-CH,Uttarakhand,Uttarakhand,1FKA-IN-C
1FKA-IN-E,Eastern India,Східна Індія,1FKA
1FKA-IN-EB,Bihar,Bihar,1FKA-IN-E
1FKA-IN-ED,Jharkhand,Jharkhand,1FKA-IN-E
1FKA-IN-EF,Odisha,Odisha,1FKA-IN-E
1FKA-IN-EH,West Bengal,West Bengal,1FKA-IN-E
1FKA-IN-EHC,Kolkata,Kolkata,1FKA-IN-EH
1FKA-IN-EHD,Darjeeling,Darjeeling,1FKA-IN-EH
1FKA-IN-G,North East India,Північно-Східна Індія,1FKA
1FKA-IN-GA,Assam,Assam,1FKA-IN-G
1FKA-IN-GC,Arunachal Pradesh,Arunachal Pradesh,1FKA-IN-G
1FKA-IN-GE,Manipur,Manipur,1FKA-IN-G
1FKA-IN-GH,Meghalaya,Meghalaya,1FKA-IN-G
1FKA-IN-GJ,Mizoram,Mizoram,1FKA-IN-G
1FKA-IN-GL,Nagaland,Nagaland,1FKA-IN-G
1FKA-IN-GN,Tripura,Tripura,1FKA-IN-G
1FKA-IN-GS,Sikkim,Sikkim,1FKA-IN-G
1FKA-IN-J,Western India,Західна Індія,1FKA
1FKA-IN-JB,Dadra and Nagar Haveli,Дадра і Наґар-Гавелі,1FKA-IN-J
1FKA-IN-JD,Daman and Diu,Даман і Діу,1FKA-IN-J
1FKA-IN-JF,Goa,Ґоа,1FKA-IN-J
1FKA-IN-JG,Gujarat,Gujarat,1FKA-IN-J
1FKA-IN-JM,Maharashtra,Магараштра,1FKA-IN-J
1FKA-IN-JMM,Mumbai,Мумбаі,1FKA-IN-JM
1FKA-IN-L,Southern India,Південна Індія,1FKA
1FKA-IN-LA,Andhra Pradesh,Andhra Pradesh,1FKA-IN-L
1FKA-IN-LC,Karnataka,Karnataka,1FKA-IN-L
1FKA-IN-LCB,Bengaluru,Bengaluru,1FKA-IN-LC
1FKA-IN-LE,Kerala,Kerala,1FKA-IN-L
1FKA-IN-LEC,Kochi,Kochi,1FKA-IN-LE
1FKA-IN-LG,Puducherry,Puducherry,1FKA-IN-L
1FKA-IN-LGB,Pondicherry,Pondicherry,1FKA-IN-LG
1FKA-IN-LJ,Tamil Nadu,Tamil Nadu,1FKA-IN-L
1FKA-IN-LJC,Chennai,Chennai,1FKA-IN-LJ
1FKA-IN-LK,Telangana,Telangana,1FKA-IN-L
1FKA-IN-LKH,Hyderabad,Hyderabad,1FKA-IN-LK
1FKA-IN-LN,Andaman and Nicobar Islands,Андаманські та Нікобарські острови,1FKA-IN-L
1FKA-IN-LP,Lakshadweep,Lakshadweep,1FKA-IN-L
1FKB,Bangladesh,Банґладеш. Народна Республіка Банґладеш (Банґладеш. Ґана-Прага-тантрі-Банґладеш),1FK
1FKB-BD-D,Dhaka,Дгака,1FKB
1FKH,Bhutan,Бутан. Королівство Бутан,1FK
1FKN,Nepal,Непал. Федеративна Демократична Республіка Непал,1FK
1FKN-NP-K,Kathmandu,Катманду,1FKN
1FKP,Pakistan,Пакистан. Ісламська Республіка Пакистан,1FK
1FKP-PK-B,Balochistan,Белуджістан (Белоджістан),1FKP
1FKP-PK-D,Khyber Pakhtunkhwa,Khyber Pakhtunkhwa,1FKP
1FKP-PK-F,Punjab (PK),Пенджаб,1FKP
1FKP-PK-FB,Lahore,Лаґор,1FKP-PK-F
1FKP-PK-H,Sindh,Сінд,1FKP
1FKP-PK-HB,Karachi,Карачі,1FKP-PK-H
1FKP-PK-L,Islamabad,Ісламабад,1FKP
1FKS,Sri Lanka,Шрі-Ланка. Демократична Соціалістична Республіка Шрі-Ланка,1FK
1FKS-LK-C,Colombo,Коломбо,1FKS
1FM,South East Asia,Південно-Східна Азія,1F
1FMB,Myanmar,М’янма (Бірма). Республіка Союзу М’янма,1FM
1FMC,Cambodia,Камбоджа. Королівство Камбоджа,1FM
1FMC-KH-A,Phnom Penh,Пномпень,1FMC
1FMC-KH-B,Siem Reap,Siem Reap,1FMC
1FMC-KH-BA,Angkor,Angkor,1FMC-KH-B
1FML,Laos,Лаос. Лаоська Народно-Демократич¬на Республіка,1FM
1FMM,Malaysia,Малайзія. Федерація Малайзія,1FM
1FMM-MY-B,Kuala Lumpur,Куала-Лумпур,1FMM
1FMM-MY-M,Melaka / Malacca,Мелака,1FMM
1FMM-MY-P,Penang,Пінанг,1FMM
1FMM-MY-S,Sarawak,Саравак,1FMM
1FMM-MY-T,Sabah,Сабах,1FMM
1FMN,Indonesia,Індонезія. Республіка Індонезія,1FM
1FMNB,Bali,Балі,1FMN
1FMN-ID-B,Sumatra,Суматра,1FMN
1FMN-ID-D,Java,Ява,1FMN
1FMN-ID-DJ,Jakarta,Джакарта,1FMN-ID-D
1FMN-ID-F,Kalimantan,Калімантан,1FMN
1FMN-ID-K,Sulawesi,Сулавесі,1FMN
1FMN-ID-M,Maluku,Малуку (Молуккські острови),1FMN
1FMN-ID-P,Papua,Папуа,1FMN
1FMN-ID-S,Lesser Sunda Islands,Малі Зондські острови,1FMN
1FMN-ID-SL,Lombok,Ломбок,1FMN-ID-S
1FMNT,East Timor / Timor-Leste,Тімор-Лешті. Демократична Республіка Тімор-Лешті (раніше Східний Тімор),1FMN
1FMNX,Borneo,Борнео,1FMN
1FMP,Philippines,Філіппіни. Республіка Філіппіни,1FM
1FMP-PH-A,Manila,Маніла,1FMP
1FMR,Brunei,Бруней. Держава Бруней-Даруссалам,1FM
1FMS,Singapore,Сінґапур. Республіка Сінґапур,1FM
1FMT,Thailand,Таїланд. Королівство Таїланд,1FM
1FMT-TH-B,Bangkok,Банґкок,1FMT
1FMT-TH-C,Chiang Mai,Chiang Mai,1FMT
1FMT-TH-K,Krabi,Krabi,1FMT
1FMT-TH-KL,Ko Lanta,Ko Lanta,1FMT-TH-K
1FMT-TH-P,Phuket,Пхукет,1FMT
1FMT-TH-Q,Surat Thani,Surat Thani,1FMT
1FMT-TH-QB,Ko Samui / Koh Samui,Ko Samui / Koh Samui,1FMT-TH-Q
1FMT-TH-Y,Ayutthaya,Ayutthaya,1FMT
1FMV,Vietnam,В’єтнам. Соціалістична Республіка В’єтнам,1FM
1FMV-VN-B,Ho Chi Minh City,"Хошімін, муніципалітет, (раніше Сайґон)",1FMV
1FMV-VN-D,Hanoi,Ханой,1FMV
1FP,"East Asia, Far East","Східна Азія, Далекий Схід",1F
1FPC,China,Китай. Китайська Народна Республіка (КНР),1FP
1FPC-CN-D,North China,Північний Китай,1FPC
1FPC-CN-DB,Beijing,Пекін,1FPC-CN-D
1FPC-CN-DD,Tianjin,Tianjin,1FPC-CN-D
1FPC-CN-DF,Hebei,Hebei,1FPC-CN-D
1FPC-CN-DH,Shanxi,Shanxi,1FPC-CN-D
1FPC-CN-DJ,Inner Mongolia,Inner Mongolia,1FPC-CN-D
1FPC-CN-F,Northeast China,Північно-Східний Китай,1FPC
1FPC-CN-FB,Liaoning,Liaoning,1FPC-CN-F
1FPC-CN-FD,Jilin,Jilin,1FPC-CN-F
1FPC-CN-FF,Heilongjiang,Heilongjiang,1FPC-CN-F
1FPC-CN-H,East China,Східний Китай,1FPC
1FPC-CN-HB,Shanghai,Шанхай (Шансі),1FPC-CN-H
1FPC-CN-HD,Jiangsu,Jiangsu,1FPC-CN-H
1FPC-CN-HF,Zhejiang,Zhejiang,1FPC-CN-H
1FPC-CN-HH,Anhui,Anhui,1FPC-CN-H
1FPC-CN-HJ,Fujian,Fujian,1FPC-CN-H
1FPC-CN-HL,Jiangxi,Jiangxi,1FPC-CN-H
1FPC-CN-HN,Shandong,Shandong,1FPC-CN-H
1FPC-CN-J,Central China,Центральний Китай,1FPC
1FPC-CN-JB,Henan,Хенань,1FPC-CN-J
1FPC-CN-JD,Hubei,Хубей,1FPC-CN-J
1FPC-CN-JF,Hunan,Хунань,1FPC-CN-J
1FPC-CN-L,South China,Південний Китай,1FPC
1FPC-CN-LB,Guangdong,Guangdong,1FPC-CN-L
1FPC-CN-LD,Guangxi,Guangxi,1FPC-CN-L
1FPC-CN-LF,Hainan,Hainan,1FPC-CN-L
1FPC-CN-N,Southwest China,Південно-Західний Китай,1FPC
1FPC-CN-NB,Chongqing,Chongqing,1FPC-CN-N
1FPC-CN-ND,Sichuan,Sichuan,1FPC-CN-N
1FPC-CN-NF,Guizhou,Guizhou,1FPC-CN-N
1FPC-CN-NH,Yunnan,Yunnan,1FPC-CN-N
1FPCT,Tibet,Тібет (Тибет). Тібетський автономний район,1FPC-CN-N
1FPC-CN-P,Northwest China,Північно-Західний Китай,1FPC
1FPC-CN-PB,Shaanxi,Shaanxi,1FPC-CN-P
1FPC-CN-PD,Gansu,Gansu,1FPC-CN-P
1FPC-CN-PF,Qinghai,Qinghai,1FPC-CN-P
1FPC-CN-PH,Ningxia,Ningxia,1FPC-CN-P
1FPC-CN-PJ,Xinjiang,Xinjiang,1FPC-CN-P
1FPCW,Taiwan,Тайвань. Китайська Республіка,1FPC
1FPCH,Hong Kong,Гонконґ (Сянґан),1FPC
1FPCM,Macao,Макао. Аоминь,1FPC
1FPJ,Japan,Японія,1FP
1FPJ-JP-A,Hokkaido (region),Хоккайдо (регіон),1FPJ
1FPJ-JP-AA,Hokkaido,Хоккайдо,1FPJ-JP-A
1FPJ-JP-B,Tohoku,Тохоку,1FPJ
1FPJ-JP-BA,Aomori,Aomori,1FPJ-JP-B
1FPJ-JP-BB,Iwate,Iwate,1FPJ-JP-B
1FPJ-JP-BC,Miyagi,Miyagi,1FPJ-JP-B
1FPJ-JP-BD,Akita,Akita,1FPJ-JP-B
1FPJ-JP-BE,Yamagata,Yamagata,1FPJ-JP-B
1FPJ-JP-BF,Fukushima,Фукусіма,1FPJ-JP-B
1FPJ-JP-C,Kanto,Канто,1FPJ
1FPJ-JP-CA,Ibaraki,Ibaraki,1FPJ-JP-C
1FPJ-JP-CB,Tochigi,Tochigi,1FPJ-JP-C
1FPJ-JP-CC,Gunma,Gunma,1FPJ-JP-C
1FPJ-JP-CD,Saitama,Saitama,1FPJ-JP-C
1FPJ-JP-CE,Chiba,Chiba,1FPJ-JP-C
1FPJ-JP-CF,Tokyo,Токіо,1FPJ-JP-C
1FPJ-JP-CG,Kanagawa,Kanagawa,1FPJ-JP-C
1FPJ-JP-D,Chubu,Тюбу,1FPJ
1FPJ-JP-DA,Niigata,Niigata,1FPJ-JP-D
1FPJ-JP-DB,Toyama,Toyama,1FPJ-JP-D
1FPJ-JP-DC,Ishikawa,Ishikawa,1FPJ-JP-D
1FPJ-JP-DD,Fukui,Fukui,1FPJ-JP-D
1FPJ-JP-DE,Yamanashi,Yamanashi,1FPJ-JP-D
1FPJ-JP-DF,Nagano,Наґано,1FPJ-JP-D
1FPJ-JP-DG,Gifu,Gifu,1FPJ-JP-D
1FPJ-JP-DH,Shizuoka,Shizuoka,1FPJ-JP-D
1FPJ-JP-DJ,Aichi,Aichi,1FPJ-JP-D
1FPJ-JP-E,Kinki / Kansai,Кінкі,1FPJ
1FPJ-JP-EA,Mie,Mie,1FPJ-JP-E
1FPJ-JP-EB,Shiga,Shiga,1FPJ-JP-E
1FPJ-JP-EC,Kyoto,Кіото,1FPJ-JP-E
1FPJ-JP-ED,Osaka,Осака,1FPJ-JP-E
1FPJ-JP-EE,Hyogo,Hyogo,1FPJ-JP-E
1FPJ-JP-EF,Nara,Nara,1FPJ-JP-E
1FPJ-JP-EG,Wakayama,Вакаяма,1FPJ-JP-E
1FPJ-JP-F,Chugoku,Тюгоку,1FPJ
1FPJ-JP-FA,Tottori,Tottori,1FPJ-JP-F
1FPJ-JP-FB,Shimane,Shimane,1FPJ-JP-F
1FPJ-JP-FC,Okayama,Okayama,1FPJ-JP-F
1FPJ-JP-FD,Hiroshima,Хіросіма,1FPJ-JP-F
1FPJ-JP-FE,Yamaguchi,Yamaguchi,1FPJ-JP-F
1FPJ-JP-G,Shikoku,Сікоку,1FPJ
1FPJ-JP-GA,Tokushima,Токусіма,1FPJ-JP-G
1FPJ-JP-GB,Kagawa,Кагава,1FPJ-JP-G
1FPJ-JP-GC,Ehime,Ехіме,1FPJ-JP-G
1FPJ-JP-GD,Kochi (JP),Коті,1FPJ-JP-G
1FPJ-JP-H,Kyushu,Кюсю,1FPJ
1FPJ-JP-HA,Fukuoka,Фукуока,1FPJ-JP-H
1FPJ-JP-HB,Saga (Prefecture),Сага,1FPJ-JP-H
1FPJ-JP-HC,Nagasaki,Наґасакі,1FPJ-JP-H
1FPJ-JP-HD,Kumamoto,Кумамото,1FPJ-JP-H
1FPJ-JP-HE,Oita,Оїта,1FPJ-JP-H
1FPJ-JP-HF,Miyazaki,Міядзакі,1FPJ-JP-H
1FPJ-JP-HG,Kagoshima,Кагосіма,1FPJ-JP-H
1FPJ-JP-HH,Okinawa,Окінава,1FPJ-JP-H
1FPK,Korea,Корея,1FP
1FPKN,North Korea,Північна Корея. Корейська Народно-Демократична Республіка (КНДР),1FPK
1FPKS,South Korea,Південна Корея. Республіка Корея,1FPK
1FPKS-KR-B,Seoul Capital Area (Sudogwon),Сеул,1FPKS
1FPKS-KR-BA,Seoul (City),Seoul (City),1FPKS-KR-B
1FPKS-KR-BC,Incheon,Incheon,1FPKS-KR-B
1FPKS-KR-BD,Gyeonggi-do (Gyeonggi Province),Gyeonggi-do (Gyeonggi Province),1FPKS-KR-B
1FPKS-KR-C,Gangwon and Chungcheong region,Gangwon and Chungcheong region,1FPKS
1FPKS-KR-CA,Gangwon-do (Gangwon Province),Gangwon-do (Gangwon Province),1FPKS-KR-C
1FPKS-KR-CB,Chungcheongbuk-do (North Chungcheong Province),Chungcheongbuk-do (North Chungcheong Province),1FPKS-KR-C
1FPKS-KR-CD,Chungcheongnam-do (South Chungcheong Province),Chungcheongnam-do (South Chungcheong Province),1FPKS-KR-C
1FPKS-KR-CE,Daejeon,Daejeon,1FPKS-KR-C
1FPKS-KR-CF,Sejong,Sejong,1FPKS-KR-C
1FPKS-KR-D,Yeongnam region,Yeongnam region,1FPKS
1FPKS-KR-DA,Gyeongsangbuk-do (North Gyeongsang Province),Gyeongsangbuk-do (North Gyeongsang Province),1FPKS-KR-D
1FPKS-KR-DB,Gyeongsangnam-do (South Gyeongsang Province),Gyeongsangnam-do (South Gyeongsang Province),1FPKS-KR-D
1FPKS-KR-DC,Daegu,Daegu,1FPKS-KR-D
1FPKS-KR-DE,Busan,Busan,1FPKS-KR-D
1FPKS-KR-DF,Ulsan,Ulsan,1FPKS-KR-D
1FPKS-KR-DK,Dokdo,Dokdo,1FPKS-KR-D
1FPKS-KR-F,Honam region,Honam region,1FPKS
1FPKS-KR-FA,Jeollabuk-do (North Jeolla Province),Jeollabuk-do (North Jeolla Province),1FPKS-KR-F
1FPKS-KR-FB,Jeollanam-do (South Jeolla Province),Jeollanam-do (South Jeolla Province),1FPKS-KR-F
1FPKS-KR-FC,Gwangju,Gwangju,1FPKS-KR-F
1FPKS-KR-J,Jeju-do (Jeju Province),Jeju-do (Jeju Province),1FPKS
1FPM,Mongolia,Монголія,1FP
1FZ,Asia: physical features,Азія: фізичні особливості,1F
1FZA,"Asia: rivers, lakes etc","Азія: річки, озера, тощо",1FZ
1FZAG,Ganges river and tributaries,"Ґанґ, річка та її притоки",1FZA
1FZAJ,Indus river and tributaries,"Індуь, річка та її притоки",1FZA
1FZAM,Mekong river and tributaries,"Меконґ, річка та її притоки",1FZA
1FZAX,Yangtze river and tributaries,"Янцзи (Чанцзян), річка та її притоки",1FZA
1FZAY,Yellow river and tributaries,"Жовта річка (Хуанхе), річка та її притоки",1FZA
1FZT,"Asia: mountains, hills, plains, coastlines etc","Азія: гори, пагорби, рівнини, берегові лінії (узбережжя) тощо",1FZ
1FZTA,Altai mountains,Алтай / Алтайські гори,1FZT
1FZTG,Gobi desert,Пустеля Ґобі,1FZT
1FZTH,The Himalayas,Гімалаї / Гірська система Гімалаї,1FZT
1FZTHA,Annapurna,Annapurna,1FZTH
1FZTHK,Karakoram,Каракорум,1FZTH
1FZTHKK,K2,K2,1FZTHK
1FZTHM,Mahalangur Himal,Mahalangur Himal,1FZTH
1FZTHME,Mount Everest,"Еверест, гора (Джомолунґма)",1FZTHM
1FZTJ,Tibetan Plateau,Tibetan Plateau,1FZT
1H,Africa,Африка,1
1HB,North Africa,Північна Африка,1H
1HBA,Algeria,Алжир. Алжирська Народна Демократична Республіка,1HB
1HBA-DZ-A,Algiers,Алжир,1HBA
1HBC,Chad,Чад. Республіка Чад,1HB
1HBE,Egypt,Єгипет. Арабська Республіка Єгипет,1HB
1HBE-AA-D,Nile Valley and Delta,Долина і Дельта Нілу,1HBE
1HBE-AA-DA,Alexandria,Александрія,1HBE-AA-D
1HBE-AA-DB,Aswan,Aswan,1HBE-AA-D
1HBE-AA-DC,Cairo,Каїр (Ель-Каїра),1HBE-AA-D
1HBE-AA-DD,Beheira,Beheira,1HBE-AA-D
1HBE-AA-DF,Beni Suef,Beni Suef,1HBE-AA-D
1HBE-AA-DG,Dakahlia,Dakahlia,1HBE-AA-D
1HBE-AA-DH,Damietta,Damietta,1HBE-AA-D
1HBE-AA-DJ,Gharbia,Gharbia,1HBE-AA-D
1HBE-AA-DK,Giza,Ґіза,1HBE-AA-D
1HBE-AA-DL,Kafr el-Sheikh,Кафр-еш-Шейх,1HBE-AA-D
1HBE-AA-DN,Minya,Minya,1HBE-AA-D
1HBE-AA-DP,Monufia,Monufia,1HBE-AA-D
1HBE-AA-DQ,Qalyubia,Qalyubia,1HBE-AA-D
1HBE-AA-DS,Sharqia,Sharqia,1HBE-AA-D
1HBE-AA-DW,Sohag,Sohag,1HBE-AA-D
1HBE-AA-DX,Luxor,Luxor,1HBE-AA-D
1HBE-AA-J,Egypt: Western Desert,Єгипет: Західна пустеля,1HBE
1HBE-AA-JF,Faiyum,Faiyum,1HBE-AA-J
1HBE-AA-JM,Matruh,Matruh,1HBE-AA-J
1HBE-AA-JV,New Valley (Governorate of Egypt),New Valley (Governorate of Egypt),1HBE-AA-J
1HBE-AA-M,Egypt: Eastern Desert,Єгипет: Східна пустеля,1HBE
1HBE-AA-MA,Asyut,Asyut,1HBE-AA-M
1HBE-AA-MQ,Qena,Qena,1HBE-AA-M
1HBE-AA-MR,Red Sea (Governorate of Egypt),Червоне Море (губернаторство),1HBE-AA-M
1HBE-AA-S,Sinai Peninsula,Півострів Сінай,1HBE
1HBE-AA-SL,Ismailia,Ismailia,1HBE-AA-S
1HBE-AA-SN,North Sinai,North Sinai,1HBE-AA-S
1HBE-AA-SP,Port Said,Порт-Саїд (Бур-Саїд),1HBE-AA-S
1HBE-AA-SS,South Sinai,South Sinai,1HBE-AA-S
1HBE-AA-SZ,Suez,Suez,1HBE-AA-S
1HBL,Libya,Лівія. Держава Лівія,1HB
1HBL-LY-C,Cyrenaica,Cyrenaica,1HBL
1HBL-LY-CB,Benghazi,Benghazi,1HBL-LY-C
1HBL-LY-T,Tripolitania,Tripolitania,1HBL
1HBL-LY-TT,Tripoli,Тріполі,1HBL-LY-T
1HBM,Morocco,Марокко. Королівство Марокко,1HB
1HBM-MA-B,Tanger-Tetouan-Al Hoceima,Tanger-Tetouan-Al Hoceima,1HBM
1HBM-MA-BC,Tangier,Tangier,1HBM-MA-B
1HBM-MA-F,Fès-Meknès,Fès-Meknès,1HBM
1HBM-MA-FE,Fez,Fez,1HBM-MA-F
1HBM-MA-H,Rabat-Salé-Kenitra,Rabat-Salé-Kenitra,1HBM
1HBM-MA-HR,Rabat,Рабат,1HBM-MA-H
1HBM-MA-L,Casablanca-Settat,Casablanca-Settat,1HBM
1HBM-MA-LC,Casablanca,Casablanca,1HBM-MA-L
1HBM-MA-M,Marrakesh-Safi,Marrakesh-Safi,1HBM
1HBM-MA-ME,Essaouira,Essaouira,1HBM-MA-M
1HBM-MA-MM,Marrakesh / Marrakech,Marrakesh / Marrakech,1HBM-MA-M
1HBM-MA-P,Drâa-Tafilalet,Drâa-Tafilalet,1HBM
1HBM-MA-PO,Ouarzazate,Ouarzazate,1HBM-MA-P
1HBM-MA-R,Souss-Massa,Souss-Massa,1HBM
1HBM-MA-RA,Agadir,Agadir,1HBM-MA-R
1HBS,Sudan,Судан. Республіка Судан,1HB
1HBS-SD-B,Khartoum,Хартум,1HBS
1HBT,Tunisia,Туніс. Туніська Республіка,1HB
1HBT-TN-A,Tunis,Туніс,1HBT
1HBT-TN-D,Djerba / Jerba,Джерба,1HBT
1HBW,Western Sahara,Західна Сахара,1HB
1HBZ,South Sudan,Республіка Південний Судан,1HB
1HF,Sub-Saharan Africa,Африка на південь від Сахари,1H
1HFD,West Africa,Західна Африка,1HF
1HFDA,Mauritania,Маврітанія. Ісламська Республіка Маврітанія,1HFD
1HFDB,Benin,Бенін. Республіка Бенін,1HFD
1HFDE,Sierra Leone,Сьєрра-Леоне. Республіка Сьєрра-Леоне,1HFD
1HFDF,Burkina Faso,Буркіна-Фасо,1HFD
1HFDG,The Gambia,Ґамбія. Республіка Ґамбія,1HFD
1HFDH,Ghana,Ґана. Республіка Ґана,1HFD
1HFDH-GH-A,Accra,Аккра,1HFDH
1HFDL,Liberia,Ліберія. Республіка Ліберія,1HFD
1HFDL-LR-A,Monrovia,Монровія,1HFDL
1HFDM,Mali,Малі. Республіка Малі,1HFD
1HFDM-ML-A,Timbuktu,Тімбукту,1HFDM
1HFDN,Nigeria,Ніґерія. Федеративна Республіка Ніґерія,1HFD
1HFDN-NG-A,Lagos,Лаґос,1HFDN
1HFDN-NG-R,Niger Delta region,Niger Delta region,1HFDN
1HFDR,Niger,Ніґер. Республіка Ніґер,1HFD
1HFDS,Senegal,Сенеґал. Республіка Сенеґал,1HFD
1HFDS-SN-A,Dakar,Дакар,1HFDS
1HFDT,Togo,Тоґо. Тоґолезька Республіка,1HFD
1HFDU,Guinea,Ґвінея. Ґвінейська Республіка,1HFD
1HFDU-GN-A,Conakry,Конакрі,1HFDU
1HFDV,Cabo Verde (Cape Verde),Кабо-Верде. Республіка Кабо-Верде,1HFD
1HFDX,Guinea-Bissau,Ґвінея-Бісау. Республіка Ґвінея-Бісау,1HFD
1HFDY,Côte d’Ivoire (Ivory Coast),Кот-д’Івуар. Республіка Кот-д’Івуар,1HFD
1HFDY-CI-A,Abidjan,Абіджан,1HFDY
1HFG,East Africa,Східна Африка,1HF
1HFGA,Ethiopia,Ефіопія. Федеративна Демократична Республіка Ефіопія,1HFG
1HFGA-ET-A,Addis Ababa,Аддіс-Абеба,1HFGA
1HFGD,Djibouti,Джібуті. Республіка Джібуті,1HFG
1HFGE,Eritrea,Ерітрея. Республіка Ерітрея,1HFG
1HFGK,Kenya,Кенія. Республіка Кенія,1HFG
1HFGK-KE-A,Nairobi,Найробі,1HFGK
1HFGK-KE-M,Mombasa,Момбаса,1HFGK
1HFGQ,Burundi,Бурунді. Республіка Бурунді,1HFG
1HFGR,Rwanda,Руанда. Руандійська Республіка,1HFG
1HFGR-RW-A,Kigali,Кіґалі,1HFGR
1HFGS,Somalia,Сомалі. Федеративна Республіка Сомалі,1HFG
1HFGSR,Republic of Somaliland,Республіка Сомаліленд,1HFGS
1HFGT,Tanzania,Танзанія. Об’єднана Республіка Танзанія,1HFG
1HFGT-TZ-B,Dar es Salaam,Дар-Ес-Салам,1HFGT
1HFGT-TZ-C,Zanzibar,Занзібар,1HFGT
1HFGT-TZ-E,Northern Tanzania,Північна Танзанія,1HFGT
1HFGT-TZ-EB,Kilimanjaro,Кіліманджаро,1HFGT-TZ-E
1HFGT-TZ-ED,Serengeti,Serengeti,1HFGT-TZ-E
1HFGU,Uganda,Уґанда. Республіка Уґанда,1HFG
1HFGU-UG-A,Kampala,Кампала,1HFGU
1HFJ,Central Africa,Центральна Африка,1HF
1HFJA,Cameroon,Камерун. Республіка Камерун,1HFJ
1HFJC,Republic of the Congo (Congo-Brazzaville),Конґо. Республіка Конґо (Конґо-Браззавіль),1HFJ
1HFJC-CG-A,Brazzaville,Браззавіль,1HFJC
1HFJG,Gabon,Ґабон. Ґабонська Республіка,1HFJ
1HFJQ,Equatorial Guinea,Екваторіальна Ґвінея. Республіка Екваторіальна Ґвінея,1HFJ
1HFJR,Central African Republic,Центральноафриканська Республіка,1HFJ
1HFJS,Sao Tome and Principe,Сан-Томе і Прінсіпі. Демократична Республіка Сан-Томе і Прінсіпі,1HFJ
1HFJZ,Democratic Republic of Congo,Демократична республіка Конґо (раніше Заїр),1HFJ
1HFJZ-CD-A,Kinshasa,Кіншаса,1HFJZ
1HFM,Southern Africa,Південна Африка,1HF
1HFMA,Angola,Анґола. Республіка Анґола,1HFM
1HFMB,Botswana,Ботсвана. Республіка Ботсвана,1HFM
1HFMB-BW-A,Gaborone,Ґабороне,1HFMB
1HFMB-BW-V,Okavango River and Delta,Okavango River and Delta,1HFMB
1HFMK,Eswatini,Есватіні (Свазіленд. Королівство Свазіленд),1HFM
1HFML,Lesotho,Лесото. Королівство Лесото,1HFM
1HFMM,Malawi,Малаві. Республіка Малаві,1HFM
1HFMN,Namibia,Намібія. Республіка Намібія,1HFM
1HFMQ,Mozambique,Мозамбік. Республіка Мозамбік,1HFM
1HFMQ-MZ-A,Maputo,Мапуту,1HFMQ
1HFMS,Republic of South Africa,Південна Африка. Південно-Африканська Республіка,1HFM
1HFMS-ZA-A,Eastern Cape,Eastern Cape,1HFMS
1HFMS-ZA-B,Free State,Free State,1HFMS
1HFMS-ZA-BB,Bloemfontein,Bloemfontein,1HFMS-ZA-B
1HFMS-ZA-D,Gauteng,Ґаутенґ,1HFMS
1HFMS-ZA-DB,Johannesburg,Johannesburg,1HFMS-ZA-D
1HFMS-ZA-DD,Pretoria,Преторія,1HFMS-ZA-D
1HFMS-ZA-F,KwaZulu-Natal,KwaZulu-Natal,1HFMS
1HFMS-ZA-FB,Durban,Durban,1HFMS-ZA-F
1HFMS-ZA-H,Limpopo,Лімпопо,1HFMS
1HFMS-ZA-J,Mpumalanga,Mpumalanga,1HFMS
1HFMS-ZA-K,North West Province,North West Province,1HFMS
1HFMS-ZA-M,Northern Cape,Northern Cape,1HFMS
1HFMS-ZA-N,Western Cape,Western Cape,1HFMS
1HFMS-ZA-NB,Cape Town,Cape Town,1HFMS-ZA-N
1HFMS-ZA-Z,South Africa: places of interest,Південна Африка: визначні місця,1HFMS
1HFMS-ZA-ZD,Drakensberg,Драконові гори,1HFMS-ZA-Z
1HFMS-ZA-ZK,Kruger National Park,Національний парк Крюґера,1HFMS-ZA-Z
1HFMW,Zimbabwe,Зімбабве. Республіка Зімбабве,1HFM
1HFMW-ZW-A,Harare,Гараре,1HFMW
1HFMZ,Zambia,Замбія. Республіка Замбія,1HFM
1HFMZ-ZM-A,Lusaka,Лусака,1HFMZ
1HS,South Indian Ocean Islands,Острови Південного Індійського океану,1H
1HSC,Comoros,Коморські острови,1HS
1HSM,Madagascar,Мадаґаскар. Республіка Мадаґаскар,1HS
1HSU,Mauritius,Маврікій. Республіка Маврікій,1HS
1HSU-MU-B,Rodrigues,Родріґес,1HSU
1HSV,Maldives,Мальдіви. Мальдівська Республіка,1HS
1HSY,Seychelles,Сейшельські Острови. Республіка Сейшельські Острови,1HS
1HS-FR-L,La Réunion,Ла Реюньйон (регіон і департамент) (Франція),1HS
1HS-FR-LA,Saint-Denis (Réunion),Сен-Дені (Реюньйон ),1HS-FR-L
1HS-FR-LB,Saint-Benoît,Сен-Бенуа,1HS-FR-L
1HS-FR-LC,Saint-Paul,Сен-Поль,1HS-FR-L
1HS-FR-LD,Saint-Pierre (Réunion),Сен-П’єр (Реюньйон),1HS-FR-L
1HS-FR-M,Mayotte,Майотта (регіон і департамент) (Франція),1HS
1HS-FR-MA,Dzaoudzi,Дзаудзі,1HS-FR-M
1HZ,Africa: physical features,Африка: фізичні особливості,1H
1HZA,"Africa: rivers, lakes etc","Африка: річки, озера, тощо",1HZ
1HZAC,Congo river and tributaries,"Конґо, річка та її притоки",1HZA
1HZAG,Niger river and tributaries,"Ніґер, річка та її притоки",1HZA
1HZAM,Lake Nyasa / Lake Malawi,Озеро Ньяса (Малаві),1HZA
1HZAN,Nile river and tributaries,"Ніл, річка та її притоки",1HZA
1HZAS,Suez canal,Суецький канал,1HZA
1HZAT,Lake Tanganyika,Озеро Танґаньїка,1HZA
1HZAV,Lake Victoria,Озеро Вікторія,1HZA
1HZAZ,Zambesi river and tributaries,"Замбезі, річка та її притоки",1HZA
1HZAZV,Mosi-oa-Tunya / Victoria Falls,Водоспад Вікторія,1HZAZ
1HZT,"Africa: mountains, hills, plains, coastlines etc","Африка: гори, пагорби, рівнини, берегові лінії (узбережжя) тощо",1HZ
1HZTA,Atlas mountains,Гірська система Атлас,1HZT
1HZTK,Kalahari desert,"Калахарі, пустеля",1HZT
1HZTR,Great Rift Valley,Велика долина Ущелин,1HZT
1HZTS,The Sahara,Сахара,1HZT
1HZTT,The Sahel,Сахель,1HZT
1K,The Americas,Америка,1
1KB,North America (USA and Canada),Північна Америка (США та Канада),1K
1KBB,"United States of America, USA",Сполучені Штати Америки (США),1KB
1KBB-US-M,US Midwest,Середній Захід США,1KBB
1KBB-US-ML,US Midwest: East North Central (Great Lakes) States,"Середній Захід США: Північні центральні штати. Середньозахідні штати, які межують з Великими озерами",1KBB-US-M
1KBB-US-MLC,Illinois,Іллінойс,1KBB-US-ML
1KBB-US-MLCC,Chicago,Чікаґо,1KBB-US-MLC
1KBB-US-MLCS,Springfield (IL),Спрінґфілд,1KBB-US-MLC
1KBB-US-MLD,Indiana,Індіана,1KBB-US-ML
1KBB-US-MLDD,Indianapolis,Індіанаполіс,1KBB-US-MLD
1KBB-US-MLG,Michigan,Мічіґан,1KBB-US-ML
1KBB-US-MLGD,Detroit,Детройт,1KBB-US-MLG
1KBB-US-MLO,Ohio,Огайо,1KBB-US-ML
1KBB-US-MLOL,Cleveland,Клівленд,1KBB-US-MLO
1KBB-US-MLON,Cincinnati,Цінціннаті,1KBB-US-MLO
1KBB-US-MLOO,Columbus,Колумбус,1KBB-US-MLO
1KBB-US-MLT,Minnesota,Міннесота,1KBB-US-ML
1KBB-US-MLTM,Minneapolis-St. Paul,Міннеаполіс і Сент-Пол,1KBB-US-MLT
1KBB-US-MLW,Wisconsin,Вісконсін,1KBB-US-ML
1KBB-US-MLWM,Milwaukee,Мілуокі,1KBB-US-MLW
1KBB-US-MLWW,Madison,Мадісон,1KBB-US-MLW
1KBB-US-MP,US Midwest: West North Central (Great Plains) States,Середній Захід США: Західні штати США. Північні центральні штати США. Велика Долина,1KBB-US-M
1KBB-US-MPA,Iowa,Айова,1KBB-US-MP
1KBB-US-MPK,Kansas,Канзас,1KBB-US-MP
1KBB-US-MPM,Missouri,Міссурі,1KBB-US-MP
1KBB-US-MPMK,Kansas City (MO),Канзас-Сіті (Міссурі),1KBB-US-MPM
1KBB-US-MPML,St. Louis,"Сент-Луіс, незалежне місто",1KBB-US-MPM
1KBB-US-MPN,Nebraska,Небраска,1KBB-US-MP
1KBB-US-MPNL,Lincoln,Лінкольн (Небраска),1KBB-US-MPN
1KBB-US-MPNO,Omaha,Омага,1KBB-US-MPN
1KBB-US-MPR,North Dakota,Північна Дакота,1KBB-US-MP
1KBB-US-MPT,South Dakota,Південна Дакота,1KBB-US-MP
1KBB-US-MPTR,Mount Rushmore National Memorial,Національний меморіал Гора Рашмор,1KBB-US-MPT
1KBB-US-N,US Northeast,Північно-східні штати США,1KBB
1KBB-US-NA,US Northeast: Mid-Atlantic States,Північний схід США: Середньоатлантичні штати,1KBB-US-N
1KBB-US-NAJ,New Jersey,Нью-Джерсі,1KBB-US-NA
1KBB-US-NAJA,Atlantic City,Атлантік-Сіті,1KBB-US-NAJ
1KBB-US-NAJH,Hoboken,Гобокен,1KBB-US-NAJ
1KBB-US-NAJN,Newark,Ньюарк,1KBB-US-NAJ
1KBB-US-NAJS,Jersey Shore,Джерсі Шор,1KBB-US-NAJ
1KBB-US-NAK,New York (state),Штат Нью-Йорк,1KBB-US-NA
1KBB-US-NAKA,Albany,Олбані,1KBB-US-NAK
1KBB-US-NAKB,Buffalo,Баффало,1KBB-US-NAK
1KBB-US-NAKC,New York City,Нью-Йорк,1KBB-US-NAK
1KBB-US-NAKCB,Brooklyn,Бруклін,1KBB-US-NAKC
1KBB-US-NAKCM,Manhattan,Мангаттан (Манхетен),1KBB-US-NAKC
1KBB-US-NAKCMG,Greenwich Village,Greenwich Village,1KBB-US-NAKCM
1KBB-US-NAKCMH,Harlem,Harlem,1KBB-US-NAKCM
1KBB-US-NAKL,Long Island,Лонґ-Айленд,1KBB-US-NAK
1KBB-US-NAKN,Niagara Falls (City),"Ніаґарський водоспад, місто",1KBB-US-NAK
1KBB-US-NAP,Pennsylvania,Пенсільванія,1KBB-US-NA
1KBB-US-NAPD,Pennsylvania Dutch Country,Pennsylvania Dutch Country,1KBB-US-NAP
1KBB-US-NAPG,Gettysburg,Gettysburg,1KBB-US-NAP
1KBB-US-NAPH,Philadelphia,Філадельфія,1KBB-US-NAP
1KBB-US-NAPT,Pittsburgh,Піттсберґ,1KBB-US-NAP
1KBB-US-NE,US Northeast: New England,Північний схід США: Нова Англія,1KBB-US-N
1KBB-US-NEC,Connecticut,Коннектікут,1KBB-US-NE
1KBB-US-NECH,Hartford,Hartford,1KBB-US-NEC
1KBB-US-NEI,Maine,Мен,1KBB-US-NE
1KBB-US-NEIA,Acadia National Park,Acadia National Park,1KBB-US-NEI
1KBB-US-NEIP,Portland (ME),Portland (ME),1KBB-US-NEI
1KBB-US-NEM,Massachusetts,Массачусетс,1KBB-US-NE
1KBB-US-NEMB,Boston,Бостон,1KBB-US-NEM
1KBB-US-NEMC,Cape Cod,Cape Cod,1KBB-US-NEM
1KBB-US-NEMCM,Martha’s Vineyard,Martha’s Vineyard,1KBB-US-NEMC
1KBB-US-NEMCN,Nantucket,Nantucket,1KBB-US-NEMC
1KBB-US-NEMM,Cambridge (MA),Кеймбрідж,1KBB-US-NEM
1KBB-US-NEMS,Salem (MA),Salem (MA),1KBB-US-NEM
1KBB-US-NEN,New Hampshire,Нью-Гемпшір,1KBB-US-NE
1KBB-US-NER,Rhode Island,Род-Айленд,1KBB-US-NE
1KBB-US-NERN,Newport,Ньюпорт,1KBB-US-NER
1KBB-US-NERP,Providence,Providence,1KBB-US-NER
1KBB-US-NEV,Vermont,Вермонт,1KBB-US-NE
1KBB-US-S,US South,Південь США,1KBB
1KBB-US-SC,US South: East South Central States,Південь США: Південно-східні штати. Південні центральні штати,1KBB-US-S
1KBB-US-SCA,Alabama,Алабама,1KBB-US-SC
1KBB-US-SCAM,Montgomery,Монтґомері,1KBB-US-SCA
1KBB-US-SCK,Kentucky,Кентуккі,1KBB-US-SC
1KBB-US-SCKL,Louisville,Луісвілл,1KBB-US-SCK
1KBB-US-SCM,Mississippi,Міссісіпі,1KBB-US-SC
1KBB-US-SCT,Tennessee,Теннессі,1KBB-US-SC
1KBB-US-SCTM,Memphis,Мемфіс,1KBB-US-SCT
1KBB-US-SCTN,Nashville,Нашвілл,1KBB-US-SCT
1KBB-US-SE,US South: South Atlantic States,Південь США: Південноатлантичні штати,1KBB-US-S
1KBB-US-SEC,District of Columbia (Washington D.C.),Федеральний округ Колумбія. Вашинґтон,1KBB-US-SE
1KBB-US-SED,Delaware,Делавер,1KBB-US-SE
1KBB-US-SEF,Florida,Флоріда,1KBB-US-SE
1KBB-US-SEFA,St. Augustine,St. Augustine,1KBB-US-SEF
1KBB-US-SEFE,Everglades,Everglades,1KBB-US-SEF
1KBB-US-SEFH,Tallahassee,Tallahassee,1KBB-US-SEF
1KBB-US-SEFJ,Jacksonville,Jacksonville,1KBB-US-SEF
1KBB-US-SEFK,Florida Keys,Florida Keys,1KBB-US-SEF
1KBB-US-SEFM,Miami,Маямі,1KBB-US-SEF
1KBB-US-SEFO,Orlando,Орландо,1KBB-US-SEF
1KBB-US-SEFP,Tampa,Tampa,1KBB-US-SEF
1KBB-US-SEG,Georgia (US State),Джорджія (США),1KBB-US-SE
1KBB-US-SEGS,Savannah,Саванна,1KBB-US-SEG
1KBB-US-SEGT,Atlanta,Атланта,1KBB-US-SEG
1KBB-US-SEM,Maryland,Меріленд,1KBB-US-SE
1KBB-US-SEMA,Annapolis,Аннаполіс,1KBB-US-SEM
1KBB-US-SEMB,Baltimore,"Балтімор,незалежне місто",1KBB-US-SEM
1KBB-US-SEN,North Carolina,Північна Кароліна,1KBB-US-SE
1KBB-US-SENA,Asheville,Asheville,1KBB-US-SEN
1KBB-US-SENB,Outer Banks,Outer Banks,1KBB-US-SEN
1KBB-US-SENC,Charlotte,Charlotte,1KBB-US-SEN
1KBB-US-SENR,Raleigh,Raleigh,1KBB-US-SEN
1KBB-US-SES,South Carolina,Південна Кароліна,1KBB-US-SE
1KBB-US-SESC,Charleston (SC),Чарлстон (Південна Кароліна),1KBB-US-SES
1KBB-US-SESM,Myrtle Beach,Myrtle Beach,1KBB-US-SES
1KBB-US-SEV,Virginia,Вірґінія,1KBB-US-SE
1KBB-US-SEVC,Charlottesville,Charlottesville,1KBB-US-SEV
1KBB-US-SEVR,Richmond,Richmond,1KBB-US-SEV
1KBB-US-SEVV,Virginia Beach,Virginia Beach,1KBB-US-SEV
1KBB-US-SEVW,Williamsburg,Williamsburg,1KBB-US-SEV
1KBB-US-SEW,West Virginia,Західна Вірґінія,1KBB-US-SE
1KBB-US-SG,Great Smoky Mountains National Park,Грейт-Смокі-Маунтінс (національний парк),1KBB-US-S
1KBB-US-SW,US South: West South Central States,Південь США: Південно-західні штати. Південні центральні штати,1KBB-US-S
1KBB-US-SWA,Arkansas,Арканзас,1KBB-US-SW
1KBB-US-SWAH,Hot Springs,Hot Springs,1KBB-US-SWA
1KBB-US-SWAL,Little Rock,Літтл-Рок,1KBB-US-SWA
1KBB-US-SWL,Louisiana,Луїзіана,1KBB-US-SW
1KBB-US-SWLB,Baton Rouge,Батон-Руж,1KBB-US-SWL
1KBB-US-SWLN,New Orleans,New Orleans,1KBB-US-SWL
1KBB-US-SWO,Oklahoma,Оклагома,1KBB-US-SW
1KBB-US-SWOC,Oklahoma City,Оклагома-Сіті,1KBB-US-SWO
1KBB-US-SWOT,Tulsa,Талса,1KBB-US-SWO
1KBB-US-SWT,Texas,Техас,1KBB-US-SW
1KBB-US-SWTA,Austin,Остін,1KBB-US-SWT
1KBB-US-SWTD,Dallas,Даллас,1KBB-US-SWT
1KBB-US-SWTH,Houston,Г’юстон,1KBB-US-SWT
1KBB-US-SWTN,San Antonio,Сан-Антоніо,1KBB-US-SWT
1KBB-US-SWTP,El Paso,Ель-Пасо,1KBB-US-SWT
1KBB-US-SWTW,Fort Worth,Форт-Верт,1KBB-US-SWT
1KBB-US-W,US West,Захід США,1KBB
1KBB-US-WM,US West: Mountain States,Захід США: Штати Скелястих гір,1KBB-US-W
1KBB-US-WMA,Arizona,Арізона,1KBB-US-WM
1KBB-US-WMAF,Flagstaff,Flagstaff,1KBB-US-WMA
1KBB-US-WMAG,Grand Canyon National Park,Grand Canyon National Park,1KBB-US-WMA
1KBB-US-WMAP,Phoenix,Фінікс,1KBB-US-WMA
1KBB-US-WMAS,Sedona,Sedona,1KBB-US-WMA
1KBB-US-WMAT,Tucson,Таксон,1KBB-US-WMA
1KBB-US-WMC,Colorado,Колорадо,1KBB-US-WM
1KBB-US-WMCA,Aspen,Aspen,1KBB-US-WMC
1KBB-US-WMCB,Boulder,Boulder,1KBB-US-WMC
1KBB-US-WMCD,Denver,Денвер,1KBB-US-WMC
1KBB-US-WMCR,Rocky Mountain National Park,Rocky Mountain National Park,1KBB-US-WMC
1KBB-US-WMD,Idaho,Айдаго,1KBB-US-WM
1KBB-US-WMDB,Boise,Бойсі,1KBB-US-WMD
1KBB-US-WMM,Montana,Монтана,1KBB-US-WM
1KBB-US-WMMG,Glacier National Park,Glacier National Park,1KBB-US-WMM
1KBB-US-WMN,Nevada,Невада,1KBB-US-WM
1KBB-US-WMNR,Reno,Ріно,1KBB-US-WMN
1KBB-US-WMNV,Las Vegas,Лас-Веґас,1KBB-US-WMN
1KBB-US-WMT,New Mexico,Нью-Мексіко,1KBB-US-WM
1KBB-US-WMTA,Albuquerque,Альбукерке,1KBB-US-WMT
1KBB-US-WMTF,Santa Fe,Санта-Фе,1KBB-US-WMT
1KBB-US-WMTT,Taos,Таос,1KBB-US-WMT
1KBB-US-WMU,Utah,Юта,1KBB-US-WM
1KBB-US-WMUS,Salt Lake City,Солт-Лейк-Сіті,1KBB-US-WMU
1KBB-US-WMUZ,Zion and other Utah National or State Parks,Zion and other Utah National or State Parks,1KBB-US-WMU
1KBB-US-WMW,Wyoming,Вайомінґ,1KBB-US-WM
1KBB-US-WMWC,Cheyenne (WY),Шайєнн (Вайомінґ),1KBB-US-WMW
1KBB-US-WMWJ,Jackson Hole,Jackson Hole,1KBB-US-WMW
1KBB-US-WMWT,Grand Teton National Park,Grand Teton National Park,1KBB-US-WMW
1KBB-US-WMY,Yellowstone National Park,"Єллоустон, національний парк",1KBB-US-WM
1KBB-US-WP,US West: Pacific States,Захід США: Штати Великого Басейну та район Тихоокеанського узбережжя США,1KBB-US-W
1KBB-US-WPC,California,Каліфорнія,1KBB-US-WP
1KBB-US-WPCA,Los Angeles,Лос-Анджелес,1KBB-US-WPC
1KBB-US-WPCAB,Beverly Hills,Беверлі Хілз,1KBB-US-WPCA
1KBB-US-WPCAH,Hollywood,Голлівуд,1KBB-US-WPCA
1KBB-US-WPCD,San Diego,Сан-Дієґо,1KBB-US-WPC
1KBB-US-WPCF,San Francisco and The Peninsula areas,Сан-Франціско,1KBB-US-WPC
1KBB-US-WPCFD,Oakland and East Bay,Oakland and East Bay,1KBB-US-WPCF
1KBB-US-WPCJ,San Jose and South Bay,Сан-Хосе,1KBB-US-WPC
1KBB-US-WPCM,Monterey and the Central Coast,Монтерей,1KBB-US-WPC
1KBB-US-WPCN,Napa and Sonoma,Напа і Сонома,1KBB-US-WPC
1KBB-US-WPCP,Palm Springs and the Inland Empire,Palm Springs and the Inland Empire,1KBB-US-WPC
1KBB-US-WPCQ,Shasta Cascade region (Northeastern California),Shasta Cascade region (Northeastern California),1KBB-US-WPC
1KBB-US-WPCR,Fresno and the San Joaquin Valley,Фресно,1KBB-US-WPC
1KBB-US-WPCS,Sacramento,Сакраменто,1KBB-US-WPC
1KBB-US-WPCW,North Coast and Redwood region,North Coast and Redwood region,1KBB-US-WPC
1KBB-US-WPCX,Death Valley National Park,Death Valley National Park,1KBB-US-WPC
1KBB-US-WPCY,"Yosemite, Sequoia and Kings Canyon National parks","Yosemite, Sequoia and Kings Canyon National parks",1KBB-US-WPC
1KBB-US-WPH,Hawaii / Hawaiʻi (State of),Гаваї,1KBB-US-WP
1KBB-US-WPHH,Hawaii (Big Island),"Гаваї (острів Гаваї, відомий також як Великий острів)",1KBB-US-WPH
1KBB-US-WPHK,Kauai,Кауаі,1KBB-US-WPH
1KBB-US-WPHM,Maui,Мауі,1KBB-US-WPH
1KBB-US-WPHO,Oahu,Оагу,1KBB-US-WPH
1KBB-US-WPHOH,Honolulu,Гонолулу,1KBB-US-WPHO
1KBB-US-WPN,US Pacific Northwest,Північно-західні Тихоокеанські штати,1KBB-US-WP
1KBB-US-WPNA,Alaska,Аляска,1KBB-US-WPN
1KBB-US-WPNAA,Anchorage and South Central Alaska,Анкорідж,1KBB-US-WPNA
1KBB-US-WPNAJ,Juneau and Southeast Alaska,Джуно,1KBB-US-WPNA
1KBB-US-WPNR,Oregon,Ореґон,1KBB-US-WPN
1KBB-US-WPNRP,Portland (OR),Портленд (Ореґон),1KBB-US-WPNR
1KBB-US-WPNW,Washington (US State),Вашингтон (штат США),1KBB-US-WPN
1KBB-US-WPNWO,Olympic National Park,Олімпійський національний парк,1KBB-US-WPNW
1KBB-US-WPNWS,Seattle,Сіетл,1KBB-US-WPNW
1KBB-US-WT,Sierra Nevada (USA),Sierra Nevada (USA),1KBB-US-W
1KBC,Canada,Канада,1KB
1KBC-CA-A,Alberta,Альберта,1KBC
1KBC-CA-AN,Northern Alberta,Північна Альберта,1KBC-CA-A
1KBC-CA-ANB,Northern Alberta: Wood Buffalo National Park,Northern Alberta: Wood Buffalo National Park,1KBC-CA-AN
1KBC-CA-AND,Northern Alberta: Peace River Country (AB),Northern Alberta: Peace River Country (AB),1KBC-CA-AN
1KBC-CA-ANG,Northern Alberta: Alberta’s Rockies and Banff and Jasper National Parks,Northern Alberta: Alberta’s Rockies and Banff and Jasper National Parks,1KBC-CA-AN
1KBC-CA-AS,Southern Alberta,Південна Альберта,1KBC-CA-A
1KBC-CA-ASC,Southern Alberta: Calgary Region,Південна Альберта: Калґарі (провінція),1KBC-CA-AS
1KBC-CA-ASCB,Southern Alberta: Calgary,Southern Alberta: Calgary,1KBC-CA-ASC
1KBC-CA-ASF,Southern Alberta: Edmonton Capital Region,Southern Alberta: Edmonton Capital Region,1KBC-CA-AS
1KBC-CA-ASFB,Southern Alberta: Edmonton,Southern Alberta: Edmonton,1KBC-CA-ASF
1KBC-CA-ASJ,Southern Alberta: Elk Island National Park,Southern Alberta: Elk Island National Park,1KBC-CA-AS
1KBC-CA-ASN,Southern Alberta: Waterton Lakes National Park,Southern Alberta: Waterton Lakes National Park,1KBC-CA-AS
1KBC-CA-B,British Columbia,Британська Колумбія,1KBC
1KBC-CA-BD,British Columbia Interior,British Columbia Interior,1KBC-CA-B
1KBC-CA-BDA,British Columbia Interior: Atlin District,British Columbia Interior: Atlin District,1KBC-CA-BD
1KBC-CA-BDB,British Columbia Interior: Stikine Country,British Columbia Interior: Stikine Country,1KBC-CA-BD
1KBC-CA-BDC,British Columbia Interior: Peace River Country,British Columbia Interior: Peace River Country,1KBC-CA-BD
1KBC-CA-BDD,British Columbia Interior: Nechako,British Columbia Interior: Nechako,1KBC-CA-BD
1KBC-CA-BDE,British Columbia Interior: Bulkley,British Columbia Interior: Bulkley,1KBC-CA-BD
1KBC-CA-BDF,British Columbia Interior: Cariboo,British Columbia Interior: Cariboo,1KBC-CA-BD
1KBC-CA-BDG,British Columbia Interior: Chilcotin,British Columbia Interior: Chilcotin,1KBC-CA-BD
1KBC-CA-BDH,British Columbia Interior: Omineca-Prince George,British Columbia Interior: Omineca-Prince George,1KBC-CA-BD
1KBC-CA-BDJ,British Columbia Interior: Robson Valley,British Columbia Interior: Robson Valley,1KBC-CA-BD
1KBC-CA-BDK,British Columbia Interior: Kootenays,British Columbia Interior: Kootenays,1KBC-CA-BD
1KBC-CA-BDKA,"British Columbia Interior: Kootenays National Parks (Mount Revelstoke, Kootenay, Glacier and Yoho)","British Columbia Interior: Kootenays National Parks (Mount Revelstoke, Kootenay, Glacier and Yoho)",1KBC-CA-BDK
1KBC-CA-BDL,British Columbia Interior: Okanagan,British Columbia Interior: Okanagan,1KBC-CA-BD
1KBC-CA-BDM,British Columbia Interior: Boundary,British Columbia Interior: Boundary,1KBC-CA-BD
1KBC-CA-BDN,British Columbia Interior: Similkameen,British Columbia Interior: Similkameen,1KBC-CA-BD
1KBC-CA-BDP,British Columbia Interior: Thompson,British Columbia Interior: Thompson,1KBC-CA-BD
1KBC-CA-BDQ,British Columbia Interior: Shuswap,British Columbia Interior: Shuswap,1KBC-CA-BD
1KBC-CA-BDR,British Columbia Interior: Lillooet-Fraser Canyon,British Columbia Interior: Lillooet-Fraser Canyon,1KBC-CA-BD
1KBC-CA-BF,British Columbia South Coast,British Columbia South Coast,1KBC-CA-B
1KBC-CA-BFB,British Columbia South Coast: Lower Mainland,British Columbia South Coast: Lower Mainland,1KBC-CA-BF
1KBC-CA-BFD,British Columbia South Coast: Greater Vancouver,British Columbia South Coast: Greater Vancouver,1KBC-CA-BF
1KBC-CA-BFDB,British Columbia South Coast: Vancouver,British Columbia South Coast: Vancouver,1KBC-CA-BFD
1KBC-CA-BFF,British Columbia South Coast: Fraser Valley,British Columbia South Coast: Fraser Valley,1KBC-CA-BF
1KBC-CA-BFJ,British Columbia South Coast: Sea-to-Sky Corridor,British Columbia South Coast: Sea-to-Sky Corridor,1KBC-CA-BF
1KBC-CA-BFM,British Columbia South Coast: Gulf Islands and Gulf Islands National Park Reserve,British Columbia South Coast: Gulf Islands and Gulf Islands National Park Reserve,1KBC-CA-BF
1KBC-CA-BFR,British Columbia South Coast: Sunshine Coast,British Columbia South Coast: Sunshine Coast,1KBC-CA-BF
1KBC-CA-BL,British Columbia Vancouver Island,"Британська Колумбія: Ванкувер, острів",1KBC-CA-B
1KBC-CA-BLC,British Columbia Vancouver Island: Greater Victoria,British Columbia Vancouver Island: Greater Victoria,1KBC-CA-BL
1KBC-CA-BLCB,British Columbia Vancouver Island: Victoria,British Columbia Vancouver Island: Victoria,1KBC-CA-BLC
1KBC-CA-BLK,British Columbia Vancouver Island: Mid-Island,British Columbia Vancouver Island: Mid-Island,1KBC-CA-BL
1KBC-CA-BLN,British Columbia Vancouver Island: North Island,British Columbia Vancouver Island: North Island,1KBC-CA-BL
1KBC-CA-BLS,British Columbia Vancouver Island: West Coast,British Columbia Vancouver Island: West Coast,1KBC-CA-BL
1KBC-CA-BLW,British Columbia Vancouver Island: Juan de Fuca region and Pacific Rim National Park Reserve,British Columbia Vancouver Island: Juan de Fuca region and Pacific Rim National Park Reserve,1KBC-CA-BL
1KBC-CA-BP,British Columbia Central Coast,British Columbia Central Coast,1KBC-CA-B
1KBC-CA-BPD,British Columbia Central Coast: Queen Charlotte Strait,British Columbia Central Coast: Queen Charlotte Strait,1KBC-CA-BP
1KBC-CA-BPL,British Columbia Central Coast: Bella Coola Valley,British Columbia Central Coast: Bella Coola Valley,1KBC-CA-BP
1KBC-CA-BT,British Columbia North Coast,British Columbia North Coast,1KBC-CA-B
1KBC-CA-BTE,British Columbia North Coast: Haida Gwaii and Gwaii Haanas National Park Reserve and Haida Heritage Site,British Columbia North Coast: Haida Gwaii and Gwaii Haanas National Park Reserve and Haida Heritage Site,1KBC-CA-BT
1KBC-CA-BTM,British Columbia North Coast: Skeena,British Columbia North Coast: Skeena,1KBC-CA-BT
1KBC-CA-BTR,British Columbia North Coast: Nass,British Columbia North Coast: Nass,1KBC-CA-BT
1KBC-CA-BTY,British Columbia North Coast: Stewart Country,British Columbia North Coast: Stewart Country,1KBC-CA-BT
1KBC-CA-C,Manitoba,Манітоба,1KBC
1KBC-CA-CN,Northern Manitoba,Northern Manitoba,1KBC-CA-C
1KBC-CA-CNB,Northern Manitoba: Wapusk National Park,Northern Manitoba: Wapusk National Park,1KBC-CA-CN
1KBC-CA-CP,Interlake and Central Manitoba,Interlake and Central Manitoba,1KBC-CA-C
1KBC-CA-CPR,Interlake and Central Manitoba: Riding Mountain National Park,Interlake and Central Manitoba: Riding Mountain National Park,1KBC-CA-CP
1KBC-CA-CS,Southern Manitoba,Southern Manitoba,1KBC-CA-C
1KBC-CA-CSW,Southern Manitoba: Winnipeg Capital Region,Southern Manitoba: Winnipeg Capital Region,1KBC-CA-CS
1KBC-CA-CSWB,Southern Manitoba: Winnipeg,Southern Manitoba: Winnipeg,1KBC-CA-CSW
1KBC-CA-D,New Brunswick,Нью-Брансвік,1KBC
1KBC-CA-DF,New Brunswick: Fundy National Park,New Brunswick: Fundy National Park,1KBC-CA-D
1KBC-CA-DK,New Brunswick: Greater Saint John,New Brunswick: Greater Saint John,1KBC-CA-D
1KBC-CA-DKB,New Brunswick: Saint John,New Brunswick: Saint John,1KBC-CA-DK
1KBC-CA-DN,New Brunswick: Greater Fredericton,New Brunswick: Greater Fredericton,1KBC-CA-D
1KBC-CA-DNB,New Brunswick: Fredericton,New Brunswick: Fredericton,1KBC-CA-DN
1KBC-CA-DM,New Brunswick: Moncton,New Brunswick: Moncton,1KBC-CA-D
1KBC-CA-F,Newfoundland and Labrador,Ньюфаундленд і Лабрадор,1KBC
1KBC-CA-FL,Labrador,Labrador,1KBC-CA-F
1KBC-CA-FLN,Labrador: Nunatsiavut,Labrador: Nunatsiavut,1KBC-CA-FL
1KBC-CA-FLT,Labrador: Torngat Mountains National Park,Labrador: Torngat Mountains National Park,1KBC-CA-FL
1KBC-CA-FN,Newfoundland,Newfoundland,1KBC-CA-F
1KBC-CA-FNA,Newfoundland: Avalon Peninsula,Newfoundland: Avalon Peninsula,1KBC-CA-FN
1KBC-CA-FNAJ,Newfoundland: Avalon Peninsula: St. John’s,Newfoundland: Avalon Peninsula: St. John’s,1KBC-CA-FNA
1KBC-CA-FNC,Newfoundland: Burin Peninsula,Newfoundland: Burin Peninsula,1KBC-CA-FN
1KBC-CA-FNE,Newfoundland: Bonavista Peninsula and Terra Nova National Park,Newfoundland: Bonavista Peninsula and Terra Nova National Park,1KBC-CA-FN
1KBC-CA-FNH,Newfoundland: South Coast,Newfoundland: South Coast,1KBC-CA-FN
1KBC-CA-FNK,Newfoundland: West Coast and Gros Morne National Park,Newfoundland: West Coast and Gros Morne National Park,1KBC-CA-FN
1KBC-CA-FNM,Newfoundland: Great Northern Peninsula,Newfoundland: Great Northern Peninsula,1KBC-CA-FN
1KBC-CA-FNR,Newfoundland: Northeast Coast,Newfoundland: Northeast Coast,1KBC-CA-FN
1KBC-CA-H,Northwest Territories,Території Північного Заходу,1KBC
1KBC-CA-HD,Northwest Territories: Great Slave Lake,Northwest Territories: Great Slave Lake,1KBC-CA-H
1KBC-CA-HL,Northwest Territories: Inuvik Region and Tuktut Nogait National Park,Northwest Territories: Inuvik Region and Tuktut Nogait National Park,1KBC-CA-H
1KBC-CA-HP,Northwest Territories: Sahtu Region,Northwest Territories: Sahtu Region,1KBC-CA-H
1KBC-CA-HPC,Northwest Territories: Great Bear Lake / Sahtu,Northwest Territories: Great Bear Lake / Sahtu,1KBC-CA-HP
1KBC-CA-HT,Northwest Territories: Dehcho Region and Nahanni and Naats’ihch’oh National Park Reserves,Northwest Territories: Dehcho Region and Nahanni and Naats’ihch’oh National Park Reserves,1KBC-CA-H
1KBC-CA-HV,Northwest Territories: North Slave Region,Northwest Territories: North Slave Region,1KBC-CA-H
1KBC-CA-HW,Northwest Territories: Yellowknife,Northwest Territories: Yellowknife,1KBC-CA-H
1KBC-CA-HX,Northwest Territories: South Slave Region,Northwest Territories: South Slave Region,1KBC-CA-H
1KBC-CA-J,Nova Scotia,Нова Шотландія,1KBC
1KBC-CA-JA,Nova Scotia: Annapolis Valley,Nova Scotia: Annapolis Valley,1KBC-CA-J
1KBC-CA-JB,Nova Scotia: Cape Breton Island and Cape Breton Highlands National Park,Nova Scotia: Cape Breton Island and Cape Breton Highlands National Park,1KBC-CA-J
1KBC-CA-JC,Central Nova Scotia,Central Nova Scotia,1KBC-CA-J
1KBC-CA-JD,Nova Scotia: Eastern Shore and Sable Island National Park Reserve,Nova Scotia: Eastern Shore and Sable Island National Park Reserve,1KBC-CA-J
1KBC-CA-JH,Nova Scotia: Halifax city and Halifax Regional Municipality (HRM),Nova Scotia: Halifax city and Halifax Regional Municipality (HRM),1KBC-CA-J
1KBC-CA-JK,Nova Scotia: North Shore,Nova Scotia: North Shore,1KBC-CA-J
1KBC-CA-JM,Nova Scotia: South Shore and Kejimkujik National Park,Nova Scotia: South Shore and Kejimkujik National Park,1KBC-CA-J
1KBC-CA-K,Nunavut,Нунавут,1KBC
1KBC-CA-KC,Nunavut: Kitikmeot Region,Nunavut: Kitikmeot Region,1KBC-CA-K
1KBC-CA-KN,Nunavut: Kivalliq Region and Ukkusiksalik National Park,Nunavut: Kivalliq Region and Ukkusiksalik National Park,1KBC-CA-K
1KBC-CA-KQ,"Nunavut: Qikiqtaaluk Region and Auyuittuq, Sirmilik and Quttinirpaaq National Parks","Nunavut: Qikiqtaaluk Region and Auyuittuq, Sirmilik and Quttinirpaaq National Parks",1KBC-CA-K
1KBC-CA-KQT,Nunavut: Qikiqtaaluk Region: Iqaluit,Nunavut: Qikiqtaaluk Region: Iqaluit,1KBC-CA-KQ
1KBC-CA-O,Ontario,Онтаріо,1KBC
1KBC-CA-OB,Northwestern Ontario,Northwestern Ontario,1KBC-CA-O
1KBC-CA-OBP,Northwestern Ontario: Pukaskwa National Park,Northwestern Ontario: Pukaskwa National Park,1KBC-CA-OB
1KBC-CA-OD,Northeastern Ontario,Northeastern Ontario,1KBC-CA-O
1KBC-CA-OG,Central Ontario,Central Ontario,1KBC-CA-O
1KBC-CA-OGC,Central Ontario: Haliburton and Algonquin Park,Central Ontario: Haliburton and Algonquin Park,1KBC-CA-OG
1KBC-CA-OGF,Central Ontario: Kawartha Lakes,Central Ontario: Kawartha Lakes,1KBC-CA-OG
1KBC-CA-OGJ,Central Ontario: Muskoka,Central Ontario: Muskoka,1KBC-CA-OG
1KBC-CA-OGQ,Central Ontario: Bay of Quinte,Central Ontario: Bay of Quinte,1KBC-CA-OG
1KBC-CA-OM,Eastern Ontario,Східний Онтаріо,1KBC-CA-O
1KBC-CA-OMC,Eastern Ontario: Ottawa / National Capital Region,Східний Онтаріо: Оттава / Округ національної столиці,1KBC-CA-OM
1KBC-CA-OML,Eastern Ontario: Ottawa Valley,Східний Онтаріо: округи долини Оттава,1KBC-CA-OM
1KBC-CA-OMT,Eastern Ontario: Thousand Islands and St. Lawrence Islands National Park,Eastern Ontario: Thousand Islands and St. Lawrence Islands National Park,1KBC-CA-OM
1KBC-CA-OS,Southwestern Ontario,Southwestern Ontario,1KBC-CA-O
1KBC-CA-OSB,Southwestern Ontario: Bruce Peninsula and National Park,Southwestern Ontario: Bruce Peninsula and National Park,1KBC-CA-OS
1KBC-CA-OSF,Southwestern Ontario: Georgian Triangle and Georgian Bay Islands National Park,Southwestern Ontario: Georgian Triangle and Georgian Bay Islands National Park,1KBC-CA-OS
1KBC-CA-OSM,Southwestern Ontario: Greater Toronto and Hamilton Area,Southwestern Ontario: Greater Toronto and Hamilton Area,1KBC-CA-OS
1KBC-CA-OSMB,Southwestern Ontario: Toronto,Southwestern Ontario: Toronto,1KBC-CA-OSM
1KBC-CA-OSR,Southwestern Ontario: Niagara Peninsula and Point Pelee National Park,Southwestern Ontario: Niagara Peninsula and Point Pelee National Park,1KBC-CA-OS
1KBC-CA-P,Prince Edward Island,Острів Принца Едварда,1KBC
1KBC-CA-PM,Prince Edward Island: North Shore and Prince Edward Island National Park,Prince Edward Island: North Shore and Prince Edward Island National Park,1KBC-CA-P
1KBC-CA-PR,Prince Edward Island: South Shore,Prince Edward Island: South Shore,1KBC-CA-P
1KBC-CA-PT,Prince Edward Island: Summerside Area,Prince Edward Island: Summerside Area,1KBC-CA-P
1KBC-CA-PV,Prince Edward Island: Charlottetown Area,Prince Edward Island: Charlottetown Area,1KBC-CA-P
1KBC-CA-Q,Quebec,Квебек,1KBC
1KBC-CA-QB,Quebec: Bas-Saint-Laurent,Quebec: Bas-Saint-Laurent,1KBC-CA-Q
1KBC-CA-QBB,Rimouski,Rimouski,1KBC-CA-QB
1KBC-CA-QBG,Kamouraska,Kamouraska,1KBC-CA-QB
1KBC-CA-QBK,Reford Gardens,Reford Gardens,1KBC-CA-QB
1KBC-CA-QD,Quebec: Saguenay–Lac-Saint-Jean,Quebec: Saguenay–Lac-Saint-Jean,1KBC-CA-Q
1KBC-CA-QDC,Saguenay (city),Saguenay (city),1KBC-CA-QD
1KBC-CA-QDF,Saguenay River,Saguenay River,1KBC-CA-QD
1KBC-CA-QDK,Lac Saint-Jean,Lac Saint-Jean,1KBC-CA-QD
1KBC-CA-QF,"Quebec, National Capital Region","Quebec, National Capital Region",1KBC-CA-Q
1KBC-CA-QFC,Quebec City,Quebec City,1KBC-CA-QF
1KBC-CA-QFF,Orleans Island,Orleans Island,1KBC-CA-QF
1KBC-CA-QFG,Charlevoix,Charlevoix,1KBC-CA-QF
1KBC-CA-QH,Quebec: Mauricie,Quebec: Mauricie,1KBC-CA-Q
1KBC-CA-QHD,Trois-Rivières,Trois-Rivières,1KBC-CA-QH
1KBC-CA-QHH,Shawinigan,Shawinigan,1KBC-CA-QH
1KBC-CA-QJ,Quebec: Estrie / Eastern Townships,Quebec: Estrie / Eastern Townships,1KBC-CA-Q
1KBC-CA-QJS,Sherbrooke,Sherbrooke,1KBC-CA-QJ
1KBC-CA-QL,Quebec: Outaouais,Quebec: Outaouais,1KBC-CA-Q
1KBC-CA-QLG,Gatineau,Gatineau,1KBC-CA-QL
1KBC-CA-QM,Quebec: Montréal (region),Quebec: Montréal (region),1KBC-CA-Q
1KBC-CA-QMM,Montreal,Montreal,1KBC-CA-QM
1KBC-CA-QN,Quebec: Abitibi-Témiscamingue,Quebec: Abitibi-Témiscamingue,1KBC-CA-Q
1KBC-CA-QP,Quebec: Côte-Nord,Quebec: Côte-Nord,1KBC-CA-Q
1KBC-CA-QPC,Mingan Archipelago,Mingan Archipelago,1KBC-CA-QP
1KBC-CA-QPD,Anticosti Island,Anticosti Island,1KBC-CA-QP
1KBC-CA-QR,Quebec: Nord-du-Québec,Quebec: Nord-du-Québec,1KBC-CA-Q
1KBC-CA-QRK,James Bay,James Bay,1KBC-CA-QR
1KBC-CA-QRN,Nunavik,Nunavik,1KBC-CA-QR
1KBC-CA-QRU,Ungava Bay,Ungava Bay,1KBC-CA-QR
1KBC-CA-QS,Quebec: Gaspésie,Quebec: Gaspésie,1KBC-CA-Q
1KBC-CA-QSJ,Chaleur Bay,Chaleur Bay,1KBC-CA-QS
1KBC-CA-QT,Quebec: Chaudière-Appalaches,Quebec: Chaudière-Appalaches,1KBC-CA-Q
1KBC-CA-QU,Quebec: Laval,Quebec: Laval,1KBC-CA-Q
1KBC-CA-QV,Quebec: Lanaudière,Quebec: Lanaudière,1KBC-CA-Q
1KBC-CA-QW,Quebec: Laurentides,Quebec: Laurentides,1KBC-CA-Q
1KBC-CA-QX,Quebec: Montérégie,Quebec: Montérégie,1KBC-CA-Q
1KBC-CA-QY,Quebec: Centre-du-Québec,Quebec: Centre-du-Québec,1KBC-CA-Q
1KBC-CA-S,Saskatchewan,Саскачеван,1KBC
1KBC-CA-SD,Northern Saskatchewan,Northern Saskatchewan,1KBC-CA-S
1KBC-CA-SG,Central Saskatchewan,Central Saskatchewan,1KBC-CA-S
1KBC-CA-SGA,Central Saskatchewan: Saskatoon,Central Saskatchewan: Saskatoon,1KBC-CA-SG
1KBC-CA-SGP,Central Saskatchewan: Prince Albert National Park,Central Saskatchewan: Prince Albert National Park,1KBC-CA-SG
1KBC-CA-SS,Southern Saskatchewan,Southern Saskatchewan,1KBC-CA-S
1KBC-CA-SSA,Southern Saskatchewan: Regina,Southern Saskatchewan: Regina,1KBC-CA-SS
1KBC-CA-SSP,Southern Saskatchewan: Grasslands National Park,Southern Saskatchewan: Grasslands National Park,1KBC-CA-SS
1KBC-CA-U,Yukon Territory,Юкон (територія),1KBC
1KBC-CA-UD,"Yukon Territory: Northern Yukon, Vuntut and Ivvavik National Parks","Yukon Territory: Northern Yukon, Vuntut and Ivvavik National Parks",1KBC-CA-U
1KBC-CA-UF,Yukon Territory: Silver Trail Region,Yukon Territory: Silver Trail Region,1KBC-CA-U
1KBC-CA-UK,Yukon Territory: Klondike Region,Yukon Territory: Klondike Region,1KBC-CA-U
1KBC-CA-UL,Yukon Territory: Kluane Region and Kluane National Park and Reserve,Yukon Territory: Kluane Region and Kluane National Park and Reserve,1KBC-CA-U
1KBC-CA-UO,Yukon Territory: Campbell and Watson Lakes Regions,Yukon Territory: Campbell and Watson Lakes Regions,1KBC-CA-U
1KBC-CA-UW,Yukon Territory: Whitehorse and Southern Lakes Regions,Yukon Territory: Whitehorse and Southern Lakes Regions,1KBC-CA-U
1KBC-CA-Z,Canada: Places of interest,Канада: визначні місця,1KBC
1KBC-CA-ZH,Hudson Bay,Гудзонова затока. Гудзонова протока,1KBC-CA-Z
1KBZ,North America: physical features,Північна Америка: фізичні особливості,1KB
1KBZA,"North America: rivers, lakes etc","Північна Америка: річки, озера, тощо",1KBZ
1KBZAA,Great Lakes,Великі озера,1KBZA
1KBZAAN,Niagara Falls,Ніаґарський водоспад,1KBZAA
1KBZAC,Colorado river and tributaries,"Колорадо, річка та її притоки",1KBZA
1KBZAG,Rio Grande and tributaries,"Ріо-Ґранде, річка та її притоки",1KBZA
1KBZAK,Mackenzie river and tributaries,"Маккензі, річка та її притоки",1KBZA
1KBZAM,Mississippi-Missouri river and tributaries,"Міссісіпі-Міссурі, річка та її притоки",1KBZA
1KBZAS,St Lawrence river and tributaries,Річка Святого Лаврентія та її притоки,1KBZA
1KBZAS-CA-L,Gulf of St Lawrence,Затока Св. Лаврентія,1KBZAS
1KBZAY,Yukon river and tributaries,"Юкон, річка та її притоки",1KBZA
1KBZA-US-H,Hudson river and tributaries,"Гудзон, річка та її притоки",1KBZA
1KBZA-US-L,Great Salt Lake,Велике Солоне озеро,1KBZA
1KBZA-US-O,Columbia river and tributaries,"Колумбія, річка та її притоки",1KBZA
1KBZA-US-P,Potomac river and Chesapeake Bay,"Потомак, річка і Чесапікська затока",1KBZA
1KBZT,"North America: mountains, hills, plains, coastlines, deserts, etc","Північна Америка: гори, пагорби, рівнини, берегові лінії (узбережжя) тощо",1KBZ
1KBZTA,Appalachian Mountains,Гори Аппалачі,1KBZT
1KBZTG,Grand Canyon,Великий каньон,1KBZT
1KBZTP,North America: Great Plains / Prairies,Північна Америка: Велика рівнина,1KBZT
1KBZTQ,Pacific Coast Ranges,Pacific Coast Ranges,1KBZT
1KBZTR,Rocky Mountains,Скелясті гори,1KBZT
1KBZTS,North American deserts,North American deserts,1KBZT
1KBZT-US-D,Denali and the Alaska Range,Деналі,1KBZT
1KJ,Caribbean islands,Країни та території Карибського моря,1K
1KJC,Cuba,Куба. Республіка Куба,1KJ
1KJC-CU-A,Cuba: Western Region,Західна Куба,1KJC
1KJC-CU-B,Cuba: Central Region,Центральна Куба,1KJC
1KJC-CU-C,Cuba: Eastern Region,Східна Куба,1KJC
1KJC-CU-D,Havana,Гавана,1KJC
1KJC-CU-V,Guantánamo,Ґуантанамо,1KJC
1KJD,Dominican Republic,Домініканська Республіка. Республіка Домінікана,1KJ
1KJD-DO-A,Norte – Cilbao,Norte – Cilbao,1KJD
1KJD-DO-B,Dominican Republic: South Region,Dominican Republic: South Region,1KJD
1KJD-DO-C,Dominican Republic: Southeast / East Region,Dominican Republic: Southeast / East Region,1KJD
1KJD-DO-D,Santo Domingo,Санто-Домігґо,1KJD
1KJH,Haiti,Гаїті,1KJ
1KJH-HT-P,Port-au-Prince,Port-au-Prince,1KJH
1KJM,Cayman Islands,Кайманові Острови,1KJ
1KJP,Puerto Rico,Пуерто-Ріко. Вільно асоційована держава Пуерто-Ріко,1KJ
1KJP-PR-C,Spanish Virgin Islands,Spanish Virgin Islands,1KJP
1KJP-PR-CC,Culebra,Culebra,1KJP-PR-C
1KJP-PR-CD,Vieques,Vieques,1KJP-PR-C
1KJP-PR-J,San Juan,Сан-Хуан,1KJP
1KJW,West Indies,Вест-Індія,1KJ
1KJWB,Bahamas,Багамські Острови. Співдружність Багамських Островів,1KJW
1KJWB-BS-A,Nassau,Нассау,1KJWB
1KJWJ,Jamaica,Ямайка,1KJW
1KJWJ-JM-B,Kingston,Кінґстон,1KJWJ
1KJWT,Turks and Caicos Islands,Острови Теркс і Кайкос,1KJW
1KJWV,Leeward Islands,Підвітряні острови,1KJW
1KJWVA,Anguilla,Ангілья,1KJWV
1KJWVB,Antigua and Barbuda,Антиґуа і Барбуда,1KJWV
1KJWVG,Guadeloupe,Ґваделупа,1KJWV
1KJWVG-FR-A,Basse Terre,Basse Terre,1KJWVG
1KJWVG-FR-B,Pointe-à-Pitre,Pointe-à-Pitre,1KJWVG
1KJWVK,Saint Kitts and Nevis,Сент-Кіттс і Невіс,1KJWV
1KJWVM,Montserrat,Монтсеррат,1KJWV
1KJWVV,Virgin Islands,Вірґінські Острови,1KJWV
1KJWVVK,Virgin Islands (UK),Британські Вірґінські Острови,1KJWVV
1KJWVVS,Virgin Islands (USA),Американські Вірґінські Острови,1KJWVV
1KJWW,Windward Islands,Навітряні острови,1KJW
1KJWWB,Barbados,Барбадос,1KJWW
1KJWWD,Dominica,Домініка. Співдружність Домініки,1KJWW
1KJWWG,Grenada,Ґренада,1KJWW
1KJWWL,Saint Lucia,Сент-Люсія,1KJWW
1KJWWM,Martinique,Мартініка,1KJWW
1KJWWM-FR-A,Fort-De-France,Фор-де-Франс,1KJWWM
1KJWWM-FR-B,La Trinité,Ла-Трініте,1KJWWM
1KJWWM-FR-C,Le Marin,Ле-Марен,1KJWWM
1KJWWM-FR-D,Saint-Pierre,Сен-П’єр,1KJWWM
1KJWWT,Trinidad and Tobago,Тринідад і Тобаґо. Республіка Тринідад і Тобаґо,1KJWW
1KJWWT-TT-P,Port of Spain,Порт-оф-Спейн,1KJWWT
1KJWWV,Saint Vincent and the Grenadines,Сент-Вінсент і Ґренадіни,1KJWW
1KJX,Lesser Antilles,Малі Антильські Острови,1KJ
1KJXA,Aruba,Аруба,1KJX
1KJXN,Dutch Caribbean,Нідерланські Каріби,1KJX
1KJX-BL-B,Saint Barthélemy,Сен-Бартелемі,1KJX
1KJX-BQ-B,Bonaire,Бонайре,1KJX
1KJX-BQ-E,Sint Eustatius,Сінт-Естатіус,1KJX
1KJX-BQ-S,Saba,Саба,1KJX
1KJX-CW-C,Curaçao,Кюрасао,1KJX
1KJX-MF-M,Saint Martin,Сен-Мартен,1KJX
1KJX-SX-M,Sint Maarten,Сінт-Мартен,1KJX
1KL,"Latin America – Mexico, Central America, South America",Латинська Америка — Мексика. Центральна Америка. Південна Америка,1K
1KLC,Mexico and Central America,Мексика і Центральна Америка,1KL
1KLCB,Belize,Беліз,1KLC
1KLCG,Guatemala,Ґватемала. Республіка Ґватемала,1KLC
1KLCG-GT-A,Guatemala department,Guatemala department,1KLCG
1KLCG-GT-AC,Guatemala City,"Ґватемала, місто",1KLCG-GT-A
1KLCG-GT-E,Guatemala: Central region,Guatemala: Central region,1KLCG
1KLCG-GT-EB,Sacatepéquez,Sacatepéquez,1KLCG-GT-E
1KLCG-GT-EBA,Antigua Guatemala,Antigua Guatemala,1KLCG-GT-EB
1KLCG-GT-F,Guatemala: South western region,Guatemala: South western region,1KLCG
1KLCG-GT-FB,Sololá,Sololá,1KLCG-GT-F
1KLCG-GT-H,Petan department,Petan department,1KLCG
1KLCG-GT-HF,Flores (El Petén),Flores (El Petén),1KLCG-GT-H
1KLCH,Honduras,Гондурас. Республіка Гондурас,1KLC
1KLCH-HN-A,Honduras: Western region,Honduras: Western region,1KLCH
1KLCH-HN-AC,Copan,Copan,1KLCH-HN-A
1KLCH-HN-C,Honduras: North Eastern Region,Honduras: North Eastern Region,1KLCH
1KLCH-HN-CJ,Bay Islands,Bay Islands,1KLCH-HN-C
1KLCH-HN-E,Honduras: Central Eastern Region,Honduras: Central Eastern Region,1KLCH
1KLCH-HN-EA,Francisco Morazán (Department),Francisco Morazán (Department),1KLCH-HN-E
1KLCH-HN-EAB,Tegucigalpa,Теґусіґальпа,1KLCH-HN-EA
1KLCM,Mexico,Мексика. Мексиканські Сполучені Штати,1KLC
1KLCM-MX-A,Northwest Mexico,Північно-Західна Мексика,1KLCM
1KLCM-MX-AA,Baja California,Baja California,1KLCM-MX-A
1KLCM-MX-AAB,Tijuana,Tijuana,1KLCM-MX-AA
1KLCM-MX-AB,Baja California Sur,Baja California Sur,1KLCM-MX-A
1KLCM-MX-ABB,Los Cabos,Los Cabos,1KLCM-MX-AB
1KLCM-MX-AC,Chihuahua,Chihuahua,1KLCM-MX-A
1KLCM-MX-AD,Durango,Durango,1KLCM-MX-A
1KLCM-MX-AE,Sinaloa,Sinaloa,1KLCM-MX-A
1KLCM-MX-AEB,Mazatlan,Масатлан,1KLCM-MX-AE
1KLCM-MX-AF,Sonora,Сонора,1KLCM-MX-A
1KLCM-MX-B,Northeast Mexico,Північно-Східна Мексика,1KLCM
1KLCM-MX-BA,Coahuila de Zaragoza,Coahuila de Zaragoza,1KLCM-MX-B
1KLCM-MX-BB,Nuevo Leon,Nuevo Leon,1KLCM-MX-B
1KLCM-MX-BC,Tamaulipas,Tamaulipas,1KLCM-MX-B
1KLCM-MX-C,West Mexico,Західна Мексика,1KLCM
1KLCM-MX-CA,Colima,Коліма,1KLCM-MX-C
1KLCM-MX-CB,Jalisco,Jalisco,1KLCM-MX-C
1KLCM-MX-CBA,Guadalajara,Guadalajara,1KLCM-MX-CB
1KLCM-MX-CBD,Puerto Vallarta,Puerto Vallarta,1KLCM-MX-CB
1KLCM-MX-CC,Michoacán de Ocampo,Мічоакан-де-Окампо,1KLCM-MX-C
1KLCM-MX-CD,Nayarit,Наяріт,1KLCM-MX-C
1KLCM-MX-D,East Mexico,Східна Мексика,1KLCM
1KLCM-MX-DA,Hidalgo,Ідальґо,1KLCM-MX-D
1KLCM-MX-DB,Puebla,Пуебла,1KLCM-MX-D
1KLCM-MX-DC,Tlaxcala,Тласкала,1KLCM-MX-D
1KLCM-MX-DD,Veracruz,Веракрус,1KLCM-MX-D
1KLCM-MX-E,North-Central Mexico,Північно-Центральна Мексика,1KLCM
1KLCM-MX-EA,Aguascalientes,Аґуаскальєнтес,1KLCM-MX-E
1KLCM-MX-EB,Guanajuato,Ґуанахуато,1KLCM-MX-E
1KLCM-MX-EBB,San Miguel de Allende,San Miguel de Allende,1KLCM-MX-EB
1KLCM-MX-EC,Queretaro,Керетаро,1KLCM-MX-E
1KLCM-MX-ED,San Luis Potosi,Сан-Луіс-Потосі,1KLCM-MX-E
1KLCM-MX-EE,Zacatecas,Сакатекас,1KLCM-MX-E
1KLCM-MX-F,South-Central Mexico,Південно-Центральна Мексика,1KLCM
1KLCM-MX-FA,Mexico City,"Мехіко, місто",1KLCM-MX-F
1KLCM-MX-FB,Mexico State,Мехіко (штат),1KLCM-MX-F
1KLCM-MX-FBM,Teotihuacan,Теотіуакан,1KLCM-MX-FB
1KLCM-MX-FC,Morelos,Морелос,1KLCM-MX-F
1KLCM-MX-G,Southwest Mexico,Південно-Західна Мексика,1KLCM
1KLCM-MX-GA,Chiapas,Чіапас,1KLCM-MX-G
1KLCM-MX-GB,Guerrero,Ґерреро,1KLCM-MX-G
1KLCM-MX-GBB,Acapulco,Акапулько,1KLCM-MX-GB
1KLCM-MX-GBE,Ixtapa-Zihuatanejo,Ixtapa-Zihuatanejo,1KLCM-MX-GB
1KLCM-MX-GC,Oaxaca,Oaxaca,1KLCM-MX-G
1KLCM-MX-GCA,Oaxaca de Juarez,Oaxaca de Juarez,1KLCM-MX-GC
1KLCM-MX-H,Southeast Mexico,Південно-Східна Мексика,1KLCM
1KLCM-MX-HA,Campeche,Кампече,1KLCM-MX-H
1KLCM-MX-HB,Quintana Roo,Кінтана-Роо,1KLCM-MX-H
1KLCM-MX-HBB,Cancun,Cancun,1KLCM-MX-HB
1KLCM-MX-HBC,Cozumel,Cozumel,1KLCM-MX-HB
1KLCM-MX-HBD,Playa del Carmen,Playa del Carmen,1KLCM-MX-HB
1KLCM-MX-HBM,Tulum,Tulum,1KLCM-MX-HB
1KLCM-MX-HBN,Riviera Maya,Riviera Maya,1KLCM-MX-HB
1KLCM-MX-HC,Tabasco,Табаско,1KLCM-MX-H
1KLCM-MX-HD,Yucatán,Юкатан,1KLCM-MX-H
1KLCM-MX-HDA,Merida,Меріда,1KLCM-MX-HD
1KLCM-MX-HDM,Chichen Itza,Chichen Itza,1KLCM-MX-HD
1KLCM-MX-HX,Southeast Mexico: Places of interest,Південно-Східна Мексика: визначні місця,1KLCM-MX-H
1KLCM-MX-HXP,Yucatan Peninsula,Півострів Юкатан,1KLCM-MX-HX
1KLCM-MX-Z,Mexico: places of interest,Мексика: визначні місця,1KLCM
1KLCM-MX-ZC,Gulf of California / Sea of Cortes,Каліфорнійська затока / Море Кортес,1KLCM-MX-Z
1KLCM-MX-ZD,Trans-Mexican Volcanic Belt,Trans-Mexican Volcanic Belt,1KLCM-MX-Z
1KLCM-MX-ZF,Sierra Madre del Sur,Sierra Madre del Sur,1KLCM-MX-Z
1KLCM-MX-ZG,Sierra Madre Oriental,Sierra Madre Oriental,1KLCM-MX-Z
1KLCM-MX-ZH,Sierra Madre Occidental,Sierra Madre Occidental,1KLCM-MX-Z
1KLCM-MX-ZJ,Mexican Altiplano / Central Mexican Plateau,Mexican Altiplano / Central Mexican Plateau,1KLCM-MX-Z
1KLCN,Nicaragua,Нікараґуа. Республіка Нікараґуа,1KLC
1KLCN-NI-A,Nicaragua: Pacific Region,Nicaragua: Pacific Region,1KLCN
1KLCN-NI-B,Nicaragua: Central Region,Nicaragua: Central Region,1KLCN
1KLCN-NI-C,Nicaragua: Caribbean Region,Nicaragua: Caribbean Region,1KLCN
1KLCN-NI-M,Managua,Манаґуа,1KLCN
1KLCP,Panama,Панама. Республіка Панама,1KLC
1KLCP-PA-A,Panamá,Панамá,1KLCP
1KLCP-PA-C,Colón,Колон,1KLCP
1KLCP-PA-D,Darien,Дар’єн,1KLCP
1KLCR,Costa Rica,Коста-Рика. Республіка Коста-Рика,1KLC
1KLCR-CR-A,San José,Сан-Хосе (Коста-Рика),1KLCR
1KLCS,El Salvador,Сальвадор. Республіка Ель-Сальвадор,1KLC
1KLCS-SV-A,El Salvador: Western,El Salvador: Western,1KLCS
1KLCS-SV-B,El Salvador: Central,El Salvador: Central,1KLCS
1KLCS-SV-BA,San Salvador,Сан-Сальвадор,1KLCS-SV-B
1KLCS-SV-C,El Salvador: Eastern,El Salvador: Eastern,1KLCS
1KLS,South America,Південна Америка,1KL
1KLSA,Argentina,Аргентина. Аргентинська Республіка,1KLS
1KLSA-AR-A,Northwest Argentina (NOA),Northwest Argentina (NOA),1KLSA
1KLSA-AR-AA,Catamarca,Catamarca,1KLSA-AR-A
1KLSA-AR-AB,Jujuy,Jujuy,1KLSA-AR-A
1KLSA-AR-AC,La Rioja,La Rioja,1KLSA-AR-A
1KLSA-AR-AD,Salta,Salta,1KLSA-AR-A
1KLSA-AR-AE,Santiago del Estero,Santiago del Estero,1KLSA-AR-A
1KLSA-AR-AF,Tucuman,Tucuman,1KLSA-AR-A
1KLSA-AR-B,Northeast Argentina (NEA),Northeast Argentina (NEA),1KLSA
1KLSA-AR-BA,Corrientes,Corrientes,1KLSA-AR-B
1KLSA-AR-BB,Chaco,Chaco,1KLSA-AR-B
1KLSA-AR-BC,Formosa (AR),Формоса,1KLSA-AR-B
1KLSA-AR-BD,Misiones,Misiones,1KLSA-AR-B
1KLSA-AR-C,Cuyo,Куйо,1KLSA
1KLSA-AR-CA,Mendoza,Мендоса (Мендоза),1KLSA-AR-C
1KLSA-AR-CAM,Aconcagua,Aconcagua,1KLSA-AR-CA
1KLSA-AR-CB,San Juan (AR),San Juan (AR),1KLSA-AR-C
1KLSA-AR-CC,San Luis (AR),San Luis (AR),1KLSA-AR-C
1KLSA-AR-D,Centro,Centro,1KLSA
1KLSA-AR-DA,Buenos Aires,Буенос-Айрес,1KLSA-AR-D
1KLSA-AR-DB,Córdoba (AR),Córdoba (AR),1KLSA-AR-D
1KLSA-AR-DC,Entre Rios (Mesopotamia),Entre Rios (Mesopotamia),1KLSA-AR-D
1KLSA-AR-DD,La Pampa,La Pampa,1KLSA-AR-D
1KLSA-AR-DE,Santa Fe (AR),Санта-Фе (Аргентина),1KLSA-AR-D
1KLSA-AR-E,Patagonia,Патаґонія,1KLSA
1KLSA-AR-EA,Chubut,Chubut,1KLSA-AR-E
1KLSA-AR-EB,Neuquén,Neuquén,1KLSA-AR-E
1KLSA-AR-EC,Rio Negro (AR),Ріо-Неґро,1KLSA-AR-E
1KLSA-AR-ED,Santa Cruz (AR),Santa Cruz (AR),1KLSA-AR-E
1KLSA-AR-EDM,Parque Nacional de los Glaciares,Parque Nacional de los Glaciares,1KLSA-AR-ED
1KLSA-AR-EE,Tierra del Fuego,Tierra del Fuego,1KLSA-AR-E
1KLSA-AR-EEA,Ushuaia,Ушуая,1KLSA-AR-EE
1KLSB,Brazil,Бразілія. Федеративна Республіка Бразілія,1KLS
1KLSB-BR-A,Brazil: North Region,Brazil: North Region,1KLSB
1KLSB-BR-AA,Acre (state),Acre (state),1KLSB-BR-A
1KLSB-BR-AB,Amapa,Amapa,1KLSB-BR-A
1KLSB-BR-AC,Amazonas (state),Amazonas (state),1KLSB-BR-A
1KLSB-BR-AD,Para,Para,1KLSB-BR-A
1KLSB-BR-AE,Rondônia,Rondônia,1KLSB-BR-A
1KLSB-BR-AF,Roraima,Roraima,1KLSB-BR-A
1KLSB-BR-AG,Tocantins,Tocantins,1KLSB-BR-A
1KLSB-BR-B,Brazil: Northeast Region,Brazil: Northeast Region,1KLSB
1KLSB-BR-BA,Alagoas,Alagoas,1KLSB-BR-B
1KLSB-BR-BB,Bahia,Bahia,1KLSB-BR-B
1KLSB-BR-BBB,Salvador de Bahia,Salvador de Bahia,1KLSB-BR-BB
1KLSB-BR-BC,Ceara,Ceara,1KLSB-BR-B
1KLSB-BR-BD,Maranhão,Maranhão,1KLSB-BR-B
1KLSB-BR-BE,Paraíba,Paraíba,1KLSB-BR-B
1KLSB-BR-BF,Pernambuco,Pernambuco,1KLSB-BR-B
1KLSB-BR-BFB,Recife,Recife,1KLSB-BR-BF
1KLSB-BR-BG,Piaui,Piaui,1KLSB-BR-B
1KLSB-BR-BH,Rio Grande do Norte,Rio Grande do Norte,1KLSB-BR-B
1KLSB-BR-BJ,Sergipe,Sergipe,1KLSB-BR-B
1KLSB-BR-C,Brazil: Central-West Region,Brazil: Central-West Region,1KLSB
1KLSB-BR-CA,Distrito Federal,Distrito Federal,1KLSB-BR-C
1KLSB-BR-CAB,Brasilia,Бразіліа,1KLSB-BR-CA
1KLSB-BR-CB,Goias,Goias,1KLSB-BR-C
1KLSB-BR-CC,Mato Grosso,Mato Grosso,1KLSB-BR-C
1KLSB-BR-CD,Mato Grosso do Sul,Mato Grosso do Sul,1KLSB-BR-C
1KLSB-BR-CZ,Brazil: Central-West Region: places of interest,Бразілія: Центрально-Західний регіон : визначні місця,1KLSB-BR-C
1KLSB-BR-CZP,Pantanal,Pantanal,1KLSB-BR-CZ
1KLSB-BR-D,Brazil: Southeast Region,Бразілія: Південно-Східний регіон,1KLSB
1KLSB-BR-DA,Espirito Santo,Espirito Santo,1KLSB-BR-D
1KLSB-BR-DB,Minas Gerais,Minas Gerais,1KLSB-BR-D
1KLSB-BR-DC,Rio de Janeiro (State),Ріо-де-Жанейро,1KLSB-BR-D
1KLSB-BR-DCA,Rio de Janeiro,"Ріо-де-Жанейро, місто",1KLSB-BR-DC
1KLSB-BR-DD,São Paulo,São Paulo,1KLSB-BR-D
1KLSB-BR-E,Brazil: South Region,Бразілія: Південний регіон,1KLSB
1KLSB-BR-EA,Parana,Parana,1KLSB-BR-E
1KLSB-BR-EB,Santa Catarina,Santa Catarina,1KLSB-BR-E
1KLSB-BR-EC,Rio Grande do Sul,Rio Grande do Sul,1KLSB-BR-E
1KLSC,Colombia,Колумбія. Республіка Колумбія,1KLS
1KLSC-CO-A,Colombia: Amazonian Region,Регіон Амазонки в Колумбії,1KLSC
1KLSC-CO-B,Colombia: Andean Region,Андський регіон Колумбії,1KLSC
1KLSC-CO-BA,Antioquia,Antioquia,1KLSC-CO-B
1KLSC-CO-BAA,Medellin,Medellin,1KLSC-CO-BA
1KLSC-CO-BB,Boyaca,Boyaca,1KLSC-CO-B
1KLSC-CO-BD,Cundinamarca,Кундінамарка,1KLSC-CO-B
1KLSC-CO-BDA,Bogota,Боґота,1KLSC-CO-BD
1KLSC-CO-BF,Norte de Santander,Norte de Santander,1KLSC-CO-B
1KLSC-CO-BJ,Santander (department),Santander (department),1KLSC-CO-B
1KLSC-CO-C,Colombia: Caribbean Region,Атлантичний (Карибський) регіон Колумбії,1KLSC
1KLSC-CO-CB,Bolivar (department),Bolivar (department),1KLSC-CO-C
1KLSC-CO-CBA,Cartagena,Cartagena,1KLSC-CO-CB
1KLSC-CO-CG,"San Andres, Providencia and Santa Catalina","San Andres, Providencia and Santa Catalina",1KLSC-CO-C
1KLSC-CO-D,Colombia: Orinoco Region,Регіон Оріноко у Колумбії,1KLSC
1KLSC-CO-E,Colombia: Pacific Region,Тихоокеанський регіон Колумбії,1KLSC
1KLSC-CO-ED,Valle del Cauca,Valle del Cauca,1KLSC-CO-E
1KLSC-CO-EDA,Cali,Cali,1KLSC-CO-ED
1KLSE,Ecuador,Еквадор. Республіка Еквадор,1KLS
1KLSE-EC-A,Ecuador: Coastal region,Ecuador: Coastal region,1KLSE
1KLSE-EC-B,Ecuador: Andean region,Ecuador: Andean region,1KLSE
1KLSE-EC-BA,Azuay,Azuay,1KLSE-EC-B
1KLSE-EC-BAA,Cuenca,Cuenca,1KLSE-EC-BA
1KLSE-EC-BE,Chimborazo,Chimborazo,1KLSE-EC-B
1KLSE-EC-BF,Cotopaxi,Cotopaxi,1KLSE-EC-B
1KLSE-EC-BJ,Pichincha,Pichincha,1KLSE-EC-B
1KLSE-EC-BJA,Quito,Кіто,1KLSE-EC-BJ
1KLSE-EC-C,Ecuador: Amazonian region,Ecuador: Amazonian region,1KLSE
1KLSF,French Guiana,Французька Ґвіана. Ґвіана (регіон і департамент) (Франція),1KLS
1KLSF-FR-A,Cayenne,Каєнна,1KLSF
1KLSF-FR-B,Saint-Laurent-du-Maroni,Сен-Лорен-дю-Мароні,1KLSF
1KLSG,Guyana,Ґайана. Кооперативна Республіка Ґайана,1KLS
1KLSG-GY-G,Georgetown,Джорджтаун,1KLSG
1KLSH,Chile,Чілі. Республіка Чілі,1KLS
1KLSH-CL-A,Norte Grande,Norte Grande,1KLSH
1KLSH-CL-B,Norte Chico,Norte Chico,1KLSH
1KLSH-CL-C,Chile: Zona Central,Chile: Zona Central,1KLSH
1KLSH-CL-CD,Santiago Metropolitan Region,Столичний регіон Сантьяґо,1KLSH-CL-C
1KLSH-CL-CV,Valparaíso,Valparaíso,1KLSH-CL-C
1KLSH-CL-D,Zona Sur,Zona Sur,1KLSH
1KLSH-CL-DA,Biobío Region,Biobío Region,1KLSH-CL-D
1KLSH-CL-DAA,Concepción,Concepción,1KLSH-CL-DA
1KLSH-CL-DC,Los Ríos Region,Los Ríos Region,1KLSH-CL-D
1KLSH-CL-DCA,Valdivia,Valdivia,1KLSH-CL-DC
1KLSH-CL-DD,Los Lagos Region,Los Lagos Region,1KLSH-CL-D
1KLSH-CL-DDA,Chiloé Archipelago,Chiloé Archipelago,1KLSH-CL-DD
1KLSH-CL-E,Zona Austral,Zona Austral,1KLSH
1KLSH-CL-EA,Magallanes and Chilean Antarctica Region,Magallanes and Chilean Antarctica Region,1KLSH-CL-E
1KLSL,Bolivia,Болівія. Багатонаціона́льна Держа́ва Болі́вія,1KLS
1KLSL-BO-A,Pando,Pando,1KLSL
1KLSL-BO-B,La Paz,Ла-Пас,1KLSL
1KLSL-BO-C,Beni,Beni,1KLSL
1KLSL-BO-D,Oruro,Oruro,1KLSL
1KLSL-BO-E,Cochabamba,Cochabamba,1KLSL
1KLSL-BO-F,Santa Cruz,Santa Cruz,1KLSL
1KLSL-BO-G,Potosi,Potosi,1KLSL
1KLSL-BO-H,Chuquisaca,Chuquisaca,1KLSL
1KLSL-BO-HA,Sucre,Sucre,1KLSL-BO-H
1KLSL-BO-J,Tarija,Tarija,1KLSL
1KLSP,Paraguay,Параґвай. Республіка Параґвай,1KLS
1KLSP-PY-A,Asunción,Асунсьйон,1KLSP
1KLSP-PY-B,Paraguay: Western Region,Paraguay: Western Region,1KLSP
1KLSP-PY-C,Paraguay: Eastern Region,Paraguay: Eastern Region,1KLSP
1KLSR,Peru,Перу. Республіка Перу,1KLS
1KLSR-PE-A,Peru: Amazon Region,Peru: Amazon Region,1KLSR
1KLSR-PE-AA,Amazonas region,Amazonas region,1KLSR-PE-A
1KLSR-PE-AAB,Chachapoyas,Chachapoyas,1KLSR-PE-AA
1KLSR-PE-AC,Madre de Dios region,Madre de Dios region,1KLSR-PE-A
1KLSR-PE-ACT,Tambopata,Tambopata,1KLSR-PE-AC
1KLSR-PE-B,Peru: Andean Region,Peru: Andean Region,1KLSR
1KLSR-PE-BD,Cusco region,Cusco region,1KLSR-PE-B
1KLSR-PE-BDC,Cusco / Cuzco,Cusco / Cuzco,1KLSR-PE-BD
1KLSR-PE-BDD,La Convención,La Convención,1KLSR-PE-BD
1KLSR-PE-BDM,Machu Picchu,Machu Picchu,1KLSR-PE-BD
1KLSR-PE-BDV,Ausangate and the Cordillera Vilcanota,Ausangate and the Cordillera Vilcanota,1KLSR-PE-BD
1KLSR-PE-C,Peru: Northern coastal region,Peru: Northern coastal region,1KLSR
1KLSR-PE-D,Peru: Central coastal region,Peru: Central coastal region,1KLSR
1KLSR-PE-DA,Ancash region,Ancash region,1KLSR-PE-D
1KLSR-PE-DAB,Huaraz,Huaraz,1KLSR-PE-DA
1KLSR-PE-DAS,Cordillera Blanca and Huascaran National Park,Cordillera Blanca and Huascaran National Park,1KLSR-PE-DA
1KLSR-PE-DAY,Yerupaja and Huayhuash,Yerupaja and Huayhuash,1KLSR-PE-DA
1KLSR-PE-DC,La Libertad region,La Libertad region,1KLSR-PE-D
1KLSR-PE-DD,Lima region,Ліма (департамент),1KLSR-PE-D
1KLSR-PE-DDL,Lima,Ліма,1KLSR-PE-DD
1KLSR-PE-E,Peru: Southern coastal region,Peru: Southern coastal region,1KLSR
1KLSR-PE-EA,Arequipa region,Arequipa region,1KLSR-PE-E
1KLSR-PE-EB,Ica region,Ica region,1KLSR-PE-E
1KLSR-PE-EBN,Nazca,Nazca,1KLSR-PE-EB
1KLSS,Suriname,Сурінам. Республіка Сурінам,1KLS
1KLSS-SR-P,Paramaribo,Парамарібо,1KLSS
1KLSU,Uruguay,Уругвай. Східна Республіка Уругвай,1KLS
1KLSU-UY-A,Uruguay: North,Uruguay: North,1KLSU
1KLSU-UY-B,Uruguay: North West,Uruguay: North West,1KLSU
1KLSU-UY-C,Uruguay: South West,Uruguay: South West,1KLSU
1KLSU-UY-D,Uruguay: East,Uruguay: East,1KLSU
1KLSU-UY-E,Uruguay: Southern central,Uruguay: Southern central,1KLSU
1KLSU-UY-EF,Montevideo,Монтевідео,1KLSU-UY-E
1KLSV,Venezuela,Венесуела. Боліварська Республіка Венесуела,1KLS
1KLSV-VE-A,Venezuela: Andes Region,Venezuela: Andes Region,1KLSV
1KLSV-VE-AA,Mérida (Venezuela),Mérida (Venezuela),1KLSV-VE-A
1KLSV-VE-B,Venezuela: Central Region,Центральна Венесуела,1KLSV
1KLSV-VE-C,Capital Region and Caracas,Столичний округ і Каракас,1KLSV
1KLSV-VE-D,Venezuela: Guayana Region,Venezuela: Guayana Region,1KLSV
1KLSV-VE-E,Venezuela: Insular Region,Venezuela: Insular Region,1KLSV
1KLSV-VE-EA,Margarita Island,Margarita Island,1KLSV-VE-E
1KLSV-VE-F,Los Llanos Region,Los Llanos Region,1KLSV
1KLSV-VE-G,Venezuela: Northeast Region,Venezuela: Northeast Region,1KLSV
1KLSV-VE-H,Venezuela: Central-western Region,Venezuela: Central-western Region,1KLSV
1KLSV-VE-J,Zuliana Region,Zuliana Region,1KLSV
1KLZ,South and Central America: physical features,Південна і Центральна Америка: фізичні особливості,1KL
1KLZA,"South and Central America: rivers, lakes etc","Південна і Центральна Америка: річки, озера, тощо",1KLZ
1KLZAA,Amazon river and tributaries,"Амазонка, річка та її притоки",1KLZA
1KLZAC,Panama canal,Панамський канал,1KLZA
1KLZAO,Orinoco River,"Оріноко, річка",1KLZA
1KLZAP,Paraná-Río de la Plata and tributaries,"Ріо Парана і Ла-Плата, річки та їх притоки",1KLZA
1KLZAPF,Iguazu Falls and river,"Іґуасу, водоспад і річка",1KLZAP
1KLZAT,Lake Titicaca,"Тітікака, озеро",1KLZA
1KLZT,"South and Central America: mountains, hills, plains, coastlines etc","Південна і Центральна Америка: гори, пагорби, рівнини, берегові лінії (узбережжя) тощо",1KLZ
1KLZTA,Andes mountains,Анди,1KLZT
1KLZTAB,Altiplano / Andean plateau,Altiplano / Andean plateau,1KLZTA
1KLZTG,Galapagos Islands,Острови Ґалапаґос,1KLZT
1KLZTM,Sierra Madre mountains (Sierra Madre de Chiapas),"Сьєрра-Мадре, гори",1KLZT
1M,"Australasia, Oceania, Pacific Islands, Atlantic Islands","Австралазія, Океанія, Острови Тихого та Атлантичного океанів",1
1MB,Australia and New Zealand / Aotearoa,Австралазія,1M
1MBF,Australia,Австралія. Австралійський Союз,1MB
1MBF-AU-C,Australian Capital Territory (ACT),Територія столиці Австралії,1MBF
1MBF-AU-CA,Canberra,Канберра,1MBF-AU-C
1MBF-AU-N,New South Wales,Новий Південний Уельс,1MBF
1MBF-AU-NB,Blue Mountains,Blue Mountains,1MBF-AU-N
1MBF-AU-ND,Hunter Valley,Hunter Valley,1MBF-AU-N
1MBF-AU-NF,Lord Howe Island,Lord Howe Island,1MBF-AU-N
1MBF-AU-NH,South Coast,South Coast,1MBF-AU-N
1MBF-AU-NJ,Central Coast,Central Coast,1MBF-AU-N
1MBF-AU-NL,North Coast,North Coast,1MBF-AU-N
1MBF-AU-NS,Sydney,Сідней,1MBF-AU-N
1MBF-AU-Q,Queensland,Квінсленд,1MBF
1MBF-AU-QB,Brisbane,Брисбен,1MBF-AU-Q
1MBF-AU-QC,Cairns,Cairns,1MBF-AU-Q
1MBF-AU-QE,Gold Coast,Gold Coast,1MBF-AU-Q
1MBF-AU-QH,K‘gari,K‘gari,1MBF-AU-Q
1MBF-AU-QK,Central Queensland,Central Queensland,1MBF-AU-Q
1MBF-AU-QM,North and Far North Queensland,North and Far North Queensland,1MBF-AU-Q
1MBF-AU-QP,Daintree Rainforest,Daintree Rainforest,1MBF-AU-Q
1MBF-AU-QR,South East Queensland,South East Queensland,1MBF-AU-Q
1MBF-AU-QT,Central and South West Queensland,Central and South West Queensland,1MBF-AU-Q
1MBF-AU-QW,Torres Strait Islands,Torres Strait Islands,1MBF-AU-Q
1MBF-AU-S,South Australia,Південна Австралія,1MBF
1MBF-AU-SA,Adelaide,Аделаїда,1MBF-AU-S
1MBF-AU-SD,Barossa Valley,Barossa Valley,1MBF-AU-S
1MBF-AU-SF,Eyre Peninsula,Eyre Peninsula,1MBF-AU-S
1MBF-AU-SH,Flinders Ranges,Flinders Ranges,1MBF-AU-S
1MBF-AU-SJ,Kangaroo Island,Kangaroo Island,1MBF-AU-S
1MBF-AU-SL,Coober Pedy,Coober Pedy,1MBF-AU-S
1MBF-AU-T,Tasmania,Тасманія,1MBF
1MBF-AU-TB,Launceston,Launceston,1MBF-AU-T
1MBF-AU-TD,Cradle Mountain,Cradle Mountain,1MBF-AU-T
1MBF-AU-TF,Port Arthur,Port Arthur,1MBF-AU-T
1MBF-AU-TH,Hobart,Хобарт,1MBF-AU-T
1MBF-AU-V,Victoria,Вікторія,1MBF
1MBF-AU-VB,Great Ocean Road,Great Ocean Road,1MBF-AU-V
1MBF-AU-VD,Yarra Valley,Yarra Valley,1MBF-AU-V
1MBF-AU-VF,Gippsland,Gippsland,1MBF-AU-V
1MBF-AU-VH,Grampians,Grampians,1MBF-AU-V
1MBF-AU-VJ,The Mallee,The Mallee,1MBF-AU-V
1MBF-AU-VM,Melbourne,Мельбурн,1MBF-AU-V
1MBF-AU-W,Western Australia,Західна Австралія,1MBF
1MBF-AU-WB,Margaret River,Margaret River,1MBF-AU-W
1MBF-AU-WD,Kimberley Region,Kimberley Region,1MBF-AU-W
1MBF-AU-WF,Fremantle,Fremantle,1MBF-AU-W
1MBF-AU-WP,Perth,Перт,1MBF-AU-W
1MBF-AU-X,Northern Territory,Північна територія,1MBF
1MBF-AU-XB,Uluru,Uluru,1MBF-AU-X
1MBF-AU-XD,Darwin,Дарвін,1MBF-AU-X
1MBF-AU-XF,Kakadu National Park,Kakadu National Park,1MBF-AU-X
1MBF-AU-XG,Arnhem Land,Arnhem Land,1MBF-AU-X
1MBF-AU-XJ,Top End,Top End,1MBF-AU-X
1MBF-AU-XL,Alice Springs and Central Australia,Alice Springs and Central Australia,1MBF-AU-X
1MBF-AU-XN,Tiwi Islands,Tiwi Islands,1MBF-AU-X
1MBF-AU-Y,Australia: external territories,Australia: external territories,1MBF
1MBF-AU-YB,Norfolk Island,Norfolk Island,1MBF-AU-Y
1MBN,New Zealand / Aotearoa,Нова Зеландія,1MB
1MBN-NZ-D,North Island / Te Ika-a-Māui,North Island / Te Ika-a-Māui,1MBN
1MBN-NZ-DA,Northland / Te Tai Tokerau,Northland / Te Tai Tokerau,1MBN-NZ-D
1MBN-NZ-DB,Auckland / Tāmaki-makau-rau,Auckland / Tāmaki-makau-rau,1MBN-NZ-D
1MBN-NZ-DC,Waikato,Waikato,1MBN-NZ-D
1MBN-NZ-DD,Bay of Plenty / Te Moana-a-Toitehuatahi,Bay of Plenty / Te Moana-a-Toitehuatahi,1MBN-NZ-D
1MBN-NZ-DE,Gisborne / Tūranga-nui-a-Kiwa,Gisborne / Tūranga-nui-a-Kiwa,1MBN-NZ-D
1MBN-NZ-DF,Hawke‘s Bay / Te Matau-a-Māui,Hawke‘s Bay / Te Matau-a-Māui,1MBN-NZ-D
1MBN-NZ-DG,Taranaki,Taranaki,1MBN-NZ-D
1MBN-NZ-DH,Manawatu-Whanganui,Manawatu-Whanganui,1MBN-NZ-D
1MBN-NZ-DJ,Wellington / Te Whanganui-a-Tara,Wellington / Te Whanganui-a-Tara,1MBN-NZ-D
1MBN-NZ-G,South Island / Te Waipounamu,South Island / Te Waipounamu,1MBN
1MBN-NZ-GA,Tasman / Te Tai o Aorere,Tasman / Te Tai o Aorere,1MBN-NZ-G
1MBN-NZ-GB,Nelson / Whakatū,Nelson / Whakatū,1MBN-NZ-G
1MBN-NZ-GC,Marlborough / Te Tauihu-o-te-waka,Marlborough / Te Tauihu-o-te-waka,1MBN-NZ-G
1MBN-NZ-GD,West Coast / Te Tai Poutini,West Coast / Te Tai Poutini,1MBN-NZ-G
1MBN-NZ-GE,Canterbury / Waitaha,Canterbury / Waitaha,1MBN-NZ-G
1MBN-NZ-GF,Otago / Ōtākou,Otago / Ōtākou,1MBN-NZ-G
1MBN-NZ-GG,Southland / Murihiku,Southland / Murihiku,1MBN-NZ-G
1MBN-NZ-GP,Southern Alps / Kā Tiritiri o te Moana,Southern Alps / Kā Tiritiri o te Moana,1MBN-NZ-G
1MBZ,Australia: physical features,Австралазія: фізичні особливості,1MB
1MBZA,"Australia: rivers, lakes, and other bodies of water etc","Австралазія: річки, озера, тощо",1MBZ
1MBZAD,Murray-Darling river and tributaries,"Муррей-Дарлінґ, річки та їх притоки",1MBZA
1MBZT,"Australia mountains, hills, plains, coastlines, deserts etc","Австралазія: гори, пагорби, рівнини, берегові лінії (узбережжя) тощо",1MBZ
1MBZTB,Great Dividing Range mountains,Великий Вододільний хребет,1MBZT
1MBZTD,Great Barrier Reef,Великий Бар’єрний риф,1MBZT
1MBZTU,The Australian Outback,Улуру і Аутбек,1MBZT
1MK,Oceania / Pacific Islands,Океанія,1M
1MKC,Micronesia,Країни та регіони Мікронезії,1MK
1MKCB,Palau,Палау. Республіка Палау (Белау) (США),1MKC
1MKCC,Caroline Islands,Каролінські острови,1MKC
1MKCF,Federated States of Micronesia,Федеративні Штати Мікронезії,1MKC
1MKCG,Gilbert Islands,Ґілберта острови,1MKC
1MKCM,Marshall Islands,Маршаллові Острови. Республіка Маршаллові Острови,1MKC
1MKCN,Nauru,Науру. Республіка Науру,1MKC
1MKCU,Guam,Острів Гуам (США),1MKC
1MKCV,Northern Marianas,Північні Маріанські Острови. Співдружність Північних Маріанських Островів (США),1MKC
1MKL,Melanesia,Країни та регіони Меланезії,1MK
1MKLF,Fiji,Фіджі. Республіка Фіджі,1MKL
1MKLN,New Caledonia,Нова Каледонія (особлива заморська територія) (Франція),1MKL
1MKLN-FR-N,Nouméa,Нумеа,1MKLN
1MKLP,New Guinea,"Нова Ґвінея, острів",1MKL
1MKLPN,Papua New Guinea,Папуа-Нова Ґвінея. Незалежна Держава Папуа-Нова Ґвінея,1MKLP
1MKLS,Solomon Islands,Соломонові Острови,1MKL
1MKLV,Vanuatu,Вануату. Республіка Вануату,1MKL
1MKP,Polynesia,Країни та території Полінезії,1MK
1MKPC,Cook Islands,Острови Кука (Нова Зеландія),1MKP
1MKPCR,Raratonga,Раротонґа,1MKPC
1MKPE,Easter Island,Острів Пасхи,1MKP
1MKPF,French Polynesia,Французька Полінезія. Територія Французької Полінезії (Франція),1MKP
1MKPFT,Tahiti,Таїті,1MKPF
1MKPFT-FR-P,Papeete,Papeete,1MKPFT
1MKPH,Hawaiian Islands,Гавайські острови,1MKP
1MKPK,Kiribati,Кірібаті. Республіка Кірібаті,1MKP
1MKPN,Niue,Ніуе (Нова Зеландія),1MKP
1MKPP,Pitcairn Island,Острови Піткерн,1MKP
1MKPR,Samoan Islands,Самоа. Незалежна Держава Самоа,1MKP
1MKPRA,American Samoa,Американське Самоа (США),1MKPR
1MKPRW,Western Samoa,Західний Самоа (раніше Незалежна Держава Західний Самоа),1MKPR
1MKPT,Tonga,Тонґа. Королівство Тонґа,1MKP
1MKPU,Tokelau,Острови Токелау (Нова Зеландія),1MKP
1MKPV,Tuvalu,Тувалу,1MKP
1MKPW,Wallis and Futuna,Острови Уолліс і Футуна. Територія Уоллісу та Футуни (Франція),1MKP
1MKPW-FR-M,Mata-Utu,Mata-Utu,1MKPW
1MT,Atlantic Ocean islands / Polar regions,Острови Атлантичного океану / Полярні регіони,1M
1MTA,Atlantic Ocean islands,Острови Атлантичного океану,1MT
1MTAN,North Atlantic islands,Пінвічні Атлантичні острови,1MTA
1MTANB,Bermuda,Бермуди / Бермудські Острови (СК),1MTAN
1MTANC,The Canary Islands,Канарські острови,1MTAN
1MTANM,Madeira,Мадейра (острів),1MTAN
1MTANZ,Azores,Азорські острови,1MTAN
1MTAN-FR-P,Saint Pierre and Miquelon,Сен-П’єр і Мікелон,1MTAN
1MTAS,South Atlantic islands,Південні Атлантичні острови,1MTA
1MTASC,Ascension Island,Острів Вознесіння,1MTAS
1MTASF,Falklands,Фолклендські (Мальвінські) острови,1MTAS
1MTASG,South Georgia,Острів Південна Джорджія,1MTAS
1MTASH,Saint Helena,Острів Святої Єлени,1MTAS
1MTAST,Tristan da Cunha,Тристан-да-Кунья,1MTAS
1MTN,Arctic regions,Арктичні регіони,1MT
1MTNG,Greenland,Ґренландія (Королівство Данія),1MTN
1MTNG-GL-A,Northeast Greenland National park,Північно-Східний Ґренландський Національний парк,1MTNG
1MTNG-GL-D,Kommune Kujalleq,Куяллек (муніципалітет),1MTNG
1MTNG-GL-G,Kommuneqarfik Sermersooq,Сермерсок (муніципалітет),1MTNG
1MTNG-GL-GN,Nuuk,Нуук (Ґотґоб),1MTNG-GL-G
1MTNG-GL-J,Qeqqata Kommunia,Кекката (муніципалітет),1MTNG
1MTNG-GL-JK,Kangerlussuaq (Søndre Strømfjord),Kangerlussuaq (Søndre Strømfjord),1MTNG-GL-J
1MTNG-GL-M,Avannaata Kommunia,Касуітсуп (муніципалітет),1MTNG
1MTNG-GL-MP,Thule Air Base (Pituffik),Thule Air Base (Pituffik),1MTNG-GL-M
1MTNG-GL-N,Kommune Qeqertalik,Kommune Qeqertalik,1MTNG
1MTN-NO-J,Jan Mayen,Ян-Майен (острів),1MTN
1MTN-NO-S,Svalbard,Шпіцберґен/Свалбард (архіпелаг),1MTN
1MTS,Antarctica,Антарктида (материк),1MT
1Q,"Other geographical groupings: Oceans and seas, historical, political etc","Інші географічні групи: Океани та моря; історичні, політичні угрупування тощо",1
1QB,"Historical states, empires, territories and regions","Історичні держави, імперії та регіони",1Q
1QBA,Ancient World,Стародавній світ,1QB
1QBAA,Assyrian Empires,Ассирія. Ашшур. Ніневія,1QBA
1QBAB,Babylonia,Вавилонія,1QBA
1QBAE,Ancient Egypt,Стародавній Єгипет,1QBA
1QBAG,Ancient Greece,Стародавня Греція,1QBA
1QBAG-IT-A,Magna Graecia (Hellenic Italy),Magna Graecia (Hellenic Italy),1QBAG
1QBAH,Hittite Empire,Хетти (імперія),1QBA
1QBAL,Ancient / Biblical Israel,Стародавній / Біблійний Ізраїль,1QBA
1QBAM,Mesopotamia,Месопотамія,1QBA
1QBAP,Persian Empire,Стародавня Персія. Персеполіс. Перська імперія,1QBA
1QBAQ,Phoenicia / Phoenician civilization,Phoenicia / Phoenician civilization,1QBA
1QBAR,Ancient Rome,Стародавній Рим,1QBA
1QBAS,Sumer,Шумер,1QBA
1QBAT,Etruria,Етрурія,1QBA
1QBC,"Historical states, empires, territories and regions: multi-continental",Історичні держави та імперії: багатоконтинентальні,1QB
1QBCB,Byzantine Empire,Візантійська імперія,1QBC
1QBCD,Scythian cultures,Scythian cultures,1QBC
1QBCE,Islamic Caliphate,Мусульманський халіфат,1QBC
1QBCL,Mongol Empire / Mongol Hordes / Khanates,Монгольська імперія,1QBC
1QBCM,Silk Roads,Silk Roads,1QBC
1QBCS,Ottoman Empire,Османська імперія,1QBC
1QBCU,British Empire,Британська імперія,1QBC
1QBCV,Spanish Empire,Іспанська імперія,1QBC
1QBCW,Portuguese Empire,Португальська імперія,1QBC
1QBC-FR-C,French Colonial Empire,Французька колоніальна імперія,1QBC
1QBD,"Historical states, empires, territories and regions: Europe",Історичні держави та імперії: Європа,1QB
1QBDA,Austro-Hungarian Empire,Австро-Угорська імперія,1QBD
1QBDB,Viking / Norse civilisations,Viking / Norse civilisations,1QBD
1QBDC,Celtic civilisations / Celtic world,Celtic civilisations / Celtic world,1QBD
1QBDF,Holy Roman Empire,Священна Римська імперія,1QBD
1QBDK,Czechoslovakia,Чехословаччина,1QBD
1QBDL,"East Germany, DDR","Східна Німеччина, ГДР",1QBD
1QBDN,West Germany,Західна Німеччина,1QBD
1QBDP,Prussia,Пруссія,1QBD
1QBDR,"USSR, Soviet Union","СРСР, Союз Радянських Соціалістичних Республік",1QBD
1QBDT,Russian Empire / Tsardom of Russia,Російська царська імперія,1QBD
1QBDY,Yugoslavia,Югославія,1QBD
1QBD-BE-B,Burgundian Netherlands / the Seventeen Provinces,Бургундські Нідерланди / Сімнадцять провінцій,1QBD
1QBD-BE-C,Southern Netherlands,Південні Нідерланди,1QBD
1QBD-FR-G,Gaul,Галли,1QBD
1QBD-FR-L,Carolingian Empire,Імперія Каролінґів,1QBD
1QBD-FR-N,Napoleonic Empire,Наполеонівська імперія,1QBD
1QBD-FR-Z,France: Historical and cultural regions,Франція: історичні та культурні регіони,1QBD
1QBD-XA-B,Grand Duchy of Lithuania / Polish–Lithuanian Commonwealth,Grand Duchy of Lithuania / Polish–Lithuanian Commonwealth,1QBD
1QBF,"Historical states, empires, territories and regions: Asia",Історичні держави та імперії: Азія,1QB
1QBFB,Indus Valley civilisations,Indus Valley civilisations,1QBF
1QBFC,Ancient China,Ancient China,1QBF
1QBFCD,Imperial China,Imperial China,1QBFC
1QBFG,Mughal Empire,Mughal Empire,1QBF
1QBH,"Historical states, empires, territories and regions: Africa",Історичні держави та імперії: Африка,1QB
1QBHK,Ashanti / Asante Empire / Kingdoms,Королівство Ашанті,1QBH
1QBHM,Kingdom of Benin (Benin Empire) / Edo Kingdom,Kingdom of Benin (Benin Empire) / Edo Kingdom,1QBH
1QBHN,Nubia,Nubia,1QBH
1QBK,"Historical states, empires, territories and regions: Americas",Історичні держави та імперії: Америка,1QB
1QBKB,European Colonies / Colonial States in the Americas,European Colonies / Colonial States in the Americas,1QBK
1QBKC,Confederate States of America,Конфедеративні Штати Америки,1QBK
1QBKK,Andean cultures / civilisations,Andean cultures / civilisations,1QBK
1QBKL,Inca Empire / Inca civilisations,Імперія інків / Інки,1QBK
1QBKM,Mesoamerican cultures / civilisations,Мезоамериканські цивілізації,1QBK
1QBKMA,Aztec Empire / Aztec civilisation,Імперія ацтеків,1QBKM
1QBKMM,Mayan states / Mayan civilisations,Імперія майя,1QBKM
1QBK-CA-Q,New France,Нова Франція,1QBK
1QBK-CA-QA,New France: Acadia,Нова Франція: Акейдія,1QBK-CA-Q
1QBK-CA-QL,New France: French Louisiana,Нова Франція: Французька Луїзіана,1QBK-CA-Q
1QBK-CO-B,Gran Colombia,Республіка Велика Колумбі,1QBK
1QBK-CO-C,Nueva Granada (New Granada),Нуева-Ґранада (Нова Ґранада),1QBK
1QBM,"Historical states and empires, territories and regions: Australasia, Oceania, the Pacific islands","Історичні штати та імперії: Австралазія, Океанія та інші землі",1QB
1QBY,"Historical groupings, alliances, coalitions","Historical groupings, alliances, coalitions",1QB
1QBYE,Central Powers of World War I,Central Powers of World War I,1QBY
1QBYF,Allies / Entente Powers of World War I,Allies / Entente Powers of World War I,1QBY
1QBYL,Allied Powers World War II,Allied Powers World War II,1QBY
1QBYM,Axis Powers of World War II,Axis Powers of World War II,1QBY
1QBYN,Neutral powers during World War II,Neutral powers during World War II,1QBY
1QF,"Political, socio-economic, cultural and strategic groupings","Політичні, соціально-економічні, культурні та стратегічні угруповання",1Q
1QFA,Arab world / Arab League,Арабський світ / Ліга арабських держав,1QF
1QFAM,Maghreb,Маґриб,1QFA
1QFB,African Union,Африканський Союз,1QF
1QFC,Commonwealth of Nations,Співдружність націй,1QF
1QFE,EU (European Union),ЄС (Європейський Союз),1QF
1QFF,Council of Europe,Council of Europe,1QF
1QFG,Global South / Developing countries,"Країни, що розвиваються",1QF
1QFH,Global North / Industrialized or developed countries,Індустріалізовані /розвинені караїни,1QF
1QFL,Sápmi,Сапмі,1QF
1QFM,Islamic countries,Ісламські країни,1QF
1QFN,NATO (North Atlantic Treaty Organisation),НАТО (Організація Північноатлантичного Договору / Північноатлантичний Альянс),1QF
1QFP,OPEC (Organization of the Petroleum Exporting Countries),ОПЕК (Організація країн-експортерів нафти),1QF
1QFQ,BRICS+,BRICS+,1QF
1QFR,Eurasian Economic Union,Eurasian Economic Union,1QF
1QFS,ASEAN (Association of Southeast Asian Nations),АСЕАН (Асоціація держав Південно-Східної Азії),1QF
1QFT,Mercosur / Mercosul,Меркосур / Меркосул,1QF
1QFU,United Nations,ООН (Організація Об’єднаних Націй),1QF
1QFX,Ibero-America,Ibero-America,1QF
1QFY,Francophonie,Francophonie,1QF
1QFW,"Warsaw Pact, Eastern bloc, Soviet Bloc","ВД (Країни Варшавського Договору), Східний блок",1QF
1QF-CA-A,"Atlantic Canada (NB, PE, NS, NL)","Атлантична Канада (NB, PE, NS, NL)",1QF
1QF-CA-AD,Acadia,Acadia,1QF-CA-A
1QF-CA-C,"Central Canada (ON, QC)","Центральна Канада (ON, QC)",1QF
1QF-CA-E,"Eastern Canada (ON, QC, NB, PE, NS, NL)","Східна Канада (ON, QC, NB, PE, NS, NL)",1QF
1QF-CA-M,"Canada Maritimes (NB, PE, NS)","Приморська Канада (NB, PE, NS)",1QF
1QF-CA-P,"Canadian Prairies (AB, SK, MB)","Канадські прерії (AB, SK, MB)",1QF
1QF-CA-T,"Canadian Territories (YT, NT, NU)","Канадські території (YT, NT, NU)",1QF
1QF-CA-TC,Canadian Arctic Archipelago,Canadian Arctic Archipelago,1QF-CA-T
1QF-CA-W,"Western Canada (BC, AB, SK, MB)","Західна Канада (BC, AB, SK, MB)",1QF
1QM,"Climatic, ecoregions and biomes",Кліматичні пояси (зони),1Q
1QMP,Polar regions,Полярна зона,1QM
1QMQ,Subarctic region / zone,Subarctic region / zone,1QM
1QMR,Temperate regions / zones,Temperate regions / zones,1QM
1QMS,Dry / arid / desert regions / zones,Dry / arid / desert regions / zones,1QM
1QMT,Tropics,Тропічні пояси. Тропіки,1QM
1QP,Indigenous geographies or territorialities,Indigenous geographies or territorialities,1Q
1QPB,Turtle Island,Turtle Island,1QP
1QPD,Abya Yala,Abya Yala,1QP
1QR,Groupings linked by seas,"Групування, пов’язані між собою морями",1Q
1QRG,Indo-Pacific,Indo-Pacific,1QR
1QRM,Mediterranean countries / Mediterranean basin,Середземноморські країни,1QR
1QRP,Pacific Rim countries,Тихоокеанські країни,1QR
1QRPN,Asia-Pacific (APAC),Asia-Pacific (APAC),1QRP
1QS,Oceans and seas,Океани та моря,1Q
1QSA,Atlantic Ocean,Атлантичний океан,1QS
1QSAN,North Atlantic,Північна частина Атлантичного океану,1QSA
1QSAS,South Atlantic,Південна частина Атлантичного океану,1QSA
1QSB,Baltic Sea,Балтійське море,1QS
1QSC,Caribbean Sea,Карибське море,1QS
1QSD,Gulf of Mexico,Мексиканська затока,1QS
1QSE,Irish Sea,Ірландське море,1QS
1QSF,North Sea,Північне море,1QS
1QSG,English Channel,Англійський канал (Ла-Манш),1QS
1QSJ,Caspian Sea,Каспійське море,1QS
1QSK,Black Sea,Чорне море,1QS
1QSL,Red Sea,Червоне море,1QS
1QSM,Mediterranean Sea,Середземне море,1QS
1QSMA,Ligurian Sea,Ліґурійське море,1QSM
1QSMB,Tyrrhenian Sea,Тірренське море,1QSM
1QSMC,Adriatic Sea,Адріатичне море,1QSM
1QSMD,Ionian Sea,Іонічне море,1QSM
1QSN,Indian Ocean,Індійський океан,1QS
1QSNP,Persian Gulf,Перська затока,1QSN
1QSP,Pacific Ocean,Тихий Океан,1QS
1QSPL,Western Pacific Ocean,Western Pacific Ocean,1QSP
1QSPN,North Pacific,Північна частина Тихого океану,1QSP
1QSPS,South Pacific,Південна частина Тихого океану,1QSP
1QSR,Arctic Ocean,Північний Льодовитий океан,1QS
1QSS,Southern Ocean,Південний океан (Антарктичний океан),1QS
1QST,Tasman Sea,Тасманове море,1QS
1Z,"Space, planets and extraterrestrial locations","Космос, планети та позаземні локації",1
1ZM,The Solar System,Сонячна система,1Z
1ZMA,The Sun,Сонце,1ZM
1ZMC,The Planets,Планети,1ZM
1ZMCB,Mercury,Меркурій,1ZMC
1ZMCD,Venus,Венера,1ZMC
1ZMCE,Earth,Земля,1ZMC
1ZMCEL,The Moon,Місяць,1ZMCE
1ZMCF,Mars,Марс,1ZMC
1ZMCH,Jupiter,Юпітер,1ZMC
1ZMCK,Saturn,Сатурн,1ZMC
1ZMCM,Uranus,Уран,1ZMC
1ZMCN,Neptune,Нептун,1ZMC
1ZMG,Other entities in the Solar System,Інші сутності в Сонячній системі,1ZM
1ZMGP,Pluto and dwarf planets,Плутон і карликові планети,1ZMG
1ZMGR,Comets,Комети,1ZMG
1ZMGT,"Asteroids, the Asteroid belt","Астероїди, Пояс астероїдів",1ZMG
2,Language qualifiers,Визначники мови,
2A,Indo-European languages,Індоєвропейські мови,2
2AC,Germanic and Scandinavian languages,Германські та Скандинавські мови,2A
2ACB,English,Англійська,2AC
2ACBA,Anglo-Saxon / Old English,Англосаксонська /давньоанглійська,2ACB
2ACBC,Middle English,Середньоанглійська,2ACB
2ACBK,American English,Англійська в Америці,2ACB
2ACBM,Australian English,Англійська в Австралії,2ACB
2ACBR,Canadian English,Англійська в Канаді,2ACB
2ACBX,International English,Англійська міжнародна,2ACB
2ACC,"Scots (Lallans, the Doric)","Шотландська (лалланський діалект, дорійський діалект)",2AC
2ACCU,Ulster Scots (Ullans),Ольстерська шотландська (улланський діалект),2ACC
2ACD,Dutch,Нідерландська,2AC
2ACF,Flemish,Фламандська,2AC
2ACG,German,Німецька,2AC
2ACGH,Swiss German /Alemannic / Alsatian,Швейцарська німецька (алеманський діалект),2ACG
2ACGM,"German, Middle High",Середньоверхньонімецька,2ACG
2ACGP,"German, Old High",Верхньонімецька,2ACG
2ACK,Afrikaans,Африкаанс (бурська),2AC
2ACS,Scandinavian languages,Скандинавські мови,2AC
2ACSC,Icelandic,Ісландська,2ACS
2ACSD,Danish,Данська (датська),2ACS
2ACSF,Faroese,Фарерська,2ACS
2ACSJ,Jutish,Джуті,2ACS
2ACSN,Norwegian,Норвезька,2ACS
2ACSNB,"Norwegian, bokmål","Норвезька, букмол",2ACSN
2ACSNK,"Norwegian, nynorsk","Норвезька, новонорвезька",2ACSN
2ACSW,Swedish,Шведська,2ACS
2ACSX,Old Norse,Давньонорвезька. Давньоскандинавська мова,2ACS
2ACY,Yiddish,Ідиш,2AC
2ACZ,Other Germanic languages and dialects,Інші групи німецької мови та діалекти,2AC
2ACZF,Frisian,Фрізька / Фризька,2ACZ
2ACZH,Low German / Low Saxon,Нижньонімецька / Нижньосаксонська,2ACZ
2ACZK,Limburgan / Limburger / Limburgish,Limburgan / Limburger / Limburgish,2ACZ
2ACZL,Luxembourgish / Letzeburgesch,Люксембурґська,2ACZ
2AD,"Romance, Italic and Rhaeto-Romanic languages","Романська, Італійська та Ретороманські мови",2A
2ADC,Catalan,Каталанська (каталонська),2AD
2ADD,Valencian,Валенсійська,2AD
2ADF,French,Французька,2AD
2ADFC,Norman language,Нормандська мова,2ADF
2ADFP,Franco-Provençal,Французько-провансальська,2ADF
2ADFQ,Canadian French,Канадська французька,2ADF
2ADFQ-CA-A,Acadian French,Акадійська французька,2ADFQ
2ADFQ-CA-C,Quebec French (Quebecois),Квебекійська французька (Квебек),2ADFQ
2ADH,Corsican,Корсиканська,2AD
2ADL,Latin,Латинська,2AD
2ADP,Portuguese,Портуґальська,2AD
2ADPB,Brazilian Portuguese,Бразильська Портуґальська,2ADP
2ADQ,"Galician (Gallego, Galego)",Галісійська (Ґальєґійська),2AD
2ADR,Romanian,Румунська,2AD
2ADRB,Aromanian / Macedo-Romanian / Vlach,Aromanian / Macedo-Romanian / Vlach,2ADR
2ADS,Spanish,Іспанська,2AD
2ADSL,Latin-American Spanish,Латиноамериканська іспанська,2ADS
2ADSR,Judeo-Spanish / Ladino,Єврейсько-іспанська /Ладіно,2ADS
2ADT,Italian,Італійська,2AD
2ADTX,Italian dialects,Італійські діалекти,2ADT
2ADV,Sardinian,Сардинська (сардська),2AD
2ADW,Rhaeto-Romance (Rhaetian) languages,Ретороманські / ретські мови,2AD
2ADWD,Ladin,Ладинська,2ADW
2ADWF,Friulian,Friulian,2ADW
2ADWR,Romansh,Романшська,2ADW
2AD-BE-W,Walloon,Walloon,2AD
2AD-ES-G,Aragonese,Арагонська (араґонська),2AD
2AD-ES-N,Aranese,Аранська,2AD
2AD-ES-T,Asturian,Астурійська,2AD
2AD-FR-C,Occitan (lenga d’òc),Окситанська (діалектний континуум),2AD
2AD-FR-P,Picard,Picard,2AD
2AF,Celtic languages,Кельтські мови,2A
2AFB,Breton,Бретонська,2AF
2AFC,Cornish,Корнська (корнуельська),2AF
2AFG,Gaulish,Галльська,2AF
2AFM,Manx,Менкс (менська),2AF
2AFR,Irish Gaelic,Ірландська ґельська,2AF
2AFS,Scottish Gaelic,Шотландська ґельська,2AF
2AFW,Welsh,Валлійська,2AF
2AG,Slavic (Slavonic) languages,Слов’янські мови,2A
2AGB,Bulgarian,Болгарська,2AG
2AGC,Church Slavic,Старослов’янська (церковнослов’янська),2AG
2AGK,Slovak,Словацька,2AG
2AGL,Belarusian (Belorussian),Білоруська,2AG
2AGM,Macedonian,Македонська,2AG
2AGN,Rusyn,Русинська,2AG
2AGP,Polish,Польська,2AG
2AGQ,Silesian,Silesian,2AG
2AGR,Russian,Російська,2AG
2AGS,Serbo-Croatian,Сербо-Хорватська,2AG
2AGSB,Bosnian,Bosnian,2AGS
2AGSC,Croatian,Хорватська,2AGS
2AGSK,Montenegrin,Montenegrin,2AGS
2AGSS,Serbian,Сербська,2AGS
2AGU,Ukrainian,Українська,2AG
2AGV,Slovenian,Словенська,2AG
2AGW,"Wendish (Lusatian, Sorbian)","Вендська (Лужицькі, Сорбські)",2AG
2AGZ,Czech,Чеська,2AG
2AH,Hellenic languages,Еллінські мови,2A
2AHA,Ancient (Classical) Greek,Давньогрецька / класична грецька,2AH
2AHB,Biblical Greek / Koine Greek,Біблійна грецька,2AH
2AHM,Modern Greek,Сучасна грецька,2AH
2AHT,Tsakonian,Tsakonian,2AH
2AJ,Baltic and other Indo-European languages,Балтійські та інші індоєвропейські мови,2A
2AJB,Baltic languages,Балтійські мови,2AJ
2AJBL,Lithuanian,Литовська,2AJB
2AJBV,Latvian (Lettish),Латиська (латвійська),2AJB
2AJK,Other Indo-European languages,Інші індоєвропейські мови,2AJ
2AJKL,Albanian,Албанська,2AJK
2AJKR,Armenian,Вірменська,2AJK
2B,"Indic, East Indo-European and Dravidian languages","Індійська, східно-індоєвропейська та Дравідські (дравідійські) мови",2
2BB,Early Indic languages,Ранні індійські мови,2B
2BBA,Sanskrit,Санскрит,2BB
2BBP,Pali,Палі,2BB
2BM,Modern Indic languages,Сучасні індійські мови,2B
2BMB,Bengali,Бенгалі (бенгальська),2BM
2BMD,Marathi,Маратхі,2BM
2BMG,Gujarati,Гуджараті,2BM
2BMH,Hindi,Гінді (хінді),2BM
2BMJ,Rajasthani,Раджастхані,2BM
2BMK,Kashmiri,Кашмірі,2BM
2BMN,Nepali,Непалі,2BM
2BMP,Punjabi,Панджабі (пенджабська),2BM
2BMR,Romani (Romany),Циганська (ромська),2BM
2BMS,Sinhalese,Сингальська (сингалезька),2BM
2BMSM,Maldivian,Мальдівська,2BMS
2BMU,Urdu,Урду,2BM
2BR,Dravidian languages,Дравідські (дравідійські) мови,2B
2BRB,Brahui,Брагуї (брахуї),2BR
2BRK,Kannada (Kanarese),Каннада (канарська),2BR
2BRL,Telugu,Телугу (телуґу),2BR
2BRM,Malayalam,Малаялам,2BR
2BRT,Tamil,Тамільська,2BR
2BX,Indo-Iranian languages,Індоіранські мови,2B
2BXF,Persian (Farsi),Перська (Фарсі),2BX
2BXK,Kurdish,Курдська,2BX
2BXL,"Pashto (Pushto, Afghan)","Пушту (Пушто, афганська)",2BX
2BXZ,Zend Avestan,Зенд-Авестійська,2BX
2C,Afro-Asiatic languages,Афразійські (афроазійські) мови,2
2CS,Semitic languages,Семітські мови,2C
2CSA,Aramaic,Арамейська,2CS
2CSB,Assyro-Babylonian (Akkadian) languages,Ассирійсько-Вавилонська (Аккадська) мови,2CS
2CSJ,Hebrew,Іврит,2CS
2CSM,Maltese,Мальтійська,2CS
2CSR,Arabic,Арабська,2CS
2CSS,Syriac,Сирійська (сірійська),2CS
2CST,Ethiopic,Ефіопська,2CS
2CSTA,Amharic,Aмхарська,2CST
2CSTT,Tigrinya,Тиґринья,2CST
2CX,Non-Semitic Afro-Asiatic languages,Несемітські афразійські (афроазійські) мови,2C
2CXB,Berber languages,Берберська (Туареґська),2CX
2CXC,Coptic,Коптська,2CX
2CXG,Egyptian language (Ancient Egyptian),Єгипетська,2CX
2CXH,Hausa,"Хауса (гауса), мова",2CX
2CXS,Cushitic languages,"Сомалі, мова",2CX
2CXSD,Somali,Somali,2CXS
2CXSR,Oromo,"Оромо, мова",2CXS
2F,Ural-Altaic and Hyperborean languages,Урало-алтайські та Гіперборейські мови,2
2FC,Finno-Ugric languages,Фінно-угорські мови,2F
2FCD,Estonian,Естонська,2FC
2FCF,Finnish (Suomi),Фінська (Суомі),2FC
2FCL,Sami,Саамська (саамі),2FC
2FCLD,Southern Sami,Southern Sami,2FCL
2FCLF,Northern Sami,Northern Sami,2FCL
2FCLL,Lule Sami,Lule Sami,2FCL
2FCLN,Inari Sami,Inari Sami,2FCL
2FCLS,Skolt Sami,Skolt Sami,2FCL
2FCLX,Sami languages (other),Sami languages (other),2FCL
2FCM,Hungarian (Magyar),Угорська (мадярська),2FC
2FCU,Uralic / Uralian languages,Уральські мови,2FC
2FM,Turkic languages,Тюркські мови,2F
2FMC,Turkish,Турецька,2FM
2FMH,Kirghiz / Kyrgyz,Киргизька,2FM
2FMK,Kazakh,Казахська,2FM
2FMN,Turkmen,Туркменська,2FM
2FMU,Uzbek,Узбецька,2FM
2FMZ,Azerbaijani,Азербайджанська,2FM
2FV,Mongolian,Монгольська,2F
2FW,Tungusic languages,Тунгуські мови,2F
2FWK,Evenki,Евенська,2FW
2FWM,Manchu,Маньчжурська,2FW
2FX,Hyperborean and Palaeosiberian languages,Гіперборейська та Палеосибірська мови,2F
2G,East and Southeast Asian languages,Східні та Південно-східні азійські мови,2
2GD,Sino-Tibetan languages,Китайсько-тибетські мови,2G
2GDB,Burmese,Бірманська,2GD
2GDC,Chinese,Китайська,2GD
2GDCC,Cantonese,Кантонська,2GDC
2GDCK,Hokkien,Hokkien,2GDC
2GDCM,Mandarin,Мандаринська,2GDC
2GDCW,Wu,Ву,2GDC
2GDCY,Amoy,Amoy,2GDC
2GDK,Karen / Karenic languages,Каренська,2GD
2GDT,Tibetan,Тибетська,2GD
2GJ,Japanese,Японська,2G
2GJA,Old Japanese,Old Japanese,2GJ
2GJD,Japanese scripts,Japanese scripts,2GJ
2GJD-JA-B,Kanji,Kanji,2GJD
2GJD-JA-D,Hiragana,Hiragana,2GJD
2GJD-JA-F,Katakana,Katakana,2GJD
2GK,Korean,Корейська,2G
2GK-KR-B,Hangul,Hangul,2GK
2GK-KR-D,Hanja,Hanja,2GK
2GR,"Other Southeast Asian languages, Austroasiatic languages","Інші мови Південно-Східної Азії, Австроазійські (австроазіатські) мови",2G
2GRH,Cambodian (Khmer),Камбоджійська (кхмерська),2GR
2GRL,Lao,Лао (лаотянська),2GR
2GRM,Hmong (Miao),М’яо,2GR
2GRS,Thai (Siamese),Тайська (сіамська),2GR
2GRV,Vietnamese,В’єтнамська,2GR
2H,African languages,Мови Африки,2
2HC,Niger-Congo languages,Нігеро-конголезькі мови,2H
2HCB,Bantu languages,"Банту, мова",2HC
2HCBA,Bantu proper (Narrow Bantu),Bantu proper (Narrow Bantu),2HCB
2HCBB,Central Bantu languages,Central Bantu languages,2HCB
2HCBBC,Chichewa (Chewa),Chichewa (Chewa),2HCBB
2HCBBF,Chilomwe (Lomwe),Chilomwe (Lomwe),2HCBB
2HCBBH,"Chinyanja (Cinyanja, Nyanja)","Chinyanja (Cinyanja, Nyanja)",2HCBB
2HCBBJ,"Chitonga (Tonga, Nyasa)","Chitonga (Tonga, Nyasa)",2HCBB
2HCBBL,Chitumbuka (Tumbuka),Chitumbuka (Tumbuka),2HCBB
2HCBBN,Chiyao (Yao),Chiyao (Yao),2HCBB
2HCBBP,Icibemba (Bemba),Icibemba (Bemba),2HCBB
2HCBBQ,Kiikaonde (Kaonde),Kiikaonde (Kaonde),2HCBB
2HCBBR,Kongo,Kongo,2HCBB
2HCBBS,Lunda,Lunda,2HCBB
2HCBBU,Luvale,Luvale,2HCBB
2HCBD,kiSwahili (Swahili),kiSwahili (Swahili),2HCB
2HCBH,OtjiHerero (Herero),OtjiHerero (Herero),2HCB
2HCBK,Kikuyu,Kikuyu,2HCB
2HCBL,Nyoro-Ganda group,Nyoro-Ganda group,2HCB
2HCBLG,Luganda (Ganda),Luganda (Ganda),2HCBL
2HCBLR,Nyankore (Runyankore-Rukiga),Nyankore (Runyankore-Rukiga),2HCBL
2HCBM,Fang (Yaunde-Fang),Fang (Yaunde-Fang),2HCB
2HCBN,Duala,Duala,2HCB
2HCBP,Tshivenda (Venda),Tshivenda (Venda),2HCB
2HCBQ,Shona,Shona,2HCB
2HCBS,Sotho-Tswana group,Sotho-Tswana group,2HCB
2HCBSA,"Sesotho (Sotho, Southern Sotho)","Sesotho (Sotho, Southern Sotho)",2HCBS
2HCBSB,"Sepedi (Northern Sotho, Sesotho sa Leboa, Pedi)","Sepedi (Northern Sotho, Sesotho sa Leboa, Pedi)",2HCBS
2HCBSD,Setswana (Tswana),Setswana (Tswana),2HCBS
2HCBSF,Silozi,Silozi,2HCBS
2HCBT,Southern Ndebele,Southern Ndebele,2HCB
2HCBU,Makua / Makhuwa languages,Makua / Makhuwa languages,2HCB
2HCBV,XiTsonga (Tsonga),XiTsonga (Tsonga),2HCB
2HCBW,Siswati (Swazi),Siswati (Swazi),2HCB
2HCBX,isiXhosa (Xhosa),isiXhosa (Xhosa),2HCB
2HCBY,isiNdebele (Ndebele),isiNdebele (Ndebele),2HCB
2HCBZ,isiZulu (Zulu),isiZulu (Zulu),2HCB
2HCW,West Atlantic and Volta Congo languages,Північноатлантичні мови та Вольта-конгські мови,2HC
2HCWF,Fula (Fulani / Fulah),Fula (Fulani / Fulah),2HCW
2HCWM,Mande languages,Mande languages,2HCW
2HCWV,Volta-Congo languages,Вольта-конгські мови,2HCW
2HCWVB,Ibo (Igbo),Ibo (Igbo),2HCWV
2HCWVD,Dagbani (Dagomba),Dagbani (Dagomba),2HCWV
2HCWVE,Ewe,Ewe,2HCWV
2HCWVG,Ga,Ga,2HCWV
2HCWVN,Fante,Fante,2HCWV
2HCWVS,Asante Twi,Asante Twi,2HCWV
2HCWVT,Akwapim Twi,Akwapim Twi,2HCWV
2HCWVY,Yoruba,Yoruba,2HCWV
2HK,Khoisan language families,Койсанські мови,2H
2HKD,Khoe languages,Khoe languages,2HK
2HN,Nilo-Saharan and Chari-Nile (Macrosudanic) languages,Ніло-сахарські та Макросуданські мови,2H
2HND,Dinka,Мова Дінка,2HN
2HNM,Masai / Maasai,Мова Масаї / маасаї,2HN
2HNR,Nubian,Нубійська,2HN
2HNT,Teso (Ateso),Мова Тесо /Атесо,2HN
2HX,Other African languages,Інші мови Африки,2H
2J,American indigenous languages,Аборигенні мови Америки,2
2JN,North and Central American indigenous languages,Аборигенні мови Північноїта Центральної Америки,2J
2JNA,Aleut,Алеутська,2JN
2JNB,Inuit languages,Інуїтська мова,2JN
2JNBK,Inuktitut / Inuktut,Inuktitut / Inuktut,2JNB
2JNBL,Inuinnaqtun,Inuinnaqtun,2JNB
2JNBM,Inupiaq,Inupiaq,2JNB
2JNBN,Yupik languages,Юпікська,2JNB
2JNBR,Kalaallisut / Greenlandic,Kalaallisut / Greenlandic,2JNB
2JNC,Algonquian languages,Алгонкінські мови,2JN
2JNCA,Siksika,Siksika,2JNC
2JNCB,Arapaho,Arapaho,2JNC
2JNCC,Cheyenne,Cheyenne,2JNC
2JNCE,Cree languages,Cree languages,2JNC
2JNCEA,Plains Cree,Plains Cree,2JNCE
2JNCEB,Woods Cree,Woods Cree,2JNCE
2JNCEC,Swampy Cree,Swampy Cree,2JNCE
2JNCED,East Cree,East Cree,2JNCE
2JNCEM,Michif,Michif,2JNCE
2JNCF,Naskapi,Naskapi,2JNC
2JNCG,Innu-aimun / Montagnais,Innu-aimun / Montagnais,2JNC
2JNCH,Atikamekw,Atikamekw,2JNC
2JNCJ,Anishinaabemowin / Ojibwe / Ojibwa,Anishinaabemowin / Ojibwe / Ojibwa,2JNC
2JNCJB,Chippewa,Chippewa,2JNCJ
2JNCJC,Ottawa / Odawa,Ottawa / Odawa,2JNCJ
2JNCJD,Anishininiimowin / Oji-Cree / Severn Ojibwa,Anishininiimowin / Oji-Cree / Severn Ojibwa,2JNCJ
2JNCJF,Nakawēmowin / Western Ojibwa / Saulteaux Ojibwe,Nakawēmowin / Western Ojibwa / Saulteaux Ojibwe,2JNCJ
2JNCK,Algonquin / Anicinàbemowin,Algonquin / Anicinàbemowin,2JNC
2JNCL,Potawatomi,Potawatomi,2JNC
2JNCM,Mesquakie-Sauk-Kickapoo,Mesquakie-Sauk-Kickapoo,2JNC
2JNCN,Shawnee,Shawnee,2JNC
2JNCP,Miami / Myaamia,Miami / Myaamia,2JNC
2JNCQ,Mi’gmaw / Mi’gmaq / Mi’kmaq,Mi’gmaw / Mi’gmaq / Mi’kmaq,2JNC
2JNCR,Abnaki / Abenaki,Abnaki / Abenaki,2JNC
2JNCS,Malecite-Passamaquoddy,Malecite-Passamaquoddy,2JNC
2JNCT,Delaware / Lenape languages,Delaware / Lenape languages,2JNC
2JND,Na-Dene languages,Мови На-дене,2JN
2JNDB,Tlingit,Tlingit,2JND
2JNDD,Athabaskan (Dene) languages,Athabaskan (Dene) languages,2JND
2JNDDB,Northern Athabaskan languages,Northern Athabaskan languages,2JNDD
2JNDDBK,Slavey languages,Slavey languages,2JNDDB
2JNDDBP,Dogrib / Tlicho,Dogrib / Tlicho,2JNDDB
2JNDDBR,Chipewyan / Dene Suline,Chipewyan / Dene Suline,2JNDDB
2JNDDH,Apachean (Southern Athabaskan) languages,Apachean (Southern Athabaskan) languages,2JNDD
2JNDDHJ,Navajo / Navaho,Navajo / Navaho,2JNDDH
2JNE,Kutenai / Ktunaxa,"Кутенай (кутенаї, ктунакса)",2JN
2JNF,Salishan languages,Салішські (селішські) мови,2JN
2JNFB,Nuxalk / Bella Coola,Nuxalk / Bella Coola,2JNF
2JNFC,Comox,Comox,2JNF
2JNFD,Halkomelem,Halkomelem,2JNF
2JNFG,Squamish,Squamish,2JNF
2JNFH,Shuswap,Shuswap,2JNF
2JNFM,Lillooet,Lillooet,2JNF
2JNFR,Ntlakyapamuk / Thompson,Ntlakyapamuk / Thompson,2JNF
2JNFT,Okanagan,Okanagan,2JNF
2JNG,Iroquoian languages,Ірокезькі мови (мови ірокезів),2JN
2JNGC,Cherokee,Cherokee,2JNG
2JNGM,Mohawk,Mohawk,2JNG
2JNGW,Wyandot / Wendat – Huron,Wyandot / Wendat – Huron,2JNG
2JNH,Siouan–Catawban languages,Сіуанські мови (мови сіу),2JN
2JNHB,"Sioux language / Dakota, Lakota","Sioux language / Dakota, Lakota",2JNH
2JNHD,Stoney / Nakota / Isga,Stoney / Nakota / Isga,2JNH
2JNJ,Haida languages,Мови Хайда,2JN
2JNK,Wakashan languages,Wakashan languages,2JN
2JNL,Tsimshianic languages,Тсимшіанські мови,2JN
2JNM,Mayan languages,Мови майя (Майяські (майянські) мови),2JN
2JNN,Uto-Aztecan languages,Юто-ацтекські мови,2JN
2JNNB,Hopi,Hopi,2JNN
2JNNC,Yaqui language,Yaqui language,2JNN
2JNNA,Nahuatl languages,Nahuatl languages,2JNN
2JNP,Oto-Manguean languages,Ото-мангеанські мови,2JN
2JNPD,Oto-Pamean languages,Oto-Pamean languages,2JNP
2JNPM,Mixtec / Mixtecan languages,Mixtec / Mixtecan languages,2JNP
2JNPZ,Zapotec / Zapotecan languages,Zapotec / Zapotecan languages,2JNP
2JNQ,Muskogean languages,Muskogean languages,2JN
2JNQA,Choctaw language,Choctaw language,2JNQ
2JNQB,Chickasaw,Chickasaw,2JNQ
2JNQC,Muscogee language / Creek,Muscogee language / Creek,2JNQ
2JNQD,Mikasuki language,Mikasuki language,2JNQ
2JNT,Totonac–Tepehua languages / Totonacan languages,Totonac–Tepehua languages / Totonacan languages,2JN
2JNU,Purépecha,Purépecha,2JN
2JNV,Mixe–Zoquean languages,Mixe–Zoquean languages,2JN
2JNW,Tequistlatecan languages / Chontal,Tequistlatecan languages / Chontal,2JN
2JNZ,Zuni,Зуньї (зуні),2JN
2JS,South American and Caribbean indigenous languages,Аборигенні мови Південної Америки та Карибські мови,2J
2JSC,Cariban languages,Карибські мови,2JS
2JSG,Tupian and Guarani languages,Мови тупі-гуарані,2JS
2JSQ,Quechuan languages,Кечуанські мови (мови кечуа),2JS
2JSR,Aymara,Aymara,2JS
2JST,Mapuche / Mapudungun,Mapuche / Mapudungun,2JS
2P,Oceanic and Austronesian languages,Мови Океанії та Австронезійські мови,2
2PB,Australian Aboriginal languages,Аборигенні мови Австралії,2P
2PC,Papuan languages,Папуаські мови,2P
2PCS,Susuami,Susuami,2PC
2PG,Austronesian and Malayo-Polynesian languages,Австронезійські та Малайсько-полінезійські мови,2P
2PGB,Formosan (Taiwanese),Формозька (Тайванська),2PG
2PGG,Malagasy,Малагасійська (мальгаська),2PG
2PGJ,Tagalog (Filipino),Тагалог (філіппінська),2PG
2PGK,Bisayan / Visayan languages,Bisayan / Visayan languages,2PG
2PGN,Indonesian languages,Мови Індонезії,2PG
2PGNA,Indonesian (Bahasa Indonesia),Indonesian (Bahasa Indonesia),2PGN
2PGNC,Balinese,Balinese,2PGN
2PGND,Javanese,Javanese,2PGN
2PGNM,Malay (Bahasa Malaysia),Malay (Bahasa Malaysia),2PGN
2PGP,Oceanic and Polynesian languages,Мови Океанії та Полінезії,2PG
2PGPA,Māori language / te reo Māori,Мова Маорі,2PGP
2PGPF,Fijian,Фіджійська,2PGP
2PGPG,Tongan,Тонганська (увейська),2PGP
2PGPH,Tahitian,Таїтянська,2PGP
2PGPR,Cook Islands Māori (Rarotongan),Раротонгська,2PGP
2PGPS,Samoan,Самоанська,2PGP
2PGPW,Hawaiian,Гавайська,2PGP
2PGPX,Other Oceanic languages,Інші мови Океанії,2PGP
2PGPXK,Mokilese,Mokilese,2PGPX
2PGPXM,Marshallese,Marshallese,2PGPX
2PGPXN,Pohnpeian (Ponapean),Pohnpeian (Ponapean),2PGPX
2PGPXP,Palauan,Palauan,2PGPX
2PGPXT,Tokelauan,Tokelauan,2PGPX
2S,Sign / Signed languages,Мова жестів та мімічна мова,2
2T,Braille and other tactile alphabets,Braille and other tactile alphabets,2
2V,Emojis,Emojis,2
2Z,Other languages,Інші мови,2
2ZB,Basque,"Баскська (баскійська, баська)",2Z
2ZC,Caucasian languages,Кавказькі мови,2Z
2ZCG,Georgian,Грузинська,2ZC
2ZM,Sumerian,Шумерська,2Z
2ZP,Pidgins and Creoles,Піджини та креольські мови,2Z
2ZPE,English-based creoles,"Креольські мови, що базуються на англійській",2ZP
2ZPF,French-based creoles,"Креольські мови, що базуються на французькій",2ZP
2ZPFH,Haitian / Haitian Creole,Haitian / Haitian Creole,2ZPF
2ZPH,Saramaccan,Saramaccan,2ZP
2ZPJ,"Sranan Tongo, Surinaams","Sranan Tongo, Surinaams",2ZP
2ZPP,Portuguese-based creoles,Portuguese-based creoles,2ZP
2ZPQ,Papiamento / Papiamentu,Papiamento / Papiamentu,2ZP
2ZPS,Spanish-based creoles,Spanish-based creoles,2ZP
2ZPT,Tok Pisin,Ток-пісін,2ZP
2ZS,Argot / Secret languages / Cant languages,Argot / Secret languages / Cant languages,2Z
2ZX,Artificial languages,Штучні мови,2Z
2ZXA,Afrihili,Африхілі,2ZX
2ZXC,Occidental,Оксиденталь (окциденталь),2ZX
2ZXP,Esperanto,Есперанто,2ZX
2ZXT,Interlingua,Інтерлінгва (інтерлінґва),2ZX
3,Time period qualifiers,визначники періодів часу,
3A,Geological time,Геологічний поділ часу. Геохронологія,3
3AC,Cenozoic era,Кайнозойська ера / кайнозой (ера),3A
3ACF,Quaternary period,Quaternary period,3AC
3ACFB,Pleistocene epoch,Pleistocene epoch,3ACF
3ACFD,Holocene epoch,Holocene epoch,3ACF
3AM,Mesozoic era,Мезозойська ера / мезозой (ера),3A
3AP,Palaeozoic era,Палеозойська ера /палеозой (ера),3A
3AR,Proterozoic eon,Протерозой (еон),3A
3AT,Archean and Hadean eons,Архей та Гадей (еони),3A
3B,Prehistory,Передісторія,3
3BD,Stone Age,Кам’яний вік,3B
3BDF,Stone Age: Palaeolithic period,Кам’яний вік: період Палеоліту,3BD
3BDK,Stone Age: Mesolithic period,Кам’яний вік: період Мезоліту,3BD
3BDQ,Stone Age: Neolithic period,Кам’яний вік: період Неоліту,3BD
3BD-JP-J,c 16 500 to c 1000 BCE (Japanese Jomon period),від 16500 до 1000 рр. до н. е. (Японський період Дзьомон),3BD
3BJ,Copper Age (Chalcolithic / Eneolithic),Copper Age (Chalcolithic / Eneolithic),3B
3BL,Bronze Age,Бронзовий вік,3B
3BR,Iron Age,Залізний вік,3B
3B-AA-E,c 5500 to c 2700 BCE (Egyptian Predynastic and Early Dynastic period),від 5500 до 2700 рр. до н. е. (єгипетський переддинастичний та ранній династичний період),3B
3C,BCE period – Protohistory,Доісторичні — протоісторичні періоди,3
3CA,c 50 000 to c 20 000 BCE,c 50 000 to c 20 000 BCE,3C
3CB,c 20 000 to c 10 000 BCE,c 20 000 to c 10 000 BCE,3C
3CC,c 10 000 to c 4000 BCE,c 10 000 to c 4000 BCE,3C
3CD,c 4000 to c 3000 BCE,з 4000 до 3000 рр. до н. е.,3C
3CDA,c 4000 to c 3500 BCE,з 4000 до 3500 рр.до н. е.,3CD
3CDB,c 3500 to c 3000 BCE,з 3500 до 3000 рр. до н. е.,3CD
3CG,c 3000 to c 2000 BCE,з 3000 до 2000 рр. до н. е.,3C
3CGA,c 3000 to c 2500 BCE,з 3000 до 2500 рр. до н. е.,3CG
3CGB,c 2500 to c 2000 BCE,з 2500 до 2000 рр. до н. е.,3CG
3CJ,c 2000 to c 1000 BCE,з 2000 до 1000 рр. до н. е.,3C
3CJA,c 2000 to c 1500 BCE,з 2000 до 1500 рр. до н. е.,3CJ
3CJB,c 1500 BCE to c 1000 BCE,з 1500 до 1000 рр. до н. е.,3CJ
3CT,c 1000 BCE to start of CE period,з 1000 р. до початку нашої ери,3C
3CTA,c 1000 to c 500 BCE,з 1000 до 500 рр. до н. е.,3CT
3CTB,c 500 BCE to c 1BCE,з 500 до 1 рр. до н. е.,3CT
3CTBA,"5th century, c 499 to c 400 BCE","V ст., з 499 до 400 рр. до н. е.",3CTB
3CTBB,"4th century, c 399 to c 300 BCE","ІV ст., з 399 до 300 рр. до н. е.",3CTB
3CTBC,"3rd century, c 299 to c 200 BCE","ІІІ ст., з 299 до 200 рр. до н. е.",3CTB
3CTBD,"2nd century, c 199 to c 100 BCE","ІІ ст., від 199 до 100 рр. до н. е.",3CTB
3CTBE,"1st century, c 99 to c 1 BCE","І ст., з 99 до 1 рр. до н. е.",3CTB
3CT-DE-A,"c 800 BCE to c 500 CE (Ancient and Classical period – Germany, Central and Eastern Europe)","з 800 р. до н. е. до 500 р. н. е. (Античний та класичний періоди - Німеччина, Центральна та Східна Європа)",3CT
3CT-ES-A,Before c 200 BCE (Spanish period of Antiquity),До 200 р. до н. е. (Античний період Іспанії),3CT
3CT-ES-B,c 200 BCE to c 400 CE (Spanish Roman period),з 200 р. до н. е. до 400 р. н.е (Римський період Іспанії),3CT
3CT-IT-A,c 1000 to c 500 BCE (Italian period of Antiquity),з 1000 до 500 рр. до н. е. (Античний період Італії),3CT
3CT-JP-Y,c 1000 BCE to 300 CE (Japanese Yayoi period),з 1000 р. до н. е. до 300 р. н.е. (японський період Яйои),3CT
3C-AA-E,c 2686 to c 323 BCE (Ancient Egyptian period),з 2686 до 323 рр. до н. е. (Давньоєгипетський період),3C
3C-KR-G,c 2000 BCE to c 300 CE (Ancient Korean period ),c 2000 BCE to c 300 CE (Ancient Korean period ),3C
3K,CE period up to c 1500,Період нашої ери до 1501 р.,3
3KB,c 1 to c 500 CE,з 1 до 500 рр. н. е.,3K
3KBF,"1st century, c 1 to c 99","І ст., з 1 до 99 рр.",3KB
3KBFB,"Early 1st century, c 1 to c 50","Early 1st century, c 1 to c 50",3KBF
3KBFQ,"Later 1st century, c 50 to c 99","Later 1st century, c 50 to c 99",3KBF
3KBK,"2nd century, c 100 to c 199","ІІ ст, з 100 до 199 рр.",3KB
3KBKB,"Early 2nd century, c 100 to c 150","Early 2nd century, c 100 to c 150",3KBK
3KBKQ,"Later 2nd century, c 150 to c 199","Later 2nd century, c 150 to c 199",3KBK
3KBN,"3rd century, c 200 to c 299","ІІІ ст., з 200 до 299 рр.",3KB
3KBNB,"Early 3rd century, c 200 to c 250","Early 3rd century, c 200 to c 250",3KBN
3KBNQ,"Later 3rd century, c 250 to c 299","Later 3rd century, c 250 to c 299",3KBN
3KBW,"4th century, c 300 to c 399","ІV ст., з 300 до 399 рр.",3KB
3KBWB,"Early 4th century, c 300 to c 350","Early 4th century, c 300 to c 350",3KBW
3KBWQ,"Later 4th century, c 350 to c 399","Later 4th century, c 350 to c 399",3KBW
3KBY,"5th century, c 400 to c 499","V ст., з 400 до 499 рр.",3KB
3KBYB,"Early 5th century, c 400 to c 450","Early 5th century, c 400 to c 450",3KBY
3KBYQ,"Later 5th century, c 450 to c 499","Later 5th century, c 450 to c 499",3KBY
3KB-AA-E,c 332 BCE to c 630 CE (Egyptian Greco-Roman period),з 332 р. до н. е. до 630 р. н.е. (Греко-римський період Єгипту),3KB
3KB-GB-A,c 43 BCE to c 410 CE (period of Roman Britain / Britannia),з 43 р. до н.е. до 410 р. н.е (період Римської Британії/ Британії),3KB
3KB-JP-K,c 300 CE to 591 (Japanese Kofun period),з 300 до 591 рр. н. е. (японський період Кофун),3KB
3KB-KR-B,c 57 BCE to c 668 CE (period of the Three Kingdoms of Korea),c 57 BCE to c 668 CE (period of the Three Kingdoms of Korea),3KB
3KH,c 500 to c 1000 CE,з 500 до 1000 рр. н. е.,3K
3KHF,"6th century, c 500 to c 599","VІ ст., з 500 до 599 рр.",3KH
3KHFB,"Early 6th century, c 500 to c 550","Початок VІ ст., з 500 до 550 рр.",3KHF
3KHFQ,"Later 6th century, c 550 to c 599","Кінець VІ ст., з 550 до 599 рр.",3KHF
3KHK,"7th century, c 600 to c 699","VІІ ст., з 600 до 699 рр.",3KH
3KHKB,"Early 7th century, c 600 to c 650","Початок VІІ ст., з 600 до 650 рр.",3KHK
3KHKQ,"Later 7th century, c 650 to c 699","Кінець VІІ ст., з 650 до 699 рр.",3KHK
3KHK-JP-A,c 592 to 710 (Japanese Asuka period),з 592 до 710 рр. (японський період Асука),3KHK
3KHN,"8th century, c 700 to c 799","VІІІ ст., з 700 до 799 рр.",3KH
3KHNB,"Early 8th century, c 700 to c 750","Початок VІІІ ст., з 700 до 750 рр.",3KHN
3KHNQ,"Later 8th century, c 750 to c 799","Кінець VІІІ ст., з 750 до 799 рр.",3KHN
3KHN-JP-N,710 to c 784 (Japanese Nara period),з 710 до 784 рр. (японський період Нара),3KHN
3KHW,"9th century, c 800 to c 899","ІХ ст., з 800 до 899 рр.",3KH
3KHWB,"Early 9th century, c 800 to c 850","Початок ІХ ст., з 800 до 850 рр.",3KHW
3KHWQ,"Later 9th century, c 850 to c 899","Кінець ІХ ст., з 850 до 899 рр.",3KHW
3KHY,"10th century, c 900 to c 999","Х ст., з 900 до 999 рр.",3KH
3KHYB,"Early 10th century, c 900 to c 950","Початок Х ст., з 900 до 950 рр.",3KHY
3KHYQ,"Later 10th century, c 950 to c 999","Кінець Х ст., з 950 до 999 рр.",3KHY
3KH-AA-E,c 630 to c 1517 (Egyptian medieval period),з 630 до 1517 рр. (середньовічний період Єгипту),3KH
3KH-DK-H,c 800 to c 1050 (Danish Viking age),з 800 до 1050 рр. (епоха датських вікінгів),3KH
3KH-ES-A,c 400 to c 600 (period of Germanic and Visigoth invasions of Spain),з 400 до 600 рр. (період вторгнення німців та вестготів в Іспанію),3KH
3KH-GB-B,c 400 to c 1066 (Anglo-Saxon period),з 400 до 1066 рр. (англосаксонський період),3KH
3KH-IE-S,c 400 to c 800 (Early Irish Christian period),з 400 до 800 рр. (ранньоірландський християнський період),3KH
3KH-IE-V,c 800 to c 1014 (Irish Viking age),з 800 до 1014 рр. (епоха ірландських вікінгів),3KH
3KH-IT-C,c 500 to c 1000 (period of Germanic and Frankish Kingdoms in Italy),з 500 до 1000 рр. (період німецького та франкського королівств у Італії),3KH
3KH-JP-H,c 785 to c 1068 (Japanese Early and Middle Heian period),з 785 до 1068 рр. (японський ранній та середній період Хейан),3KH
3KH-KR-H,c 668 to c 935 (Korean Unified Silla period),c 668 to c 935 (Korean Unified Silla period),3KH
3KH-KR-N,c 698 to c 926 (Korean Balhae period),c 698 to c 926 (Korean Balhae period),3KH
3KH-NO-V,c 790 to c 1070 (the Viking Age),c 790 to c 1070 (the Viking Age),3KH
3KH-SE-H,c 800 to c 1050 (Swedish Viking age),з 800 до 1050 рр. (епоха шведських вікінгів),3KH
3KH-UA-D,c 862 to c 1240 (Period of Kyivan Rusʹ / Kievan Rusʹ),c 862 to c 1240 (Period of Kyivan Rusʹ / Kievan Rusʹ),3KH
3KL,c 1000 CE to c 1500,з 1000 до 1501 рр. н.е.,3K
3KLF,"11th century, c 1000 to c 1099","ХІ ст., з 1000 до 1099 рр.",3KL
3KLFB,Early 11th century c 1000 to c 1050,"Початок ХІ ст., з 1000 до 1050 рр.",3KLF
3KLFQ,Later 11th century c 1050 to c 1099,"Кінець ХІ ст., з 1050 до 1099 рр.",3KLF
3KLK,"12th century, c 1100 to c 1199","ХІІ ст., з 1100 до 1199 рр.",3KL
3KLKB,Early 12th century c 1100 to c 1150,"Початок ХІІ ст., з 1100 до 1150 рр.",3KLK
3KLKQ,Later 12th century c 1150 to c 1199,"Кінець ХІІ ст., з 1150 до 1199 рр.",3KLK
3KLK-JP-H,c 1068 to 1185 (Japanese Late Heian period),з 1068 до 1185 рр. (японський пізній період Хейан),3KLK
3KLN,"13th century, c 1200 to c 1299","ХІІІ ст., з 1200 до 1299 рр.",3KL
3KLNB,Early 13th century c 1200 to c 1250,"Початок ХІІІ ст., з 1200 до 1250 рр.",3KLN
3KLNQ,Later 13th century c 1250 to c 1299,"Кінець ХІІІ ст., з 1250 до 1299 рр.",3KLN
3KLNQ-BE-B,1297–1305 (period of the Franco-Flemish War),1297—1305 рр. (період франко-фламандської війни),3KLNQ
3KLN-GB-E,c 1200 to c 1283 (period of High Middle Ages in Wales and English conquest),з 1200 до 1283 рр. (період Високого Середньовіччя в Уельсі та завоювання англійців),3KLN
3KLN-JP-K,1185–1333 (Japanese Kamakura period),з 1185 до 1333 рр. (японський період Камакура),3KLN
3KLN-UA-D,c 1198 to c 1392 (Period of Principality / Kingdom of Galicia–Volhynia),c 1198 to c 1392 (Period of Principality / Kingdom of Galicia–Volhynia),3KLN
3KLW,"14th century, c 1300 to c 1399","ХІV ст., з 1300 до 1399 рр.",3KL
3KLWB,Early 14th century c 1300 to c 1350,"Початок ХІV ст., з 1300 до 1350 рр.",3KLW
3KLWQ,Later 14th century c 1350 to c 1399,"Кінець ХІV ст., з 1350 до 1399 рр.",3KLW
3KLW-JP-C,c 1333 to 1392 (Japanese Northern and Southern Court period),з 1333 до 1392 рр. (Японський період Північного та Південного суду),3KLW
3KLY,"15th century, c 1400 to c 1499","ХV ст., з 1400 до 1499 рр.",3KL
3KLYB,Early 15th century c 1400 to c 1450,"Початок ХV ст., з 1400 до 1450 рр.",3KLY
3KLYQ,Later 15th century c 1450 to c 1499,"Кінець ХV ст., з 1450 до 1499 рр.",3KLY
3KLY-GB-F,c 1455 to c 1487 (period of the English Wars of the Roses),з 1455 до 1487 рр. (період англійської Війни Червоної та Білої Троянд),3KLY
3KLY-IT-E,c 1400 to c 1499 (period of the Italian Renaissance),з 1400 до 1499 рр. (період італійського Відродження),3KLY
3KLY-JP-M,c 1392 to 1573 (Japanese Muromachi period),з 1392 до 1573 рр. (японський період Муромачі /Муроматі),3KLY
3KLY-PL-A,1385–1572 (Period of the Jagiellonian dynasty),1385–1572 (Період династії Ягеллонів),3KLY
3KL-GB-C,c 1000 to c 1170 (Norman period),з 1000до 1170 рр. (нормандський період),3KL
3KL-GB-D,c 1154 to c 1485 (Plantagenet and Angevin period),з 1154 до 1485 рр. (період Плантагенета та Анжевіна),3KL
3KL-IE-N,1169 to c 1350 (Irish Norman and medieval period),з 1169 до 1350 рр. (ірландсько-нормандський та середньовічний періоди),3KL
3KL-IT-D,"c 1000 to c 1400 (Italian period of Communes, ‘Signorie’)","з 1000 до 1400 рр. (італійський період комун, «Синьйорі»)",3KL
3KL-KR-N,c 918 to c 1392 (Korean Goryeo period),c 918 to c 1392 (Korean Goryeo period),3KL
3KL-PL-A,c 960 to 1370 (period of the Piast dynasty),з 960 до 1370 рр. (період династії П’ястів),3KL
3KL-SE-J,c 1050 to c 1520 (Swedish medieval period),з 1050 до 1520 рр. (шведський середньовічний період),3KL
3KL-UA-D,c 1242 to c 1502 (Period of the Golden Horde),c 1242 to c 1502 (Period of the Golden Horde),3KL
3K-ES-A,c 400 to c 1492 (Spanish medieval period),з 400 до 1492 рр. (іспанський середньовічний період),3K
3K-ES-B,711–1492 (period of Arab presence in Spain),711—1492 рр. (період присутності арабів у Іспанії),3K
3K-ES-C,711–1492 (period of the ‘Reconquista’),711—1492 рр. (період «Реконкіста»),3K
3K-IT-B,c 500 BCE to c 1500 CE (Italian ancient and medieval period),з 500 р. до н. е. до 1500 р. н. е. (італійський античний та середньовічний періоди),3K
3M,c 1500 onwards to present day,з 1500 р. до сьогодення,3
3MD,"16th century, c 1500 to c 1599","XVІ ст., з 1500 до 1599 рр.",3M
3MDB,Early 16th century c 1500 to c 1550,"Початок XVІ ст., з 1500 до 1550 рр.",3MD
3MDBA,c 1500 to c 1509,з 1500 до 1509 рр.,3MDB
3MDBF,c 1510 to c 1519,з 1510 до 1519 рр.,3MDB
3MDBH,c 1520 to c 1529,з 1520 до 1529 рр.,3MDB
3MDBJ,c 1530 to c 1539,з 1530 до 1539 рр.,3MDB
3MDBL,c 1540 to c 1549,з 1540 до 1549 рр.,3MDB
3MDQ,Later 16th century c 1550 to c 1599,"Кінець XVІ ст., з 1550 до 1599 рр.",3MD
3MDQM,c 1550 to c 1559,з 1550 до 1559 рр.,3MDQ
3MDQS,c 1560 to c 1569,з 1560 до 1569 рр.,3MDQ
3MDQV,c 1570 to c 1579,з 1570 до 1579 рр.,3MDQ
3MDQX,c 1580 to c 1589,з 1580 до 1589 рр.,3MDQ
3MDQZ,c 1590 to c 1599,з 1590 до 1599 рр.,3MDQ
3MDQ-JP-A,c 1573 to 1600 (Japanese Azuchi Momoyama period),з 1573 до 1600 рр. (японський період Азуті-Момояма),3MDQ
3MDQ-NL-D,1566–1648 (period of the Eighty Years’ War),1566–1648 рр. (період Вісімдесятирічної війни),3MDQ
3MD-CA-A,1534–1763 (period of New France / Nouvelle-France),1534–1763 рр. (період Нової Франції),3MD
3MD-GB-G,1485–1603 (Tudor period),1485–1603 рр. (період династії Тюдорів),3MD
3MD-GB-GE,1558–1603 (Elizabethan period),1558–1603 рр. (період правління Єлизавети),3MD-GB-G
3MD-IE-P,c 1556 to c 1663 (period of the Plantations of Ireland),з 1556 до 1663 рр. (період колонізації Ірландії),3MD
3MD-IT-N,"c 1494 to c 1559 (period of the Italian Wars, period of the Italian High Renaissance)","c 1494 to c 1559 (period of the Italian Wars, period of the Italian High Renaissance)",3MD
3MD-SE-L,c 1520 to 1654 (period of the Vasa dynasty),з 1520 до 1654 рр. (період династії Вас)),3MD
3MG,"17th century, c 1600 to c 1699","XVІІ ст., з 1600 до 1699 рр.",3M
3MGB,Early 17th century c 1600 to c 1650,"Початок XVІІ ст., з 1600 до 1650 рр.",3MG
3MGBA,c 1600 to c 1609,з 1600 до 1609 рр.,3MGB
3MGBF,c 1610 to c 1619,з 1610 до 1619 рр.,3MGB
3MGBH,c 1620 to c 1629,з 1620 до 1629 рр.,3MGB
3MGBJ,c 1630 to c 1639,з 1630 до 1639 рр.,3MGB
3MGBL,c 1640 to c 1649,з 1640 до 1649 рр.,3MGB
3MGB-GB-H,1603–1649 (Jacobean and Early Stuart period),1603–1649 рр. (періоди Якова та раннього Стюарта),3MGB
3MGB-DE-B,c 1618 to c 1648 (period of the Thirty Years War),з 1618 до 1648 рр. (період Тридцятирічної війни),3MGB
3MGQ,Later 17th century c 1650 to c 1699,"Кінець XVІІ ст., з 1650 до 1699 рр.",3MG
3MGQM,c 1650 to c 1659,з 1650 до 1659 рр.,3MGQ
3MGQM-GB-J,c 1639 to 1660 (Interregnum and the period of the British Civil Wars),з 1639 до 1660 рр. (Міжцарів’я та період Британських громадянських воєн),3MGQM
3MGQM-IE-C,1649–1653 (period of Cromwellian conquest of Ireland),1649–1653 (період завоювання Ірландії Кромвелем),3MGQM
3MGQS,c 1660 to c 1669,з 1660 до 1669 рр.,3MGQ
3MGQS-GB-K,1660 to 1714 (Restoration and the Later Stuart period),з 1660 до 1714 рр. (Відновлення та пізніший період Стюарта),3MGQS
3MGQV,c 1670 to c 1679,з 1670 до 1679 рр.,3MGQ
3MGQX,c 1680 to c 1689,з 1680 до 1689 рр.,3MGQ
3MGQX-GB-M,1688 to c 1691 (period of William III and the Wars of British Succession),з 1688 до 1691 рр. (період Вільгельма III та війни за спадкоємність Великобританії),3MGQX
3MGQZ,c 1690 to c 1699,з 1690 до 1699 рр.,3MGQ
3MG-IT-G,1559–1714 (period of Spanish domination in Italy),1559–1714 рр. (період іспанського панування в Італії),3MG
3MG-PL-A,1569–1795 (period of the Polish-Lithuanian Commonwealth),1569–1795 рр. (період Речі Посполитої),3MG
3MG-SE-N,c 1611 to c 1718 (period of the Swedish Empire),з 1611 до 1718 рр. (період Шведської імперії),3MG
3MG-UA-D,c 1648 to c 1764 (Period of the Cossack Hetmanate),c 1648 to c 1764 (Period of the Cossack Hetmanate),3MG
3MG-US-A,c 1600 to c 1775 (period of European colonization and settlement of North America),з 1600 до 1775 рр. (період європейської колонізації та заселення Північної Америки),3MG
3ML,"18th century, c 1700 to c 1799","XVІІІ ст., з 1700 до 1799 рр.",3M
3MLB,Early 18th century c 1700 to c 1750,"Початок XVІІІ ст., з 1700 до 1750 рр.",3ML
3MLBA,c 1700 to c 1709,з 1700 до 1709 рр.,3MLB
3MLBF,c 1710 to c 1719,з 1710 до 1719 рр.,3MLB
3MLBH,c 1720 to c 1729,з 1720 до 1729 рр.,3MLB
3MLBJ,c 1730 to c 1739,з 1730 до 1739 рр.,3MLB
3MLBL,c 1740 to c 1749,з 1740 до 1749 рр.,3MLB
3MLB-GB-J,c 1700 to c 1760 (Jacobite period),з 1700 до 1760 рр. (якобітський період),3MLB
3MLQ,Later 18th century c 1750 to c 1799,"Кінець XVІІІ ст., з 1750 до 1799 рр.",3ML
3MLQM,c 1750 to c 1759,з 1750 до 1759 рр.,3MLQ
3MLQS,c 1760 to c 1769,з 1760 до 1769 рр.,3MLQ
3MLQV,c 1770 to c 1779,з 1770 до 1779 рр.,3MLQ
3MLQX,c 1780 to c 1789,з 1780 до 1789 рр.,3MLQ
3MLQZ,c 1790 to c 1799,з 1790 до 1799 рр.,3MLQ
3MLQZ-BE-B,1789–1791 (period of the Brabant and Liège Revolutions),1789–1791 рр. (період Брабантської та Льєзької революцій),3MLQZ
3MLQZ-FR-A,c 1789 to c 1799 (French Revolutionary period),з 1789 до 1799 рр. (революційний період у Франції),3MLQZ
3MLQZ-IE-R,c 1798 (period of the Irish Rebellion of 1798),1798 р.(період повстання 1798 р. у Ірландії),3MLQZ
3MLQ-PL-A,1772–1795 (period of the Partitions of Poland),1772–1795 рр. (період поділів Польщі),3MLQ
3MLQ-SE-R,1772–1809 (Gustavian Era),1772–1809 рр. (Епоха Густавія),3MLQ
3MLQ-US-B,c 1765 to 1783 (American Revolutionary period),з 1765 до 1783 рр. (період революцій в Америці),3MLQ
3MLQ-US-C,c 1783 to c 1800 (American Federalist era),з 1783 tдо 1800 рр. (епоха американського федералізму),3MLQ
3ML-DE-B,"c 1648 to 1779 (period of Absolutism and Enlightenment in Germany, and Central and Eastern Europe)","з 1648 до 1779 рр. (період абсолютизму та Просвітництва в Німеччині, Центральній та Східній Європі)",3ML
3ML-GB-P,1714–1837 (Georgian period),1714–1837 (грузинський період),3ML
3ML-GB-PR,c 1811 to c 1820 (Regency period),з 1811 до 1820 рр. (період Регентства),3ML-GB-P
3ML-IT-H,1701–1796 (period of Austrian domination in Italy),1701–1796 рр. (період австрійського панування в Італії),3ML
3ML-SE-Q,c 1718 to c 1772 (Swedish Age of Liberty),з 1718 до 1772 рр. (Шведська Епоха Свободи),3ML
3MN,"19th century, c 1800 to c 1899","ХІХ ст., з 1800 до 1899 рр.",3M
3MNB,Early 19th century c 1800 to c 1850,"Початок ХІХ ст., з 1800 до 1850 рр.",3MN
3MNBA,c 1800 to c 1809,з 1800 до 1809 рр.,3MNB
3MNBF,c 1810 to c 1819,з 1810 до 1819 рр.,3MNB
3MNBH,c 1820 to c 1829,з 1820 до 1829 рр.,3MNB
3MNBJ,c 1830 to c 1839,з 1830 до 1839 рр.,3MNB
3MNBJ-BE-D,1830–1831 (period of Belgian Revolution and Independence),1830–1831 рр. (період бельгійської революції та незалежності),3MNBJ
3MNBJ-CA-D,1837–1838 (period of Patriots’ War / Lower Canada Rebellion),1837–1838 рр. (період Війни патріотів / повстання Нижньої Канади),3MNBJ
3MNBL,c 1840 to c 1849,з 1840 до 1849 рр.,3MNB
3MNBL-IE-F,1845 to c 1852 (period of the Great Irish Famine),з 1845 до 1852 рр. (період Великого ірландського голоду),3MNBL
3MNB-BE-C,1814–1830 (period of the United Kingdom of the Netherlands),1814–1830 рр. (період Сполученого Королівства Нідерландів),3MNB
3MNB-DE-C,c 1780 to c 1848 (period of the European Revolutions),з 1780 до 1848 рр. (період революцій у Європі),3MNB
3MNB-ES-A,1808–1813 (period of Spanish War of Independence),1808–1813 рр. (період Іспанської війни за незалежність),3MNB
3MNB-GB-T,c 1760 to c 1840 (period of the British Industrial Revolution),з 1760 до 1840 рр. (період Британської промислової революції),3MNB
3MNB-IT-M,"1796–1848 (Napoleonic era, Restoration period, Risorgimento uprisings in Italy)","1796–1848 рр. (епоха Наполеона, період відновлення, повстання Рисорджименто (національно-визвольний рух) в Італії)",3MNB
3MNB-US-D,c 1800 to c 1861 (period of North American exploration and expansion),з 1800 до 1861 рр. (період американських розвідок та експансія),3MNB
3MNB-XA-R,c 1808 to c 1833 (period of Spanish American wars of independence),з 1808 до 1833 рр. (період іспано-американських війн за незалежність),3MNB
3MNQ,Later 19th century c 1850 to c 1899,"Кінець ХІХ ст., з 1850 до 1899 рр.",3MN
3MNQM,c 1850 to c 1859,з 1850 до 1859 рр.,3MNQ
3MNQS,c 1860 to c 1869,з 1860 до 1869 рр.,3MNQ
3MNQV,c 1870 to c 1879,з 1870 до 1879 рр.,3MNQ
3MNQX,c 1880 to c 1889,з 1880 до 1889 рр.,3MNQ
3MNQZ,c 1890 to c 1899,з 1890 до 1899 рр.,3MNQ
3MNQZ-DE-D,1871–1914 (German Imperial period),1871–1914 рр. (імператорський період у Німеччині),3MNQZ
3MNQ-AR-D,1880–1916 (period of the Generation of ’80 and the ‘República Conservadora’ in Argentina),1880–1916 рр. (період Покоління 80-х та «Республіки консерваторів» в Аргентині),3MNQ
3MNQ-GB-V,1837–1901 (Victorian period),1837–1901 рр. (вікторіанський період),3MNQ
3MNQ-IE-G,c 1850 to 1916 (period of the Gaelic Revival in Ireland),з 1850 до 1916 рр. (Гельський період Відродження в Ірландії ),3MNQ
3MNQ-IT-N,1850–1861 (period of National Independence and Risorgimento in Italy),1850–1861 рр. (період національної незалежності та Рисорджименто в Італії),3MNQ
3MNQ-IT-P,1861 to c 1900 (period of National Unification and the first decades of the Kingdom of Italy),з 1861 до 1900 рр. (Період Національного об’єднання та перші десятиліття Італійського королівства),3MNQ
3MNQ-JP-M,1868–1912 (Japanese Meiji period),1868–1912 рр. (японський період Мейдзі),3MNQ
3MNQ-MX-P,1876 to 1910 (The Porfiriato period),з 1876 до 1910 рр. (період Порфіріат (порфіризм)),3MNQ
3MNQ-NL-B,c 1871 to c 1914 (Belle Époque period),c 1871 to c 1914 (Belle Époque period),3MNQ
3MNQ-US-E,1861–1877 (American Civil War period and the era of Reconstruction),1861–1877 рр. (період громадянської війни в Америці та епоха відновлення),3MNQ
3MNQ-US-F,c 1877 to c 1893 (‘The Gilded Age’ in the USA),з 1877до 1893 рр. («Позолочений вік» у США),3MNQ
3MN-DK-G,c 1800 to c 1850 (Danish Golden Age),з 1800 до 1850 рр. (Датський Золотий Вік),3MN
3MN-ES-A,1808 to c 2000 (Spanish Modern and Contemporary period),з 1808 до 2000 рр. (іспанський Новий та новітній час ),3MN
3MN-FI-A,1809–1917 (Finnish period of Autonomy),1809–1917 рр. (фінський період автономії),3MN
3MN-PA-A,1821–1903 (period of the Union of Columbia and Panama),1821–1903 рр. (період Союзу Колумбії та Панами),3MN
3MN-UA-R,c 1800 to c 1918 (Period of the Ukrainian National Revival),c 1800 to c 1918 (Period of the Ukrainian National Revival),3MN
3MP,"20th century, c 1900 to c 1999","ХХ ст., з 1900 до 1999 рр.",3M
3MPB,Early 20th century c 1900 to c 1950,"Початок ХХ ст., з 1900 до 1950 рр.",3MP
3MPBA,c 1900 to c 1909,з 1900 до 1909 рр.,3MPB
3MPBF,c 1910 to c 1919,з 1910 до 1919 рр.,3MPB
3MPBFB,c 1914 to c 1918 (World War One period),з 1914 до 1918 рр. (період Першої світової війни),3MPBF
3MPBF-FI-A,1918 (Finnish Civil War period),1918 р. (період громадянської війни у ​​Фінляндії),3MPBF
3MPBF-IE-R,1916–1922 (Irish Revolutionary period),1916–1922 рр. (революційний період в Ірландії),3MPBF
3MPBF-MX-R,1910 to c 1917 (Mexican Revolutionary period),з 1910 до 1917 рр. (революційний період у Мексиці),3MPBF
3MPBF-RU-R,1917–1923 (Russian Revolutionary period),1917–1923 рр. (революційний період ...),3MPBF
3MPBF-UA-R,1917 to 1921 (Period of the Ukrainian War of Independence),1917 to 1921 (Period of the Ukrainian War of Independence),3MPBF
3MPBG,c 1919 to c 1939 (Inter-war period),з 1919 до 1939 рр. (міжвоєнний період),3MPB
3MPBGH,c 1920 to c 1929,з 1920 до 1929 рр.,3MPBG
3MPBGH-ES-A,1923–1930 (period of Dictatorship of Primo de Rivera),1923–1930 рр. (період диктатури Прімо де Рівери),3MPBGH
3MPBGH-IE-C,1922–1923 (Irish Civil War period),1922–1923 рр. (період громадянської війни в Ірландії),3MPBGH
3MPBGH-US-J,c 1919 to c 1929 (The Jazz Age),з 1919 до 1929 рр. (епоха джазу),3MPBGH
3MPBGJ,c 1930 to c 1939,з 1930 до 1939 рр.,3MPBG
3MPBGJ-AR-A,1930–1943 (Infamous Decade in Argentina),1930–1943 рр. (Ганебне десятиліття в Аргентині / Період військової диктатури та періоди демократичного правління),3MPBGJ
3MPBGJ-DE-H,1933–1945 (National Socialist period),1933–1945 рр. (національно-соціалістичний період),3MPBGJ
3MPBGJ-ES-A,1931–1936 (period of the Spanish Second Republic),1931–1936 рр. (період Другої Іспанської республіки),3MPBGJ
3MPBGJ-ES-B,1936–1939 (Spanish Civil War period),1936–1939 рр. (період громадянської війни в Іспанії),3MPBGJ
3MPBGJ-US-K,1929 to c 1939 (period of the Great Depression),з 1929 до 1939 рр. (Період Великої депресії),3MPBGJ
3MPBG-DE-G,1918–1933 (period of the Weimar Republic),1918–1933 рр. (період Веймарської республіки),3MPBG
3MPBG-IE-S,1922–1937 (Irish Free State period),1922–1937 рр. (період вільної держави в Ірландії),3MPBG
3MPBG-IT-S,1918–1943 (Italian post-war and Fascist period),1918–1943 рр. (повоєнний та фашистський період у Італії),3MPBG
3MPBL,c 1940 to c 1949,з 1940 до 1949 рр.,3MPB
3MPBLB,c 1938 to c 1946 (World War Two period),з 1938 до 1946 рр. (період Другої світової війни),3MPBL
3MPBLB-FI-A,1939–1944 (period of the Finnish Winter War and Continuation War),1939–1944 рр. (період фінської зимової війни та її продовження),3MPBLB
3MPBLB-PL-A,1943 (period of the Warsaw Ghetto uprising),1943 р. (період повстання у Варшавському гетто),3MPBLB
3MPBLB-PL-B,1944 (period of the Warsaw Rising),1944 р. (період Варшавського повстання),3MPBLB
3MPBL-AR-C,1943–1955 (period of Peronism and the Peron presidencies),1943–1955 рр. (період перонізму та президентства Перона),3MPBL
3MPBL-BE-F,"1940–1951 (period of German occupation, Regency and the ‘Royal Question’ in Belgium)","1940–1951 рр. (період німецької окупації, регентства та «королівського питання» в Бельгії)",3MPBL
3MPBL-DK-B,1940–1945 (period of German Occupation of Denmark),1940–1945 рр. (період німецької окупації Данії),3MPBL
3MPBL-ES-A,1940–1949 (Spanish post civil-war period),1940–1949 рр. (період громадянської війни в Іспанії),3MPBL
3MPBL-IT-T,1943–1945 (period of Resistance and liberation from Fascism in Italy),1943–1945 рр. (період опору та звільнення від фашизму в Італії),3MPBL
3MPBL-IT-U,1946–1968 (post Second World War period and Foundation of Italian Republic),1946–1968 рр. (період після Другої світової війни та заснування Італійської Республіки),3MPBL
3MPB-AR-B,1916–1930 (period of the Saenz Peña Law and First democratic governments in Argentina),1916–1930 рр. (період дії закону Саєнц Пенья та перших демократичних урядів в Аргентині),3MPB
3MPB-ES-A,c 1900 to c 1931 (period of the end of Spanish Monarchy),з 1900 до 1931 рр. (період кінця Іспанської монархії),3MPB
3MPB-FI-A,1899–1917 (period of Russification of Finland),1899–1917 рр. (період русифікації Фінляндії),3MPB
3MPB-IT-R,1900–1914 (Italian Giolittian period),1900–1914 рр. (італійський період Джоліттіана),3MPB
3MPB-JP-B,1912–1926 (Japanese Taisho period),1912–1926 рр. (японський період Тайсьо /Тайшьо),3MPB
3MPB-JP-D,1926–1945 (Japanese pre-war Showa period),1926–1945 рр. (японський довоєнний період Шоу),3MPB
3MPB-KR-S,c 1910 to c 1945 (Korean Japanese colonial period),c 1910 to c 1945 (Korean Japanese colonial period),3MPB
3MPB-US-H,c 1890 to c 1929 (Progressive Era in the USA),з 1890 до 1929 рр. (Прогресивна ера в США),3MPB
3MPQ,Later 20th century c 1950 to c 1999,"Кінець ХХ ст., з 1950 до 1999 рр.",3MP
3MPQM,c 1950 to c 1959,з 1950 до 1959 рр.,3MPQ
3MPQM-US-N,1950–1953 (Korean War period),1950–1953 рр. (період війни в Кореї),3MPQM
3MPQS,c 1960 to c 1969,з 1960 до 1969 рр.,3MPQ
3MPQS-CA-Q,1960 to c 1968 (period of the Quiet Revolution in Quebec),з 1960 до 1968 рр. (період Тихої революції в Квебеку),3MPQS
3MPQS-DE-K,1968 (period of Protests of ’68),1968 р. (період протестів ’68),3MPQS
3MPQS-US-P,c 1954 to c 1968 (era of the American Civil Rights Movement),з 1954 до 1968 рр. (епоха Американського руху за громадянські права),3MPQS
3MPQS-US-Q,c 1955 to c 1975 (Vietnam War period),з 1955 до1975рр. (період війни у ​​В’єтнамі),3MPQS
3MPQV,c 1970 to c 1979,з 1970 до 1979 рр.,3MPQ
3MPQV-AR-C,1976–1983 (period of Military dictatorship in Argentina),1976–1983 рр. (період військової диктатури в Аргентині),3MPQV
3MPQV-DE-L,1977 (period of the German Autumn / Deutscher Herbst),1977 р. (період «Німецької осені»),3MPQV
3MPQV-IT-W,1969–1980 (period of protest and ‘Anni di Piombo’ in Italy),1969–1980 рр. (період протесту та «Анні ді Піомбо» в Італії),3MPQV
3MPQX,c 1980 to c 1989,з 1980 до 1989 рр.,3MPQ
3MPQX-XA-B,c 1985 to c 1996 (Period of end of Cold War / End of the USSR),c 1985 to c 1996 (Period of end of Cold War / End of the USSR),3MPQX
3MPQZ,c 1990 to c 1999,з 1990 до 1999 рр.,3MPQ
3MPQZ-IT-X,1990–1999 (period of the crisis of the Nineties and so-called Second Republic in Italy),1990–1999 рр. (період кризи 90-х і так званої Другої республіки в Італії),3MPQZ
3MPQ-DE-J,c 1945 to c 1990 (the Cold War period),з 1945 до 1990 рр. (період «Холодної війни»),3MPQ
3MPQ-ES-A,c 1940 to 1975 (period of Franco’s dictatorship),з 1940 до 1975 рр. (період диктатури Франко),3MPQ
3MPQ-ES-B,1975 to c 1982 (period of Spanish Democratic transition),з 1975 до 1982 рр. (період демократичного переходу в Іспанії),3MPQ
3MPQ-ES-C,c 1982 to present (Spanish democratic period),з 1982 р. по теперішній час (демократичний період в Іспанії),3MPQ
3MPQ-IE-T,c 1968 to c 1999 (period of The Troubles in Northern Ireland),з 1968 до 1999 рр. (період «Смути» у Північній Ірландії),3MPQ
3MPQ-IT-V,"c 1950 to c 1968 (period of reconstruction, economic miracle, social and political transformations in Italy)","з 1950 до 1968 рр. (період відновлення, економічного дива, соціальних та політичних перетворень в Італії)",3MPQ
3MPQ-JP-B,1945–1989 (Japanese post-war Showa period),1945–1989 рр. (японський післявоєнний період Шоу),3MPQ
3MPQ-PA-A,1968–1989 (period of the Panamanian Military Dictatorship),1968–1989 рр. (період Панамської військової диктатури),3MPQ
3MPQ-PL-A,1947–1989 (period of the Polish People’s Republic),1947–1989 (період Польської Народної Республіки),3MPQ
3MP-AA-E,c 1882 to present (Modern Egyptian period),з 1882 р. по теперішній час (сучасний єгипетський період),3MP
3MP-JP-S,1926–1989 (Japanese Showa period),1926–1989 рр. (японський період Шоу),3MP
3MP-PA-B,1903–1968 (the Panamanian republican period),1903–1968 рр. (панамський республіканський період),3MP
3MP-SE-A,c 1930 to 1965 (period of Swedish ‘Folkhemmet’),з 1930 до 1965 рр. (період шведського «Будинок для народу»),3MP
3MR,"21st century, c 2000 to c 2100","ХХІ ст., з 2000 до 2100 рр.",3M
3MRB,Early 21st century c 2000 to c 2050,"Початок ХХІ ст., з 2000 до 2050 рр.",3MR
3MRBA,c 2000 to c 2009,з 2000 до 2009 рр.,3MRB
3MRBA-XA-B,c 2000 to c 2007 (Period of the Colour Revolutions),c 2000 to c 2007 (Period of the Colour Revolutions),3MRBA
3MRBF,c 2010 to c 2019,з 2010 до 2019 рр.,3MRB
3MRBF-XA-B,c 2010 to c 2014 (Period of the Spring Revolutions),c 2010 to c 2014 (Period of the Spring Revolutions),3MRBF
3MRBH,c 2020 to c 2029,з 2020 до 2029 рр.,3MRB
3MRBJ,c 2030 to c 2039,з 2030 до 2039рр.,3MRB
3MRBL,c 2040 to c 2049,з 2040 до 2049рр.,3MRB
3MRB-JP-D,1989 to 2019 (Japanese Heisei period),з 1989 до 2019 рр. (японський період Хейсей),3MRB
3MRB-JP-R,2019 onwards (Japanese Reiwa period),2019 р. і далі (японський період Рейва),3MRB
3MRQ,Later 21st century c 2050 to c 2099,Later 21st century c 2050 to c 2099,3MR
3MRQA,c 2050 to c 2059,c 2050 to c 2059,3MRQ
3MRQF,c 2060 to c 2069,c 2060 to c 2069,3MRQ
3MRQH,c 2070 to c 2079,c 2070 to c 2079,3MRQ
3MRQJ,c 2080 to c 2089,c 2080 to c 2089,3MRQ
3MRQL,c 2090 to c 2099,c 2090 to c 2099,3MRQ
3M-AA-E,c 1517 to c 1914 (Early Modern Egyptian period),з 1517 до 1914 рр. (Ранній Новий Єгипет),3M
3M-ES-A,c 1492 to c 1808 (Spanish Early Modern period),з 1492 до 1808 рр. (період раннього Нового часу в Іспанії),3M
3M-ES-AB,c 1492 to c 1690 (Spanish Golden Age or ‘Siglo de oro’),"з 1492 до 1690 рр. (Золотий Вік, Іспанія)",3M-ES-A
3M-JP-E,c 1600 to 1867 (Japanese Edo period),з 1600 до 1867 рр. (японський період Едо),3M
3M-KR-T,c 1392 to 1910 (Korean Joseon dynasty period),c 1392 to 1910 (Korean Joseon dynasty period),3M
3P,c 2100 onwards,c 2100 onwards,3
3PH,c 2100 to c 2500,c 2100 to c 2500,3P
3PHK,"22nd century, c 2100 to 2199","22nd century, c 2100 to 2199",3PH
3PHN,"23rd century, c 2200 to 2299","23rd century, c 2200 to 2299",3PH
3PHW,"24th century, c 2300 to 2399","24th century, c 2300 to 2399",3PH
3PHY,"25th century, c 2400 to 2499","25th century, c 2400 to 2499",3PH
3PL,c 2500 to c 3000,c 2500 to c 3000,3P
4,Educational purpose qualifiers,Визначники освітніх властивостей/ Визначники властивостей для освіти,
4C,For all educational levels,Всі освітні рівні,4
4CA,For pre-school learning,Дошкільне навчання,4C
4CD,For primary education,Початкова освіта,4C
4CF,For middle / preparatory school education,Середня / підготовча школа,4C
4CL,For secondary education,Середня освіта,4C
4CN,For advanced / upper secondary education,Поглиблена середня освіта,4C
4CP,For vocational / professional education / training,Професійна освіта / навчання,4C
4CPC,For vocational / professional certification / qualifications,Професійна кваліфікація/ професійна сертифікація,4CP
4CPF,For official government / civil service exams / qualifications,Офіційні державні кваліфікації/ державні іспити,4CP
4CPG,"For Recruitment, Professional Aptitude or Reasoning tests","Для набору на роботу, професійні здібності або тести на міркування",4CP
4CPK,For tests of general knowledge or culture,Тести загальних знань або культури,4CP
4CQ,For bridging courses / education,For bridging courses / education,4C
4CT,For higher / tertiary / university education,Вища /середня/ університетська освіта,4C
4CTB,For undergraduate education and equivalents,Бакалаврська освіта або еквівалент,4CT
4CTM,For graduate / post-graduate and equivalents,Для випускників/ аспірантів та еквівалентів,4CT
4CX,For adult education,Освіта дорослих,4C
4CXB,For adult education: beginners levels,Освіта дорослих: рівень для початківців,4CX
4CXF,For adult education: intermediary levels,Освіта дорослих: середній рівень,4CX
4CXL,For adult education: advanced levels,Освіта дорослих: поглиблений рівень,4CX
4G,For international curricula and examinations,Міжнародні навчальні плани та іспити,4
4GA,For International Baccalaureate (IB) pre-diploma level programmes,"Міжнародний бакалаврат (IB), програми додипломного рівня",4G
4GAJ,For International Baccalaureate (IB) Primary Years programme (PYP),Міжнародний бакалаврат (IB).Програма для початкового курсу,4GA
4GAS,For International Baccalaureate (IB) Middle Years programme,Міжнародний бакалаврат (IB). Програма для середнього курсу,4GA
4GB,For International Baccalaureate (IB) Diploma,Міжнародний бакалаврат (IB). Диплом,4G
4GC,For International Baccalaureate (IB) Career-related Certificate,"Міжнародний бакалаврат (IB). Сертифікат, що стосується кар’єри",4G
4GH,For International GCSE (IGCSE),Міжнародна кваліфікація GCSE (IGCSE),4G
4GJ,For International AS / A level,Міжнародний рівень AS / A,4G
4GT,For IAC International Early Years Curriculum (IEYC) & International Primary Curriculum (IPC),For IAC International Early Years Curriculum (IEYC) & International Primary Curriculum (IPC),4G
4L,For language learning courses and examinations,Курси вивчення мови та іспитів,4
4LB,For language proficiency tests / exams,Тести / іспити на знання мови,4L
4LC,For TELC Language tests,Мовні тести TELC,4L
4LE,"For ELT / ESL learning, courses, examinations and certificates","Вивчення ELT / ESL, курсів, іспитів та сертифікати",4L
4LEA,Cambridge English Exams,Іспити з англійської мови у Кеймбриджі,4LE
4LEC,International English Language Testing System (IELTS),Міжнародна система тестування англійської мови (IELTS),4LE
4LEF,Test of English as a Foreign Language (TOEFL),Тест з англійської мови як іноземної (TOEFL),4LE
4LEH,Test of English for International Communication (TOEIC),Тест з англійської мови для міжнародного спілкування (TOEIC),4LE
4LEP,ELT: Exams and tests of English for specific purposes,ELT: Іспити та тести з англійської мови для конкретної мети,4LE
4LZ,"For specific language learning, courses, examinations and certificates other than ELT / ESL","Для спеціального вивчення мови, курсів, іспитів та сертифікатів, крім ELT / ESL",4L
4LZ-ES-D,Diplomas of Spanish as a foreign or second language,Дипломи іспанської мови як іноземної або другої мови,4LZ
4LZ-FR-D,Diplomas of French as a foreign or second language,Дипломи французької мови як іноземної або другої мови,4LZ
4LZ-IT-H,Certification of Italian language learning,Сертифікати вивчення італійської мови,4LZ
4LZ-IT-HB,For Italian language learning: CELI Certificate,Для вивчення італійської мови: сертифікат CELI,4LZ-IT-H
4LZ-IT-HD,For Italian language learning: CIC Certificate,Для вивчення італійської мови: сертифікат CIC,4LZ-IT-H
4LZ-IT-HF,For Italian language learning: PLIDA Certificate,Для вивчення італійської мови: сертифікат PLIDA,4LZ-IT-H
4LZ-IT-HH,For Italian language learning: CILS Certificate,Для вивчення італійської мови: сертифікат CILS,4LZ-IT-H
4LZ-KR-K,For Korean language Proficiency tests and exams,For Korean language Proficiency tests and exams,4LZ
4T,For specific educational purposes,Для конкретної навчальної мети,4
4TC,"Textbook, coursework","Підручник, курсова робота",4T
4TD,For Teachers / Educators / Instructors classroom use,For Teachers / Educators / Instructors classroom use,4T
4TE,Content specifically adapted for guided classroom use,Content specifically adapted for guided classroom use,4T
4TG,Content suitable for classroom use but not specifically created for educational purposes,Content suitable for classroom use but not specifically created for educational purposes,4T
4TM,Revision and study guide,Повторення (репетиторство або методичні посібники) Навчальні посібники,4T
4TN,For examinations / tests / assessments,Для іспитів / контрольних робіт / тестів / оцінок,4T
4TNC,For citizenship exams / tests,Для іспитів / тестів на отримання громадянства,4TN
4TNH,For Entrance or Admissions exams / tests,Для вступних іспитів / тестів,4TN
4TP,Content and language integrated learning (CLIL),Комплексне навчання за змістом та мовою (CLIL),4T
4TQ,For Intercultural bilingual education (IBE),Для міжкультурної двомовної освіти (МШП),4T
4TR,For plurilingual or intercultural education,For plurilingual or intercultural education,4T
4TV,For supplementary education programmes (compensatory / complementary education),Для додаткових навчальних програм (корекційне / подальше навчання),4T
4TW,For specific learning difficulties,Освіта людей з особливими освітніми потребами,4T
4TY,For home learning / Self-study / autonomous learning,Для домашнього навчання / Самонавчання / автономне навчання,4T
4TYB,For home learning: beginner / introductory levels,Для домашнього навчання: рівень для початківців,4TY
4TYF,For home learning: intermediary levels,Для домашнього навчання: середній рівень,4TY
4TYL,For home learning: advanced levels,Для домашнього навчання: поглиблений рівень,4TY
4Z,For specific national or regional educational curricula,Для конкретних національних або регіональних навчальних програм,4
4Z-AA-,For educational curricula in the Arab world,Освітні (навчальні) програми в арабському світі,4Z
4Z-AA-E,For the educational curriculum of Egypt,Освітні програми Єгипту,4Z-AA-
4Z-AA-EA,For Al-Azhar Education System (Egypt),For Al-Azhar Education System (Egypt),4Z-AA-E
4Z-AR-,For the educational curriculum of Argentina,Освітні програми Аргентини,4Z
4Z-AR-A,For pre-school education (Argentina),For pre-school education (Argentina),4Z-AR-
4Z-AR-B,For primary education (Argentina),For primary education (Argentina),4Z-AR-
4Z-AR-BA,Primary Education 1st Cycle (Argentina),Primary Education 1st Cycle (Argentina),4Z-AR-B
4Z-AR-BC,Primary Education 2nd Cycle (Argentina),Primary Education 2nd Cycle (Argentina),4Z-AR-B
4Z-AR-BD,7th Grade Primary Education (Argentina),7th Grade Primary Education (Argentina),4Z-AR-B
4Z-AR-C,For secondary education (Argentina),For secondary education (Argentina),4Z-AR-
4Z-AR-CA,For basic secondary education (Argentina),For basic secondary education (Argentina),4Z-AR-C
4Z-AR-CB,For higher secondary education (Argentina),For higher secondary education (Argentina),4Z-AR-C
4Z-AR-CC,For technical secondary education (Argentina),For technical secondary education (Argentina),4Z-AR-C
4Z-AT-,For the educational curriculum of Austria,For the educational curriculum of Austria,4Z
4Z-AU-,For Educational curricula of Australia,Освітні програми Австралії,4Z
4Z-AU-A,For Early years education (Australia),For Early years education (Australia),4Z-AU-
4Z-AU-AA,For Pre-school education (Australia),For Pre-school education (Australia),4Z-AU-A
4Z-AU-AB,For Kindergarten education / Foundation Level (Australia),For Kindergarten education / Foundation Level (Australia),4Z-AU-A
4Z-AU-B,For Primary education (Australia),For Primary education (Australia),4Z-AU-
4Z-AU-BA,For Year 1 (Australia),For Year 1 (Australia),4Z-AU-B
4Z-AU-BB,For Year 2 (Australia),For Year 2 (Australia),4Z-AU-B
4Z-AU-BC,For Year 3 (Australia),For Year 3 (Australia),4Z-AU-B
4Z-AU-BD,For Year 4 (Australia),For Year 4 (Australia),4Z-AU-B
4Z-AU-BE,For Year 5 (Australia),For Year 5 (Australia),4Z-AU-B
4Z-AU-BF,For Year 6 (Australia),For Year 6 (Australia),4Z-AU-B
4Z-AU-C,For Secondary education (Australia),For Secondary education (Australia),4Z-AU-
4Z-AU-CA,For Year 7 (Australia),For Year 7 (Australia),4Z-AU-C
4Z-AU-CB,For Year 8 (Australia),For Year 8 (Australia),4Z-AU-C
4Z-AU-CC,For Year 9 (Australia),For Year 9 (Australia),4Z-AU-C
4Z-AU-CD,For Year 10 (Australia),For Year 10 (Australia),4Z-AU-C
4Z-AU-CE,For Year 11 (Australia),For Year 11 (Australia),4Z-AU-C
4Z-AU-CF,For Year 12 (Australia),For Year 12 (Australia),4Z-AU-C
4Z-AU-D,For Australian vocational and educational training (VET),For Australian vocational and educational training (VET),4Z-AU-
4Z-AU-H,For The Australian Curriculum,For The Australian Curriculum,4Z-AU-
4Z-AU-N,For New South Wales curriculum,For New South Wales curriculum,4Z-AU-
4Z-AU-NH,For the Higher School Certificate,For the Higher School Certificate,4Z-AU-N
4Z-AU-Q,For Queensland curriculum,For Queensland curriculum,4Z-AU-
4Z-AU-QH,For the Queensland Certificate of Education (QCE),For the Queensland Certificate of Education (QCE),4Z-AU-Q
4Z-AU-S,For South Australia curriculum,For South Australia curriculum,4Z-AU-
4Z-AU-SH,South Australian Certificate of Education (SACE),South Australian Certificate of Education (SACE),4Z-AU-S
4Z-AU-T,For Tasmanian curriculum,For Tasmanian curriculum,4Z-AU-
4Z-AU-TH,Tasmanian Certificate of Education (TCE),Tasmanian Certificate of Education (TCE),4Z-AU-T
4Z-AU-V,For Victoria curriculum,For Victoria curriculum,4Z-AU-
4Z-AU-VH,Victorian Certificate of Education (VCE),Victorian Certificate of Education (VCE),4Z-AU-V
4Z-AU-W,For Western Australia curriculum,For Western Australia curriculum,4Z-AU-
4Z-AU-WH,Western Australian Certificate of Education (WACE),Western Australian Certificate of Education (WACE),4Z-AU-W
4Z-AU-X,For the Northern Territories curriculum,For the Northern Territories curriculum,4Z-AU-
4Z-AU-XH,Northern Territory Certificate of Education (NTCE),Northern Territory Certificate of Education (NTCE),4Z-AU-X
4Z-AU-Y,For the Australian Capital Territory curriculum,For the Australian Capital Territory curriculum,4Z-AU-
4Z-AU-YH,For the Senior Secondary Certificate and Record of Achievement (ACT SSC),For the Senior Secondary Certificate and Record of Achievement (ACT SSC),4Z-AU-Y
4Z-BE-,For educational curricula of Belgium,Освітні програми Бельгії,4Z
4Z-BE-B,For the educational curriculum of the Flemish community (Belgium),For the educational curriculum of the Flemish community (Belgium),4Z-BE-
4Z-BE-BA,Pre-primary education (Flemish),Pre-primary education (Flemish),4Z-BE-B
4Z-BE-BB,Special Pre-primary education (Flemish),Special Pre-primary education (Flemish),4Z-BE-B
4Z-BE-BC,Primary education (Flemish),Primary education (Flemish),4Z-BE-B
4Z-BE-BD,Special Primary education (Flemish),Special Primary education (Flemish),4Z-BE-B
4Z-BE-BE,Secondary Education (Flemish),Secondary Education (Flemish),4Z-BE-B
4Z-BE-BEA,First cycle (years 1 and 2),First cycle (years 1 and 2),4Z-BE-BE
4Z-BE-BEAA,A-stream (BE),A-stream (BE),4Z-BE-BEA
4Z-BE-BEAB,B-stream (BE),B-stream (BE),4Z-BE-BEA
4Z-BE-BEB,Second cycle (years 3 and 4),Second cycle (years 3 and 4),4Z-BE-BE
4Z-BE-BEBA,Second cycle: General Secondary Education (ASO),Second cycle: General Secondary Education (ASO),4Z-BE-BEB
4Z-BE-BEBB,Second cycle: Vocational Secondary Education (BSO),Second cycle: Vocational Secondary Education (BSO),4Z-BE-BEB
4Z-BE-BEBC,Second cycle: Art Secondary Education (KSO),Second cycle: Art Secondary Education (KSO),4Z-BE-BEB
4Z-BE-BEBD,Second cycle: Technical Secondary Education (TSO),Second cycle: Technical Secondary Education (TSO),4Z-BE-BEB
4Z-BE-BEC,Third cycle (years 5 and 6),Third cycle (years 5 and 6),4Z-BE-BE
4Z-BE-BECA,Third cycle: General Secondary Education (ASO),Third cycle: General Secondary Education (ASO),4Z-BE-BEC
4Z-BE-BECB,Third cycle: Vocational Secondary Education (BSO),Third cycle: Vocational Secondary Education (BSO),4Z-BE-BEC
4Z-BE-BECC,Third cycle: Art Secondary Education (KSO),Third cycle: Art Secondary Education (KSO),4Z-BE-BEC
4Z-BE-BECD,Third cycle: Technical Secondary Education (TSO),Third cycle: Technical Secondary Education (TSO),4Z-BE-BEC
4Z-BE-BECE,Secondary-after-Secondary (Se-n-Se),Secondary-after-Secondary (Se-n-Se),4Z-BE-BEC
4Z-BE-D,For the educational curricula of the French community (Belgium),For the educational curricula of the French community (Belgium),4Z-BE-
4Z-BE-DA,Pre-primary education (French community BE),Pre-primary education (French community BE),4Z-BE-D
4Z-BE-DC,Primary education (French community BE),Primary education (French community BE),4Z-BE-D
4Z-BE-DE,Secondary Education (French community BE),Secondary Education (French community BE),4Z-BE-D
4Z-BE-H,For the educational curricula of the German-speaking community (Belgium),For the educational curricula of the German-speaking community (Belgium),4Z-BE-
4Z-BE-HA,Pre-primary education (German-speaking community BE),Pre-primary education (German-speaking community BE),4Z-BE-H
4Z-BE-HC,Primary education (German-speaking community BE),Primary education (German-speaking community BE),4Z-BE-H
4Z-BE-HE,Secondary Education (German-speaking community BE),Secondary Education (German-speaking community BE),4Z-BE-H
4Z-BO-,For the educational curriculum of Bolivia,Освітні програми Болівії,4Z
4Z-BR-,For the educational curriculum of Brazil,For the educational curriculum of Brazil,4Z
4Z-CA-,For educational curricula of Canada,Освітні програми Канади,4Z
4Z-CA-A,For Elementary Education (Canada),For Elementary Education (Canada),4Z-CA-
4Z-CA-C,For Secondary Education (Canada),For Secondary Education (Canada),4Z-CA-
4Z-CA-F,"For College, Pre-University Programs (Canada)","For College, Pre-University Programs (Canada)",4Z-CA-
4Z-CA-H,"For College, Technical Programs (Canada)","For College, Technical Programs (Canada)",4Z-CA-
4Z-CA-J,"For University, Bachelor’s Degree (Canada)","For University, Bachelor’s Degree (Canada)",4Z-CA-
4Z-CA-L,"For University, Master’s Degree (Canada)","For University, Master’s Degree (Canada)",4Z-CA-
4Z-CA-M,"For University, Doctorate (Canada)","For University, Doctorate (Canada)",4Z-CA-
4Z-CA-Q,For educational curricula of Quebec,For educational curricula of Quebec,4Z-CA-
4Z-CA-QA,Quebec: for Elementary education,Quebec: for Elementary education,4Z-CA-Q
4Z-CA-QC,Quebec: for Secondary education,Quebec: for Secondary education,4Z-CA-Q
4Z-CA-QF,Quebec: CEGEP pre-university programme,Quebec: CEGEP pre-university programme,4Z-CA-Q
4Z-CA-QH,Quebec: CEGEP technical programme,Quebec: CEGEP technical programme,4Z-CA-Q
4Z-CA-QJ,Quebec: for university Bachelor’s degree,Quebec: for university Bachelor’s degree,4Z-CA-Q
4Z-CA-QK,Quebec: for university Master’s degree,Quebec: for university Master’s degree,4Z-CA-Q
4Z-CA-QL,Quebec: for university Doctorate,Quebec: for university Doctorate,4Z-CA-Q
4Z-CB-,For educational curricula in the Caribbean,Освітні програми країн Карибського басейну,4Z
4Z-CB-C,For Caribbean Examinations Council (CXC),For Caribbean Examinations Council (CXC),4Z-CB-
4Z-CB-CB,For Caribbean Primary Exit Assessment (CPEA),For Caribbean Primary Exit Assessment (CPEA),4Z-CB-C
4Z-CB-CD,For Caribbean Secondary Education Certificate (CSEC),For Caribbean Secondary Education Certificate (CSEC),4Z-CB-C
4Z-CB-CF,For Caribbean Advanced Proficiency Examinations (CAPE),For Caribbean Advanced Proficiency Examinations (CAPE),4Z-CB-C
4Z-CB-CS,For Caribbean Certificate of Secondary Level Competence (CCSLC),For Caribbean Certificate of Secondary Level Competence (CCSLC),4Z-CB-C
4Z-CB-CV,For Caribbean Vocational Qualification (CVQ),For Caribbean Vocational Qualification (CVQ),4Z-CB-C
4Z-CB-E,For the educational curricula of Organisation of Eastern Caribbean States (OECS) states,For the educational curricula of Organisation of Eastern Caribbean States (OECS) states,4Z-CB-
4Z-CH-,For the educational curriculum of Switzerland,For the educational curriculum of Switzerland,4Z
4Z-CL-,For the educational curriculum of Chile,Освітні програми Чилі,4Z
4Z-CO-,For the educational curriculum of Colombia,Освітні програми Колумбії,4Z
4Z-CO-A,Initial education – Pre-jardín and Jardín (Colombia),Initial education – Pre-jardín and Jardín (Colombia),4Z-CO-
4Z-CO-B,Preschool education – Transición (Colombia),Preschool education – Transición (Colombia),4Z-CO-
4Z-CO-C,Basic Education – Primary and Secondary (Colombia),Basic Education – Primary and Secondary (Colombia),4Z-CO-
4Z-CO-D,Middle Education – Tenth and Eleventh Grades (Colombia),Middle Education – Tenth and Eleventh Grades (Colombia),4Z-CO-
4Z-CO-E,Higher Education (Colombia),Higher Education (Colombia),4Z-CO-
4Z-CR-,For the educational curriculum of Costa Rica,Освітні програми Коста-Рики,4Z
4Z-CU-,For the educational curriculum of Cuba,Освітні програми Куби,4Z
4Z-CZ-,For the educational curriculum of Czechia / Czech Republic,For the educational curriculum of Czechia / Czech Republic,4Z
4Z-DE-,For educational curricula of Germany,Освітні програми Німеччини,4Z
4Z-DE-A,For pre-school learning (Germany),For pre-school learning (Germany),4Z-DE-
4Z-DE-B,For primary education (Germany),For primary education (Germany),4Z-DE-
4Z-DE-BA,For German elementary school,For German elementary school,4Z-DE-B
4Z-DE-C,For German common school,For German common school,4Z-DE-
4Z-DE-D,For secondary education (Germany),For secondary education (Germany),4Z-DE-
4Z-DE-DA,For German academic high school add on education,For German academic high school add on education,4Z-DE-D
4Z-DE-DAB,For German integrated secondary school,For German integrated secondary school,4Z-DE-DA
4Z-DE-DAD,For German cooperative comprehensive school,For German cooperative comprehensive school,4Z-DE-DA
4Z-DE-DAE,For German laboratory school,For German laboratory school,4Z-DE-DA
4Z-DE-DAF,For German intermediate school,For German intermediate school,4Z-DE-DA
4Z-DE-DAG,For German pre-intermediate school,For German pre-intermediate school,4Z-DE-DA
4Z-DE-DAH,For German ten-class secondary school,For German ten-class secondary school,4Z-DE-DA
4Z-DE-DAJ,For German upper school college,For German upper school college,4Z-DE-DA
4Z-DE-DAK,For German junior high school,For German junior high school,4Z-DE-DA
4Z-DE-DAL,For German combined middle and secondary school,For German combined middle and secondary school,4Z-DE-DA
4Z-DE-DB,For German middle school add on education,For German middle school add on education,4Z-DE-D
4Z-DE-DBA,For German regular school,For German regular school,4Z-DE-DB
4Z-DE-DBB,For German regional school,For German regional school,4Z-DE-DB
4Z-DE-DBC,For German orientation classes,For German orientation classes,4Z-DE-DB
4Z-DE-DBD,For German schools of a special kind,For German schools of a special kind,4Z-DE-DB
4Z-DE-DBE,For German secondary school,For German secondary school,4Z-DE-DB
4Z-DE-DBF,For German municipality school,For German municipality school,4Z-DE-DB
4Z-DE-DBG,For German craft related junior high or main school,For German craft related junior high or main school,4Z-DE-DB
4Z-DE-DC,For German comprehensive school,For German comprehensive school,4Z-DE-D
4Z-DE-DD,For German academic high school,For German academic high school,4Z-DE-D
4Z-DE-DDA,For German academic high school – eight year,For German academic high school – eight year,4Z-DE-DD
4Z-DE-DDB,For German academic high school – nine year,For German academic high school – nine year,4Z-DE-DD
4Z-DE-DJ,For German general school,For German general school,4Z-DE-D
4Z-DE-DL,For German integrated comprehensive school,For German integrated comprehensive school,4Z-DE-D
4Z-DE-F,For vocational education (Germany),For vocational education (Germany),4Z-DE-
4Z-DE-FA,For German vocational high school,For German vocational high school,4Z-DE-F
4Z-DE-FAB,"For German vocational professional school, two-year course","For German vocational professional school, two-year course",4Z-DE-FA
4Z-DE-FAD,For occupational training one year basic course or for German vocational elementary school,For occupational training one year basic course or for German vocational elementary school,4Z-DE-FA
4Z-DE-FAF,For German vocational college,For German vocational college,4Z-DE-FA
4Z-DE-FAH,For German vocational secondary school,For German vocational secondary school,4Z-DE-FA
4Z-DE-FAJ,For German vocational professional school qualifying for a certain profession,For German vocational professional school qualifying for a certain profession,4Z-DE-FA
4Z-DE-FAL,For German vocational school,For German vocational school,4Z-DE-FA
4Z-DE-FAM,For German preliminary vocational training,For German preliminary vocational training,4Z-DE-FA
4Z-DE-FAN,For German build-up year for vocational training,For German build-up year for vocational training,4Z-DE-FA
4Z-DE-FAP,For German courses of education – with double qualifications,For German courses of education – with double qualifications,4Z-DE-FA
4Z-DE-FB,For German vocational upper secondary school,For German vocational upper secondary school,4Z-DE-F
4Z-DE-FBB,For German dual vocational school,For German dual vocational school,4Z-DE-FB
4Z-DE-FBD,For German professional academy,For German professional academy,4Z-DE-FB
4Z-DE-FBF,For German professional high school,For German professional high school,4Z-DE-FB
4Z-DE-FBH,For German university of applied sciences,For German university of applied sciences,4Z-DE-FB
4Z-DE-FBJ,For German specialist classes of the dual system of vocational training,For German specialist classes of the dual system of vocational training,4Z-DE-FB
4Z-DE-FBL,For German upper secondary vocational school,For German upper secondary vocational school,4Z-DE-FB
4Z-DE-FBM,For German secondary vocational school,For German secondary vocational school,4Z-DE-FB
4Z-DE-FBN,For German upper secondary professional school,For German upper secondary professional school,4Z-DE-FB
4Z-DE-FBP,For German commercial college,For German commercial college,4Z-DE-FB
4Z-DE-FBR,For German technical college,For German technical college,4Z-DE-FB
4Z-DE-FC,For German vocational academy,For German vocational academy,4Z-DE-F
4Z-DE-FCB,For German integrated vocational training preparation,For German integrated vocational training preparation,4Z-DE-FC
4Z-DE-FCD,For German independent vocational schools,For German independent vocational schools,4Z-DE-FC
4Z-DE-FCF,For German occupational training one year prep classes,For German occupational training one year prep classes,4Z-DE-FC
4Z-DE-FCH,For German independent vocational schools with focus on crafts,For German independent vocational schools with focus on crafts,4Z-DE-FC
4Z-DE-FCJ,For German commercial school,For German commercial school,4Z-DE-FC
4Z-DE-FD,For German vocational build-up school,For German vocational build-up school,4Z-DE-F
4Z-DE-FF,For preparation of entry into professional life – one year school (Germany),For preparation of entry into professional life – one year school (Germany),4Z-DE-F
4Z-DE-FH,For preparation of entry into professional life – class (Germany),For preparation of entry into professional life – class (Germany),4Z-DE-F
4Z-DE-FJ,For preparation of entry into professional life – school (Germany),For preparation of entry into professional life – school (Germany),4Z-DE-F
4Z-DE-FL,For German vocational professional school,For German vocational professional school,4Z-DE-F
4Z-DE-FN,"For German vocational professional school, one year course","For German vocational professional school, one year course",4Z-DE-F
4Z-DE-G,For special needs schools (Germany),For special needs schools (Germany),4Z-DE-
4Z-DE-GA,For German special-needs school (with focus on assistance with learning disabilities),For German special-needs school (with focus on assistance with learning disabilities),4Z-DE-G
4Z-DE-GC,For German special-needs school (with focus on assistance with mental development),For German special-needs school (with focus on assistance with mental development),4Z-DE-G
4Z-DE-GE,For German special-needs school (with focus on assistance with emotional and social development),For German special-needs school (with focus on assistance with emotional and social development),4Z-DE-G
4Z-DE-GH,For German special-needs school (with focus on assistance with language learning),For German special-needs school (with focus on assistance with language learning),4Z-DE-G
4Z-DE-GJ,For German special-needs school (with focus on assistance with physical and motor development),For German special-needs school (with focus on assistance with physical and motor development),4Z-DE-G
4Z-DE-GL,For German special-needs school (with focus on assistance with hearing),For German special-needs school (with focus on assistance with hearing),4Z-DE-G
4Z-DE-GN,For German special-needs school (with focus on assistance with vision),For German special-needs school (with focus on assistance with vision),4Z-DE-G
4Z-DE-H,For German College or University Education,For German College or University Education,4Z-DE-
4Z-DE-J,For adult education (Germany),For adult education (Germany),4Z-DE-
4Z-DE-JB,For German three-year school of adult education,For German three-year school of adult education,4Z-DE-J
4Z-DE-L,For learning years (Germany),For learning years (Germany),4Z-DE-
4Z-DE-LA,For learning year 1 (Germany),For learning year 1 (Germany),4Z-DE-L
4Z-DE-LB,For learning year 2 (Germany),For learning year 2 (Germany),4Z-DE-L
4Z-DE-LC,For learning year 3 (Germany),For learning year 3 (Germany),4Z-DE-L
4Z-DE-LD,For learning year 4 (Germany),For learning year 4 (Germany),4Z-DE-L
4Z-DE-LE,For learning year 5 (Germany),For learning year 5 (Germany),4Z-DE-L
4Z-DE-LF,For learning year 6 (Germany),For learning year 6 (Germany),4Z-DE-L
4Z-DE-LG,For learning year 7 (Germany),For learning year 7 (Germany),4Z-DE-L
4Z-DE-LH,For learning year 8 (Germany),For learning year 8 (Germany),4Z-DE-L
4Z-DE-LJ,For learning year 9 (Germany),For learning year 9 (Germany),4Z-DE-L
4Z-DE-LK,For learning year 10 (Germany),For learning year 10 (Germany),4Z-DE-L
4Z-DE-LL,For learning year 11 (Germany),For learning year 11 (Germany),4Z-DE-L
4Z-DE-LM,For learning year 12 (Germany),For learning year 12 (Germany),4Z-DE-L
4Z-DE-LN,For learning year 13 (Germany),For learning year 13 (Germany),4Z-DE-L
4Z-DE-U,"For specific German vocational, professional or university qualifications","For specific German vocational, professional or university qualifications",4Z-DE-
4Z-DE-UD,For specific German professional qualifications and degrees,For specific German professional qualifications and degrees,4Z-DE-U
4Z-DE-UDA,For German law qualifications (bachelors and other undergraduate),For German law qualifications (bachelors and other undergraduate),4Z-DE-UD
4Z-DE-UDB,"For German law qualifications (masters, postgraduate and doctoral)","For German law qualifications (masters, postgraduate and doctoral)",4Z-DE-UD
4Z-DE-UDC,For German first state exam in licensed professions (Erste Staatsexamen),For German first state exam in licensed professions (Erste Staatsexamen),4Z-DE-UD
4Z-DE-UDD,For German training placements in state-licensed professions (Referendariat / Stationen),For German training placements in state-licensed professions (Referendariat / Stationen),4Z-DE-UD
4Z-DE-UDE,For German second state exam for licensed professions (Zweite Staatsexamen),For German second state exam for licensed professions (Zweite Staatsexamen),4Z-DE-UD
4Z-DE-UDF,"For German lawyers, paralegals and legal secretaries (professional development and reference)","For German lawyers, paralegals and legal secretaries (professional development and reference)",4Z-DE-UD
4Z-DE-UDG,For German tax consulting (professional development and reference),For German tax consulting (professional development and reference),4Z-DE-UD
4Z-DE-UDH,For German curricula leading to certificated legal specialisms,For German curricula leading to certificated legal specialisms,4Z-DE-UD
4Z-DE-UDI,For German tax advisors’ exams,For German tax advisors’ exams,4Z-DE-UD
4Z-DE-UDJ,For German civil law notaries’ exams,For German civil law notaries’ exams,4Z-DE-UD
4Z-DE-UDK,For German auditors’ exams,For German auditors’ exams,4Z-DE-UD
4Z-DE-UH,For specific German professional/vocational qualifications and degrees (dual education system),For specific German professional/vocational qualifications and degrees (dual education system),4Z-DE-U
4Z-DE-UHA,For German vocational qualifications working in the land sector,For German vocational qualifications working in the land sector,4Z-DE-UH
4Z-DE-UHAA,"For German vocational qualifications in agriculture, husbandry, forestry, landscaping and horticulture","For German vocational qualifications in agriculture, husbandry, forestry, landscaping and horticulture",4Z-DE-UHA
4Z-DE-UHAB,For German vocational qualifications in land surveying,For German vocational qualifications in land surveying,4Z-DE-UHA
4Z-DE-UHB,For German vocational qualifications in the food industries,For German vocational qualifications in the food industries,4Z-DE-UH
4Z-DE-UHBA,"For German vocational qualifications in baking, pastry making and confectionery","For German vocational qualifications in baking, pastry making and confectionery",4Z-DE-UHB
4Z-DE-UHBB,For German vocational qualifications as a butcher,For German vocational qualifications as a butcher,4Z-DE-UHB
4Z-DE-UHBC,For German vocational qualifications as a chef,For German vocational qualifications as a chef,4Z-DE-UHB
4Z-DE-UHBD,For German vocational qualifications as a food and beverage specialist,For German vocational qualifications as a food and beverage specialist,4Z-DE-UHB
4Z-DE-UHD,For German vocational qualifications in metal production and metal working industries,For German vocational qualifications in metal production and metal working industries,4Z-DE-UH
4Z-DE-UHDA,For German vocational qualifications in precision engineering and related professions,For German vocational qualifications in precision engineering and related professions,4Z-DE-UHD
4Z-DE-UHDB,For German vocational qualifications in metal production and processing,For German vocational qualifications in metal production and processing,4Z-DE-UHD
4Z-DE-UHDC,"For German vocational qualifications in metalworking, plant construction, sheet metalwork, casting, and fitting","For German vocational qualifications in metalworking, plant construction, sheet metalwork, casting, and fitting",4Z-DE-UHD
4Z-DE-UHDD,For German vocational qualifications as an industrial mechanic or toolmaker,For German vocational qualifications as an industrial mechanic or toolmaker,4Z-DE-UHD
4Z-DE-UHE,"For German vocational qualifications in stone, glass and ceramic production and related industries","For German vocational qualifications in stone, glass and ceramic production and related industries",4Z-DE-UH
4Z-DE-UHEA,"For German vocational qualifications in stone, glass or ceramics processing and building materials","For German vocational qualifications in stone, glass or ceramics processing and building materials",4Z-DE-UHE
4Z-DE-UHEB,For German vocational qualifications in mining and quarrying,For German vocational qualifications in mining and quarrying,4Z-DE-UHE
4Z-DE-UHF,For German vocational qualifications in the cloth and leather industries,For German vocational qualifications in the cloth and leather industries,4Z-DE-UH
4Z-DE-UHFA,"For German vocational qualifications in spinning, weaving, textile finishing","For German vocational qualifications in spinning, weaving, textile finishing",4Z-DE-UHF
4Z-DE-UHFB,For German vocational qualifications in textile processing and leatherworking,For German vocational qualifications in textile processing and leatherworking,4Z-DE-UHF
4Z-DE-UHH,"For German vocational qualifications in engineering, manufacturing and construction","For German vocational qualifications in engineering, manufacturing and construction",4Z-DE-UH
4Z-DE-UHHA,For German vocational qualifications in electrical trades,For German vocational qualifications in electrical trades,4Z-DE-UHH
4Z-DE-UHHB,For German vocational qualifications as technicians or mechanical engineer,For German vocational qualifications as technicians or mechanical engineer,4Z-DE-UHH
4Z-DE-UHHC,For German vocational qualifications as a drafter or drafting technician,For German vocational qualifications as a drafter or drafting technician,4Z-DE-UHH
4Z-DE-UHHD,For German vocational qualifications in vehicle or aircraft manufacture and maintenance,For German vocational qualifications in vehicle or aircraft manufacture and maintenance,4Z-DE-UHH
4Z-DE-UHHE,"For German vocational qualifications in construction, wood and plastic processing","For German vocational qualifications in construction, wood and plastic processing",4Z-DE-UHH
4Z-DE-UHHF,For German vocational qualifications in the chemical and plastics industries,For German vocational qualifications in the chemical and plastics industries,4Z-DE-UHH
4Z-DE-UHHG,"For German vocational qualifications in paper manufacture, processing and printing","For German vocational qualifications in paper manufacture, processing and printing",4Z-DE-UHH
4Z-DE-UHJ,"For German vocational qualifications in scientific, geographical and IT related professions","For German vocational qualifications in scientific, geographical and IT related professions",4Z-DE-UH
4Z-DE-UHJA,"For German vocational qualifications in chemistry, physics or natural sciences","For German vocational qualifications in chemistry, physics or natural sciences",4Z-DE-UHJ
4Z-DE-UHJB,For German vocational qualifications in IT,For German vocational qualifications in IT,4Z-DE-UHJ
4Z-DE-UHL,"For German vocational qualifications in transport, logistics, security and safety","For German vocational qualifications in transport, logistics, security and safety",4Z-DE-UH
4Z-DE-UHLA,For German vocational qualifications in the transport sector,For German vocational qualifications in the transport sector,4Z-DE-UHL
4Z-DE-UHLB,For German vocational qualifications in aviation or seafaring,For German vocational qualifications in aviation or seafaring,4Z-DE-UHL
4Z-DE-UHLC,For German vocational qualifications in quality control and inspection,For German vocational qualifications in quality control and inspection,4Z-DE-UHL
4Z-DE-UHLD,"For German vocational qualifications as packers, warehouse or transport workers","For German vocational qualifications as packers, warehouse or transport workers",4Z-DE-UHL
4Z-DE-UHLE,For German vocational qualifications in personal protection and security,For German vocational qualifications in personal protection and security,4Z-DE-UHL
4Z-DE-UHLF,For German vocational qualifications in the safety and security professions,For German vocational qualifications in the safety and security professions,4Z-DE-UHL
4Z-DE-UHLG,For German vocational qualifications in cleansing and waste disposal,For German vocational qualifications in cleansing and waste disposal,4Z-DE-UHL
4Z-DE-UHM,"For German vocational qualifications in commercial services, retail, distribution, hospitality and tourism","For German vocational qualifications in commercial services, retail, distribution, hospitality and tourism",4Z-DE-UH
4Z-DE-UHMA,For German vocational qualifications in the retail sector,For German vocational qualifications in the retail sector,4Z-DE-UHM
4Z-DE-UHMB,For German vocational qualifications in the wholesale sector,For German vocational qualifications in the wholesale sector,4Z-DE-UHM
4Z-DE-UHMC,For German vocational qualifications as caretakers and property management,For German vocational qualifications as caretakers and property management,4Z-DE-UHM
4Z-DE-UHMD,For German vocational qualifications in the hospitality industry,For German vocational qualifications in the hospitality industry,4Z-DE-UHM
4Z-DE-UHP,"For German vocational qualifications in the finance, business and administration sectors","For German vocational qualifications in the finance, business and administration sectors",4Z-DE-UH
4Z-DE-UHPA,For German vocational qualifications in banking or insurance,For German vocational qualifications in banking or insurance,4Z-DE-UHP
4Z-DE-UHPB,For German vocational qualifications in commercial office skills,For German vocational qualifications in commercial office skills,4Z-DE-UHP
4Z-DE-UHPC,"For German vocational qualifications in management, accounting and business consulting","For German vocational qualifications in management, accounting and business consulting",4Z-DE-UHP
4Z-DE-UHPD,For German vocational qualifications in public administration,For German vocational qualifications in public administration,4Z-DE-UHP
4Z-DE-UHPE,For German vocational qualifications in finance and bookkeeping,For German vocational qualifications in finance and bookkeeping,4Z-DE-UHP
4Z-DE-UHPF,For German vocational qualifications in secretarial and office skills,For German vocational qualifications in secretarial and office skills,4Z-DE-UHP
4Z-DE-UHPG,For German vocational qualifications in the legal sector,For German vocational qualifications in the legal sector,4Z-DE-UHP
4Z-DE-UHQ,"For German vocational qualifications in the health, social care and educational sectors","For German vocational qualifications in the health, social care and educational sectors",4Z-DE-UH
4Z-DE-UHQA,For German vocational qualifications in personal care,For German vocational qualifications in personal care,4Z-DE-UHQ
4Z-DE-UHQB,For German vocational qualifications in health care (licenced),For German vocational qualifications in health care (licenced),4Z-DE-UHQ
4Z-DE-UHQC,For German vocational qualifications in health care (without a licence),For German vocational qualifications in health care (without a licence),4Z-DE-UHQ
4Z-DE-UHQD,For German vocational qualifications in social work,For German vocational qualifications in social work,4Z-DE-UHQ
4Z-DE-UHQE,For German vocational qualifications in teaching,For German vocational qualifications in teaching,4Z-DE-UHQ
4Z-DE-UHS,"For German vocational qualifications in the cultural sector, creative industries and the media","For German vocational qualifications in the cultural sector, creative industries and the media",4Z-DE-UH
4Z-DE-UHSA,For German vocational qualifications in advertising,For German vocational qualifications in advertising,4Z-DE-UHS
4Z-DE-UHSB,For German vocational qualifications in art or music,For German vocational qualifications in art or music,4Z-DE-UHS
4Z-DE-UHSC,For German vocational qualifications in design or photography,For German vocational qualifications in design or photography,4Z-DE-UHS
4Z-DE-UHSD,"For German vocational qualifications in publishing, librarianship, translation and related sectors","For German vocational qualifications in publishing, librarianship, translation and related sectors",4Z-DE-UHS
4Z-DK-,For the educational curriculum of Denmark,Освітні програми Данії,4Z
4Z-DK-A,For early education (Denmark),For early education (Denmark),4Z-DK-
4Z-DK-F,For elementary school (Denmark),For elementary school (Denmark),4Z-DK-
4Z-DK-FA,For pre-school (Denmark),For pre-school (Denmark),4Z-DK-F
4Z-DK-FB,For Grade 0 (Denmark),For Grade 0 (Denmark),4Z-DK-F
4Z-DK-FC,For Grade 1 (Denmark),For Grade 1 (Denmark),4Z-DK-F
4Z-DK-FD,For Grade 2 (Denmark),For Grade 2 (Denmark),4Z-DK-F
4Z-DK-FE,For Grade 3 (Denmark),For Grade 3 (Denmark),4Z-DK-F
4Z-DK-FF,For Grade 4 (Denmark),For Grade 4 (Denmark),4Z-DK-F
4Z-DK-FG,For Grade 5 (Denmark),For Grade 5 (Denmark),4Z-DK-F
4Z-DK-FH,For Grade 6 (Denmark),For Grade 6 (Denmark),4Z-DK-F
4Z-DK-FI,For Grade 7 (Denmark),For Grade 7 (Denmark),4Z-DK-F
4Z-DK-FJ,For Grade 8 (Denmark),For Grade 8 (Denmark),4Z-DK-F
4Z-DK-FK,For Grade 9 (Denmark),For Grade 9 (Denmark),4Z-DK-F
4Z-DK-FL,For Grade 10 (Denmark),For Grade 10 (Denmark),4Z-DK-F
4Z-DK-G,For secondary school (Denmark),For secondary school (Denmark),4Z-DK-
4Z-DK-GA,For HF (Higher Preparatory Exam -Denmark),For HF (Higher Preparatory Exam -Denmark),4Z-DK-G
4Z-DK-GB,For HHX (Higher Commercial Exam -Denmark),For HHX (Higher Commercial Exam -Denmark),4Z-DK-G
4Z-DK-GC,For HTX (Higher Technical Exam -Denmark),For HTX (Higher Technical Exam -Denmark),4Z-DK-G
4Z-DK-GD,For STX (Students’ Exam -Denmark),For STX (Students’ Exam -Denmark),4Z-DK-G
4Z-DK-H,For vocational education and training (Denmark),For vocational education and training (Denmark),4Z-DK-
4Z-DK-K,For college and professional training (Denmark),For college and professional training (Denmark),4Z-DK-
4Z-DK-N,"For higher education, universities (Denmark)","For higher education, universities (Denmark)",4Z-DK-
4Z-DK-V,For adult vocational education and training (Denmark),For adult vocational education and training (Denmark),4Z-DK-
4Z-DK-X,For continuing education (Denmark),For continuing education (Denmark),4Z-DK-
4Z-DO-,For the educational curriculum of the Dominican Republic,Освітні програми Домініканської Республіки,4Z
4Z-EC-,For the educational curriculum of Ecuador,Освітні програми Еквадору,4Z
4Z-EC-A,For pre-school education (Ecuador),For pre-school education (Ecuador),4Z-EC-
4Z-EC-B,Basic General Education (Ecuador),Basic General Education (Ecuador),4Z-EC-
4Z-EC-C,Unified General Baccalaureate (Ecuador),Unified General Baccalaureate (Ecuador),4Z-EC-
4Z-ES-,For educational curricula of Spain,Для освітніх програм Іспанії,4Z
4Z-ES-A,For general education (Spain),For general education (Spain),4Z-ES-
4Z-ES-AA,For pre-school learning (Spain),For pre-school learning (Spain),4Z-ES-A
4Z-ES-AB,For primary education (Spain),For primary education (Spain),4Z-ES-A
4Z-ES-AC,For mandatory secondary education (Spain),For mandatory secondary education (Spain),4Z-ES-A
4Z-ES-AD,For optional / advanced secondary education (Spain),For optional / advanced secondary education (Spain),4Z-ES-A
4Z-ES-AE,For vocational / professional education (Spain),For vocational / professional education (Spain),4Z-ES-A
4Z-ES-AF,For higher / tertiary / university education (Spain),For higher / tertiary / university education (Spain),4Z-ES-A
4Z-ES-B,For languages education (Spain),For languages education (Spain),4Z-ES-
4Z-ES-C,For music education (Spain),For music education (Spain),4Z-ES-
4Z-ES-D,For dance education (Spain),For dance education (Spain),4Z-ES-
4Z-ES-E,For dramatic arts education (Spain),For dramatic arts education (Spain),4Z-ES-
4Z-ES-F,For arts and design education (Spain),For arts and design education (Spain),4Z-ES-
4Z-ES-G,For sports education (Spain),For sports education (Spain),4Z-ES-
4Z-ES-H,For adult education (Spain),For adult education (Spain),4Z-ES-
4Z-ES-J,For special education (Spain),For special education (Spain),4Z-ES-
4Z-ES-K,For compensatory education (Spain),For compensatory education (Spain),4Z-ES-
4Z-ES-L,For social guarantee programs (Spain),For social guarantee programs (Spain),4Z-ES-
4Z-ES-X,For other educational levels or types (Spain),For other educational levels or types (Spain),4Z-ES-
4Z-FI-,For the educational curriculum of Finland,Освітні програми Фінляндії,4Z
4Z-FI-A,Pre-primary education (Finland),Pre-primary education (Finland),4Z-FI-
4Z-FI-B,Basic education (Finland),Basic education (Finland),4Z-FI-
4Z-FI-BA,Basic Education Grades 1­–6 (Finland),Basic Education Grades 1­–6 (Finland),4Z-FI-B
4Z-FI-BB,Basic Education Grades 7–9 (Finland),Basic Education Grades 7–9 (Finland),4Z-FI-B
4Z-FI-BD,Basic Education – OPS2016 (Finland),Basic Education – OPS2016 (Finland),4Z-FI-B
4Z-FI-BE,B1-language curriculum 2024 (Finland),B1-language curriculum 2024 (Finland),4Z-FI-B
4Z-FI-C,General upper secondary education (Finland),General upper secondary education (Finland),4Z-FI-
4Z-FI-CB,General upper secondary education – LOPS2016,General upper secondary education – LOPS2016,4Z-FI-C
4Z-FI-CC,General upper secondary education – LOPS2021,General upper secondary education – LOPS2021,4Z-FI-C
4Z-FI-D,Vocational upper secondary education (Finland),Vocational upper secondary education (Finland),4Z-FI-
4Z-FR-,For the educational curriculum of France,Освітні програми Франції,4Z
4Z-GB-,For educational curricula of the United Kingdom,Освітні програми Великобританії,4Z
4Z-GB-A,For educational curricula of England and Wales,Для навчальних програм Англії та Уельсу,4Z-GB-
4Z-GB-AC,For National Curriculum (England and Wales),For National Curriculum (England and Wales),4Z-GB-A
4Z-GB-ACA,For National Curriculum Early Years (England and Wales),For National Curriculum Early Years (England and Wales),4Z-GB-AC
4Z-GB-ACF,For National Curriculum Key Stage 1 (England and Wales),For National Curriculum Key Stage 1 (England and Wales),4Z-GB-AC
4Z-GB-ACJ,For National Curriculum Key Stage 2 (England and Wales),For National Curriculum Key Stage 2 (England and Wales),4Z-GB-AC
4Z-GB-ACL,Eleven Plus (11+) exam,Eleven Plus (11+) exam,4Z-GB-AC
4Z-GB-ACN,For National Curriculum Key Stage 3 (England and Wales),For National Curriculum Key Stage 3 (England and Wales),4Z-GB-AC
4Z-GB-ACT,For National Curriculum Key Stage 4 and GCSE (England and Wales),For National Curriculum Key Stage 4 and GCSE (England and Wales),4Z-GB-AC
4Z-GB-AL,Designed / suitable for A and AS Level (England and Wales),Designed / suitable for A and AS Level (England and Wales),4Z-GB-A
4Z-GB-E,For U.K. Exam boards,Для комісій з іспитів у Великобританії,4Z-GB-
4Z-GB-EA,AQA – Assessment and Qualifications Alliance,AQA - Альянс з оцінки та кваліфікації,4Z-GB-E
4Z-GB-EC,"CCEA – Council for the Curriculum, Examinations and Assessment (Northern Ireland)","CCEA - Рада з навчальних програм, іспитів та оцінювання (Північна Ірландія)",4Z-GB-E
4Z-GB-ED,ICAAE – International Curriculum and Assessment Agency Examinations,ICAAE - Міжнародні іспити Агентства з навчальних програм та оцінювання,4Z-GB-E
4Z-GB-EE,Edexcel,Edexcel,4Z-GB-E
4Z-GB-EF,CIE – Cambridge International Examinations,CIE - Іспити з англійської мови у Кеймбриджі,4Z-GB-E
4Z-GB-ER,"OCR – Oxford, Cambridge and RSA Examinations","OCR - іспити у Оксфорді, Кеймбриджі та RSA іспити",4Z-GB-E
4Z-GB-ES,SQA – Scottish Qualifications Authority,SQA - Організація з питань кваліфікації у Шотландій,4Z-GB-E
4Z-GB-EW,WJEC / CBAC (and Eduqas) – Welsh Joint Education Committee,WJEC / CBAC (та Eduqas) - Валлійський об’єднаний комітет з питань освіти,4Z-GB-E
4Z-GB-N,For educational curricula of Northern Ireland,Освітні програми Північної Ірландії,4Z-GB-
4Z-GB-NC,For National Curriculum (Northern Ireland),For National Curriculum (Northern Ireland),4Z-GB-N
4Z-GB-NCA,For National Curriculum Early Years / Foundation Stage (Northern Ireland),For National Curriculum Early Years / Foundation Stage (Northern Ireland),4Z-GB-NC
4Z-GB-NCF,For National Curriculum Key Stage 1 (Northern Ireland),For National Curriculum Key Stage 1 (Northern Ireland),4Z-GB-NC
4Z-GB-NCJ,For National Curriculum Key Stage 2 (Northern Ireland),For National Curriculum Key Stage 2 (Northern Ireland),4Z-GB-NC
4Z-GB-NCN,For National Curriculum Key Stage 3 (Northern Ireland),For National Curriculum Key Stage 3 (Northern Ireland),4Z-GB-NC
4Z-GB-NCT,For National Curriculum Key Stage 4 and GCSE (Northern Ireland),For National Curriculum Key Stage 4 and GCSE (Northern Ireland),4Z-GB-NC
4Z-GB-NL,Designed / suitable for A and AS Level (Northern Ireland),Designed / suitable for A and AS Level (Northern Ireland),4Z-GB-N
4Z-GB-NV,For vocational or technical qualifications (Northern Ireland),For vocational or technical qualifications (Northern Ireland),4Z-GB-N
4Z-GB-S,For educational curricula of Scotland,Освітні програми Шотландії,4Z-GB-
4Z-GB-SA,For Scottish Curriculum (P1 to S3),For Scottish Curriculum (P1 to S3),4Z-GB-S
4Z-GB-SAA,For Scottish Primary Curriculum – Early Level,For Scottish Primary Curriculum – Early Level,4Z-GB-SA
4Z-GB-SAB,For Scottish Primary Curriculum – First Level,For Scottish Primary Curriculum – First Level,4Z-GB-SA
4Z-GB-SAC,For Scottish Primary Curriculum – Second Level,For Scottish Primary Curriculum – Second Level,4Z-GB-SA
4Z-GB-SAD,For Scottish Secondary Curriculum – Third Level,For Scottish Secondary Curriculum – Third Level,4Z-GB-SA
4Z-GB-SB,For Scottish Curriculum National 4,For Scottish Curriculum National 4,4Z-GB-S
4Z-GB-SD,For Scottish Curriculum National 5,For Scottish Curriculum National 5,4Z-GB-S
4Z-GB-SE,For Scottish Curriculum Intermediate 1,For Scottish Curriculum Intermediate 1,4Z-GB-S
4Z-GB-SG,For Scottish Curriculum Intermediate 2,For Scottish Curriculum Intermediate 2,4Z-GB-S
4Z-GB-SK,For Scottish Curriculum Higher,For Scottish Curriculum Higher,4Z-GB-S
4Z-GB-SL,For Scottish Curriculum Advanced Higher,For Scottish Curriculum Advanced Higher,4Z-GB-S
4Z-GB-V,"For UK vocational courses, certificates, qualifications and diplomas","Для професійних курсів у Великобританії, сертифікатів, кваліфікацій та дипломів",4Z-GB-
4Z-GB-VC,For Vocational Qualifications (England),For Vocational Qualifications (England),4Z-GB-V
4Z-GB-VCT,Designed / suitable for T Levels (England),Designed / suitable for T Levels (England),4Z-GB-VC
4Z-GB-VN,"For vocational qualifications (England, Wales, Northern Ireland)","For vocational qualifications (England, Wales, Northern Ireland)",4Z-GB-V
4Z-GB-VS,For Scottish vocational qualifications (and apprenticeship),For Scottish vocational qualifications (and apprenticeship),4Z-GB-V
4Z-GB-VSA,For Scottish vocational qualifications – Level 1,For Scottish vocational qualifications – Level 1,4Z-GB-VS
4Z-GB-VSB,For Scottish vocational qualifications – Level 2,For Scottish vocational qualifications – Level 2,4Z-GB-VS
4Z-GB-VSC,For Scottish vocational qualifications – Level 3,For Scottish vocational qualifications – Level 3,4Z-GB-VS
4Z-GB-VSD,For Scottish Vocational Qualifications – Level 4,For Scottish Vocational Qualifications – Level 4,4Z-GB-VS
4Z-GB-VSE,For Scottish vocational qualifications – Level 5,For Scottish vocational qualifications – Level 5,4Z-GB-VS
4Z-GB-VT,"For UK Awarding Bodies in vocational, technical and professional education","For UK Awarding Bodies in vocational, technical and professional education",4Z-GB-V
4Z-GB-VTA,For BTEC (Business And Technology Education Council),For BTEC (Business And Technology Education Council),4Z-GB-VT
4Z-GB-VTB,For CACHE / NCFE qualification,For CACHE / NCFE qualification,4Z-GB-VT
4Z-GB-VTC,For Cambridge Nationals,For Cambridge Nationals,4Z-GB-VT
4Z-GB-VTD,For City and Guilds qualifications,For City and Guilds qualifications,4Z-GB-VT
4Z-GB-W,For the educational curricula of Wales,Освітні програми Уельсу,4Z-GB-
4Z-GB-WB,For primary curriculum (Wales),For primary curriculum (Wales),4Z-GB-W
4Z-GB-WD,For secondary curriculum (Wales),For secondary curriculum (Wales),4Z-GB-W
4Z-GB-WF,Designed / suitable for GCSE (Wales),Designed / suitable for GCSE (Wales),4Z-GB-W
4Z-GB-WH,Designed / suitable for A and AS Level (Wales),Designed / suitable for A and AS Level (Wales),4Z-GB-W
4Z-GB-WV,For Welsh vocational or technical qualifications,For Welsh vocational or technical qualifications,4Z-GB-W
4Z-GR-,For the educational curriculum of Greece,For the educational curriculum of Greece,4Z
4Z-GT-,For the educational curriculum of Guatemala,Освітні програми Гватемали,4Z
4Z-HN-,For the educational curriculum of Honduras,Освітні програми Гондурасу,4Z
4Z-HU-,For the educational curriculum of Hungary,For the educational curriculum of Hungary,4Z
4Z-IE-,For the educational curriculum of Ireland,Освітні програми Ірландії,4Z
4Z-IE-P,For Irish primary level curriculum,For Irish primary level curriculum,4Z-IE-
4Z-IE-S,For Irish secondary level curriculum,For Irish secondary level curriculum,4Z-IE-
4Z-IE-SJ,For Irish Junior Certificate curriculum,For Irish Junior Certificate curriculum,4Z-IE-S
4Z-IE-SL,For Irish Leaving Certificate curriculum,For Irish Leaving Certificate curriculum,4Z-IE-S
4Z-IN-,For educational curricula of India,Освітні програми Індії,4Z
4Z-IN-A,For Primary education (India),For Primary education (India),4Z-IN-
4Z-IN-AA,For Class 1 (India),For Class 1 (India),4Z-IN-A
4Z-IN-AB,For Class 2 (India),For Class 2 (India),4Z-IN-A
4Z-IN-AC,For Class 3 (India),For Class 3 (India),4Z-IN-A
4Z-IN-AD,For Class 4 (India),For Class 4 (India),4Z-IN-A
4Z-IN-AE,For Class 5 (India),For Class 5 (India),4Z-IN-A
4Z-IN-B,For Upper Primary education (India),For Upper Primary education (India),4Z-IN-
4Z-IN-BA,For Class 6 (India),For Class 6 (India),4Z-IN-B
4Z-IN-BB,For Class 7 (India),For Class 7 (India),4Z-IN-B
4Z-IN-BC,For Class 8 (India),For Class 8 (India),4Z-IN-B
4Z-IN-C,For Secondary education (India),For Secondary education (India),4Z-IN-
4Z-IN-CA,For Class 9 (India),For Class 9 (India),4Z-IN-C
4Z-IN-CB,For Class 10 (India),For Class 10 (India),4Z-IN-C
4Z-IN-D,For Senior Secondary education (India),For Senior Secondary education (India),4Z-IN-
4Z-IN-DA,For Class 11 (India),For Class 11 (India),4Z-IN-D
4Z-IN-DB,For Class 12 (India),For Class 12 (India),4Z-IN-D
4Z-IN-E,For School Exam Boards (India),For School Exam Boards (India),4Z-IN-
4Z-IN-EB,Central Board of Secondary Education (CBSE) Curriculum,Central Board of Secondary Education (CBSE) Curriculum,4Z-IN-E
4Z-IN-ED,Indian School Certificate (ISC) and Indian Certificate of Secondary education (ICSE),Indian School Certificate (ISC) and Indian Certificate of Secondary education (ICSE),4Z-IN-E
4Z-IN-EG,National Talent Search Examination (NTSE),National Talent Search Examination (NTSE),4Z-IN-E
4Z-IN-EJ,For Olympiad Exams,For Olympiad Exams,4Z-IN-E
4Z-IN-EN,National Council of Educational Research and Training (NCERT),National Council of Educational Research and Training (NCERT),4Z-IN-E
4Z-IN-F,"For Indian State level education, exams and qualifications","For Indian State level education, exams and qualifications",4Z-IN-
4Z-IN-FB,For Indian State Level School Boards,For Indian State Level School Boards,4Z-IN-F
4Z-IN-FD,For Indian State Level Public Service Exams,For Indian State Level Public Service Exams,4Z-IN-F
4Z-IN-FF,For Indian State Level Vocational / Professional Exams and qualifications,For Indian State Level Vocational / Professional Exams and qualifications,4Z-IN-F
4Z-IN-FH,For Indian State level Recruitment tests or exams,For Indian State level Recruitment tests or exams,4Z-IN-F
4Z-IN-G,For Engineering Qualifications / Entrance Exams (India),For Engineering Qualifications / Entrance Exams (India),4Z-IN-
4Z-IN-GB,For National Engineering Entrance Exams (India),For National Engineering Entrance Exams (India),4Z-IN-G
4Z-IN-GBB,Joint Entrance Examination (JEE) Main and JEE Advanced,Joint Entrance Examination (JEE) Main and JEE Advanced,4Z-IN-GB
4Z-IN-GBD,For Graduate Aptitude Test in Engineering (GATE),For Graduate Aptitude Test in Engineering (GATE),4Z-IN-GB
4Z-IN-GD,For Regional Engineering Entrance Exams (India),For Regional Engineering Entrance Exams (India),4Z-IN-G
4Z-IN-H,For Medical Qualifications / Entrance Exams (India),For Medical Qualifications / Entrance Exams (India),4Z-IN-
4Z-IN-HB,National Eligibility cum Entrance Test (NEET-UG),National Eligibility cum Entrance Test (NEET-UG),4Z-IN-H
4Z-IN-HD,All India Institute of Medical Science (AIIMS) and Jawaharlal Institute of Postgraduate Medical Education and Research (JIPMER),All India Institute of Medical Science (AIIMS) and Jawaharlal Institute of Postgraduate Medical Education and Research (JIPMER),4Z-IN-H
4Z-IN-HF,Bachelor of Pharmacy (B. Pharma) and Nursing Entrance exam,Bachelor of Pharmacy (B. Pharma) and Nursing Entrance exam,4Z-IN-H
4Z-IN-K,"For Accounting, banking, finance and Insurance Qualifications / Exams (India)","For Accounting, banking, finance and Insurance Qualifications / Exams (India)",4Z-IN-
4Z-IN-KA,For Chartered Accountant (CA) Exam (India),For Chartered Accountant (CA) Exam (India),4Z-IN-K
4Z-IN-KB,Chartered Financial Accountant (CFA) Exam (India),Chartered Financial Accountant (CFA) Exam (India),4Z-IN-K
4Z-IN-KC,For Actuaries Qualifications / Exams (India),For Actuaries Qualifications / Exams (India),4Z-IN-K
4Z-IN-KF,For Banking Qualifications / Exams (India),For Banking Qualifications / Exams (India),4Z-IN-K
4Z-IN-L,For Law / Legal Professions Exams and qualifications (India),For Law / Legal Professions Exams and qualifications (India),4Z-IN-
4Z-IN-M,For Management / Business Administration Exams / tests (India),For Management / Business Administration Exams / tests (India),4Z-IN-
4Z-IN-N,"For Vocational, technical and professional Qualifications / Exams (India)","For Vocational, technical and professional Qualifications / Exams (India)",4Z-IN-
4Z-IN-NA,For Agriculture Entrance Exams / Pre-Veterinary and Fisheries Test (PVT),For Agriculture Entrance Exams / Pre-Veterinary and Fisheries Test (PVT),4Z-IN-N
4Z-IN-P,For Indian Defence Service Exams,For Indian Defence Service Exams,4Z-IN-
4Z-IN-PB,National Defence Academy / Combined Defence Services (NDA / CDS),National Defence Academy / Combined Defence Services (NDA / CDS),4Z-IN-P
4Z-IN-PD,Indian Airforce Recruitment tests,Indian Airforce Recruitment tests,4Z-IN-P
4Z-IN-PE,Indian Army Recruitment tests,Indian Army Recruitment tests,4Z-IN-P
4Z-IN-PF,Indian Navy Recruitment tests,Indian Navy Recruitment tests,4Z-IN-P
4Z-IN-Q,For Civil Service Examinations (India),For Civil Service Examinations (India),4Z-IN-
4Z-IN-QB,Civil Services Examination (CSE) / Indian Foreign Services (IFS) exams,Civil Services Examination (CSE) / Indian Foreign Services (IFS) exams,4Z-IN-Q
4Z-IN-QD,Engineering Services Examination (ESE),Engineering Services Examination (ESE),4Z-IN-Q
4Z-IN-QF,For Staff Selection Commission (SSC) Exams,For Staff Selection Commission (SSC) Exams,4Z-IN-Q
4Z-IN-QT,For Indian Teaching professions and research tests and exams,For Indian Teaching professions and research tests and exams,4Z-IN-Q
4Z-IN-QTB,Central Teacher Eligibility Test (CTET),Central Teacher Eligibility Test (CTET),4Z-IN-QT
4Z-IN-QTD,Post-Graduate Teacher / Trained Graduate Teacher (PGT / TGT) Tests,Post-Graduate Teacher / Trained Graduate Teacher (PGT / TGT) Tests,4Z-IN-QT
4Z-IN-QTF,National Eligibility Tests (NET),National Eligibility Tests (NET),4Z-IN-QT
4Z-IN-QTH,State Eligibility Tests (SET),State Eligibility Tests (SET),4Z-IN-QT
4Z-IN-R,For Indian Central government recruitment tests or entrance exams,For Indian Central government recruitment tests or entrance exams,4Z-IN-
4Z-IN-RB,For Indian Railways Board Recruitment Exams,For Indian Railways Board Recruitment Exams,4Z-IN-R
4Z-IN-RD,For Public Sector Undertakings (PSU) Recruitment exams,For Public Sector Undertakings (PSU) Recruitment exams,4Z-IN-R
4Z-IN-RE,For Indian Postal Service Recruitment Exams,For Indian Postal Service Recruitment Exams,4Z-IN-R
4Z-IN-RF,Life Insurance Corporation (LIC) recruitment exams,Life Insurance Corporation (LIC) recruitment exams,4Z-IN-R
4Z-IN-RH,For Ordnance Trade Apprentice recruitment tests,For Ordnance Trade Apprentice recruitment tests,4Z-IN-R
4Z-IN-RJ,For Intelligence Bureau (IB) Exams,For Intelligence Bureau (IB) Exams,4Z-IN-R
4Z-IN-RK,For Food Corporation of India (FCI) recruitment exams,For Food Corporation of India (FCI) recruitment exams,4Z-IN-R
4Z-IN-T,For School Entrance Exams / Admission tests (India),For School Entrance Exams / Admission tests (India),4Z-IN-
4Z-IN-TC,Central Hindu School (CHS) Entrance Exam,Central Hindu School (CHS) Entrance Exam,4Z-IN-T
4Z-IN-TD,Jawahar Navodya Vidyalya schools entrance exams,Jawahar Navodya Vidyalya schools entrance exams,4Z-IN-T
4Z-IN-TN,For Military Academies and Schools Entrance Exams / Admissions tests (India),For Military Academies and Schools Entrance Exams / Admissions tests (India),4Z-IN-T
4Z-IN-U,For University Entrance Exams and material (India),For University Entrance Exams and material (India),4Z-IN-
4Z-IN-UB,For Aligarh Muslim university (AMU),For Aligarh Muslim university (AMU),4Z-IN-U
4Z-IN-UC,For Allahabad Central University,For Allahabad Central University,4Z-IN-U
4Z-IN-UD,For Banaras Hindu University (BHU),For Banaras Hindu University (BHU),4Z-IN-U
4Z-IN-UE,For University of Delhi (DU),For University of Delhi (DU),4Z-IN-U
4Z-IN-UF,For IP University,For IP University,4Z-IN-U
4Z-IN-UG,For Jamia Millia Islamia (JMI),For Jamia Millia Islamia (JMI),4Z-IN-U
4Z-IN-UH,For Jawaharlal Nehru University (JNU),For Jawaharlal Nehru University (JNU),4Z-IN-U
4Z-IN-V,For Technical institutions and education (India),For Technical institutions and education (India),4Z-IN-
4Z-IN-VB,For Institutes of Technology qualifications and exams (India),For Institutes of Technology qualifications and exams (India),4Z-IN-V
4Z-IN-VBT,For Indian Institute of Technology Joint Admission Test (IIT JAM),For Indian Institute of Technology Joint Admission Test (IIT JAM),4Z-IN-VB
4Z-IN-VD,For Industrial Training Institutes (ITI) qualifications and exams,For Industrial Training Institutes (ITI) qualifications and exams,4Z-IN-V
4Z-IN-VF,For Polytechnic qualifications and exams (India),For Polytechnic qualifications and exams (India),4Z-IN-V
4Z-IT-,For the educational curriculum of Italy,Освітні програми Італії,4Z
4Z-IT-A,For Italian high school and teacher training education,For Italian high school and teacher training education,4Z-IT-
4Z-IT-AC,For Italian high school (with Classics specialism),For Italian high school (with Classics specialism),4Z-IT-A
4Z-IT-AD,For Italian high school (with Science specialism),For Italian high school (with Science specialism),4Z-IT-A
4Z-IT-AG,For Italian high school (with Languages specialism),For Italian high school (with Languages specialism),4Z-IT-A
4Z-IT-AH,For Italian high school (aimed at developing European values and identity),For Italian high school (aimed at developing European values and identity),4Z-IT-A
4Z-IT-AL,For Italian high school (aimed at developing international language skills specific to the specialism chosen),For Italian high school (aimed at developing international language skills specific to the specialism chosen),4Z-IT-A
4Z-IT-AN,For Italian high school (with Humanities and Social science specialism),For Italian high school (with Humanities and Social science specialism),4Z-IT-A
4Z-IT-AP,For other Italian high schools and educational curricula,For other Italian high schools and educational curricula,4Z-IT-A
4Z-IT-AR,For Italian teacher training (for former Italian primary school teacher training),For Italian teacher training (for former Italian primary school teacher training),4Z-IT-A
4Z-IT-AS,For Italian teacher training (for former Italian nursery school teacher training),For Italian teacher training (for former Italian nursery school teacher training),4Z-IT-A
4Z-IT-C,For artistic education (Italy),For artistic education (Italy),4Z-IT-
4Z-IT-CB,For Italian high school (with Arts specialism),For Italian high school (with Arts specialism),4Z-IT-C
4Z-IT-CE,For Italian school of art / art college,For Italian school of art / art college,4Z-IT-C
4Z-IT-E,For professional education (Italy),For professional education (Italy),4Z-IT-
4Z-IT-EA,For Italian professional institute of agriculture and environment,For Italian professional institute of agriculture and environment,4Z-IT-E
4Z-IT-EC,For Italian professional institute of industry and handicraft,For Italian professional institute of industry and handicraft,4Z-IT-E
4Z-IT-EF,For Italian professional institute of commerce and tourism,For Italian professional institute of commerce and tourism,4Z-IT-E
4Z-IT-EH,For Italian professional institute of advertising,For Italian professional institute of advertising,4Z-IT-E
4Z-IT-EL,For Italian professional institute of hotel management,For Italian professional institute of hotel management,4Z-IT-E
4Z-IT-EN,For Italian professional institute of social services,For Italian professional institute of social services,4Z-IT-E
4Z-IT-EQ,For Italian professional institute of auxiliary health services,For Italian professional institute of auxiliary health services,4Z-IT-E
4Z-IT-ER,For Italian professional institute of maritime activities,For Italian professional institute of maritime activities,4Z-IT-E
4Z-IT-ES,For other Italian professional institutes,For other Italian professional institutes,4Z-IT-E
4Z-IT-G,For technical education (Italy),For technical education (Italy),4Z-IT-
4Z-IT-GB,For Italian technical institute of commerce (chartered accounting),For Italian technical institute of commerce (chartered accounting),4Z-IT-G
4Z-IT-GD,For Italian technical institute of business and foreign languages,For Italian technical institute of business and foreign languages,4Z-IT-G
4Z-IT-GF,For Italian technical institute of Industry,For Italian technical institute of Industry,4Z-IT-G
4Z-IT-GH,For Italian technical institute of agriculture,For Italian technical institute of agriculture,4Z-IT-G
4Z-IT-GL,For Italian technical institute of surveying,For Italian technical institute of surveying,4Z-IT-G
4Z-IT-GM,For Italian technical institute of nautical studies,For Italian technical institute of nautical studies,4Z-IT-G
4Z-IT-GP,For Italian technical institute of aeronautics,For Italian technical institute of aeronautics,4Z-IT-G
4Z-IT-GT,For Italian technical institute of tourism,For Italian technical institute of tourism,4Z-IT-G
4Z-IT-GZ,For other Italian technical institutes,For other Italian technical institutes,4Z-IT-G
4Z-JP-,For the educational curriculum of Japan,Освітні програми Японії,4Z
4Z-JP-A,For pre-school learning (Japan),For pre-school learning (Japan),4Z-JP-
4Z-JP-AA,For nursery education (Japan),For nursery education (Japan),4Z-JP-A
4Z-JP-AB,For ECEC – Early Childhood Education and Care centres (Japan),For ECEC – Early Childhood Education and Care centres (Japan),4Z-JP-A
4Z-JP-AC,For kindergarten (Japan),For kindergarten (Japan),4Z-JP-A
4Z-JP-ACA,For the first year of kindergarten (Japan),For the first year of kindergarten (Japan),4Z-JP-AC
4Z-JP-ACB,For the second year of kindergarten (Japan),For the second year of kindergarten (Japan),4Z-JP-AC
4Z-JP-ACC,For the third year of kindergarten (Japan),For the third year of kindergarten (Japan),4Z-JP-AC
4Z-JP-B,For primary school learning (Japan),For primary school learning (Japan),4Z-JP-
4Z-JP-BA,For primary school learning year 1 (Japan),For primary school learning year 1 (Japan),4Z-JP-B
4Z-JP-BB,For primary school learning year 2 (Japan),For primary school learning year 2 (Japan),4Z-JP-B
4Z-JP-BC,For primary school learning year 3 (Japan),For primary school learning year 3 (Japan),4Z-JP-B
4Z-JP-BD,For primary school learning year 4 (Japan),For primary school learning year 4 (Japan),4Z-JP-B
4Z-JP-BE,For primary school learning year 5 (Japan),For primary school learning year 5 (Japan),4Z-JP-B
4Z-JP-BF,For primary school learning year 6 (Japan),For primary school learning year 6 (Japan),4Z-JP-B
4Z-JP-C,For junior high school learning (Japan),For junior high school learning (Japan),4Z-JP-
4Z-JP-CA,For junior high school learning year 1 (Japan),For junior high school learning year 1 (Japan),4Z-JP-C
4Z-JP-CB,For junior high school learning year 2 (Japan),For junior high school learning year 2 (Japan),4Z-JP-C
4Z-JP-CC,For junior high school learning year 3 (Japan),For junior high school learning year 3 (Japan),4Z-JP-C
4Z-JP-D,For high school / technical college learning (Japan),For high school / technical college learning (Japan),4Z-JP-
4Z-JP-DA,For high school learning – general course (Japan),For high school learning – general course (Japan),4Z-JP-D
4Z-JP-DAA,For high school learning – general course year 1 (Japan),For high school learning – general course year 1 (Japan),4Z-JP-DA
4Z-JP-DAB,For high school learning – general course year 2 (Japan),For high school learning – general course year 2 (Japan),4Z-JP-DA
4Z-JP-DAC,For high school learning – general course year 3 (Japan),For high school learning – general course year 3 (Japan),4Z-JP-DA
4Z-JP-DB,For high school learning – specialised course (Japan),For high school learning – specialised course (Japan),4Z-JP-D
4Z-JP-DBA,For high school learning – specialised course year 1 (Japan),For high school learning – specialised course year 1 (Japan),4Z-JP-DB
4Z-JP-DBB,For high school learning – specialised course year 2 (Japan),For high school learning – specialised course year 2 (Japan),4Z-JP-DB
4Z-JP-DBC,For high school learning – specialised course year 3 (Japan),For high school learning – specialised course year 3 (Japan),4Z-JP-DB
4Z-JP-DC,For technical college learning (Japan),For technical college learning (Japan),4Z-JP-D
4Z-JP-E,For special needs education (Japan),For special needs education (Japan),4Z-JP-
4Z-JP-EA,For special needs education – pre-school section (Japan),For special needs education – pre-school section (Japan),4Z-JP-E
4Z-JP-EB,For special needs education – elementary school section (Japan),For special needs education – elementary school section (Japan),4Z-JP-E
4Z-JP-EC,For special needs education – junior high school section (Japan),For special needs education – junior high school section (Japan),4Z-JP-E
4Z-JP-ED,For special needs education – senior high school section (Japan),For special needs education – senior high school section (Japan),4Z-JP-E
4Z-JP-F,For Institution under the control of the government (Japan),For Institution under the control of the government (Japan),4Z-JP-
4Z-JP-G,For university / college learning (Japan),For university / college learning (Japan),4Z-JP-
4Z-JP-H,For graduate school learning (Japan),For graduate school learning (Japan),4Z-JP-
4Z-JP-K,For Japanese Entrance and other exams,For Japanese Entrance and other exams,4Z-JP-
4Z-JP-KA,For kindergarten entrance examination (Japan),For kindergarten entrance examination (Japan),4Z-JP-K
4Z-JP-KB,For primary school entrance examination (Japan),For primary school entrance examination (Japan),4Z-JP-K
4Z-JP-KC,For junior high school entrance examination (Japan),For junior high school entrance examination (Japan),4Z-JP-K
4Z-JP-KD,For Test of Lower Secondary School Graduation Certificate (Japan),For Test of Lower Secondary School Graduation Certificate (Japan),4Z-JP-K
4Z-JP-KE,For high school / technical entrance examination (Japan),For high school / technical entrance examination (Japan),4Z-JP-K
4Z-JP-KF,For Test of Upper Secondary School Graduation Certificate examination (Japan),For Test of Upper Secondary School Graduation Certificate examination (Japan),4Z-JP-K
4Z-JP-KH,For Institution under the control of the government entrance examination (Japan),For Institution under the control of the government entrance examination (Japan),4Z-JP-K
4Z-JP-KJ,For university / college entrance examination (Japan),For university / college entrance examination (Japan),4Z-JP-K
4Z-JP-KJA,For National Centre Test for University Admissions (Japan),For National Centre Test for University Admissions (Japan),4Z-JP-KJ
4Z-JP-KK,For graduate school entrance examination (Japan),For graduate school entrance examination (Japan),4Z-JP-K
4Z-KR-,For the educational curriculum of Korea,For the educational curriculum of Korea,4Z
4Z-KR-A,For primary and secondary school curriculum (Korea),For primary and secondary school curriculum (Korea),4Z-KR-
4Z-KR-AB,For early education (Korea),For early education (Korea),4Z-KR-A
4Z-KR-AC,For kindergarten learning (Korea),For kindergarten learning (Korea),4Z-KR-A
4Z-KR-AD,For preliminary elementary school learning (Korea),For preliminary elementary school learning (Korea),4Z-KR-A
4Z-KR-AE,For elementary school learning (Korea),For elementary school learning (Korea),4Z-KR-A
4Z-KR-AEA,For elementary school learning year 1 (Korea),For elementary school learning year 1 (Korea),4Z-KR-AE
4Z-KR-AEB,For elementary school learning year 2 (Korea),For elementary school learning year 2 (Korea),4Z-KR-AE
4Z-KR-AEC,For elementary school learning year 3 (Korea),For elementary school learning year 3 (Korea),4Z-KR-AE
4Z-KR-AED,For elementary school learning year 4 (Korea),For elementary school learning year 4 (Korea),4Z-KR-AE
4Z-KR-AEF,For elementary school learning year 5 (Korea),For elementary school learning year 5 (Korea),4Z-KR-AE
4Z-KR-AEG,For elementary school learning year 6 (Korea),For elementary school learning year 6 (Korea),4Z-KR-AE
4Z-KR-AF,For preliminary middle school learning (Korea),For preliminary middle school learning (Korea),4Z-KR-A
4Z-KR-AG,For middle school learning (Korea),For middle school learning (Korea),4Z-KR-A
4Z-KR-AGA,For middle school learning year 1 (Korea),For middle school learning year 1 (Korea),4Z-KR-AG
4Z-KR-AGB,For middle school learning year 2 (Korea),For middle school learning year 2 (Korea),4Z-KR-AG
4Z-KR-AGC,For middle school learning year 3 (Korea),For middle school learning year 3 (Korea),4Z-KR-AG
4Z-KR-AH,For preliminary high school learning (Korea),For preliminary high school learning (Korea),4Z-KR-A
4Z-KR-AJ,For high school learning (Korea),For high school learning (Korea),4Z-KR-A
4Z-KR-AJA,For high school learning year 1 (Korea),For high school learning year 1 (Korea),4Z-KR-AJ
4Z-KR-AJB,For high school learning year 2 (Korea),For high school learning year 2 (Korea),4Z-KR-AJ
4Z-KR-AJC,For high school learning year 3 (Korea),For high school learning year 3 (Korea),4Z-KR-AJ
4Z-KR-B,"For Korean vocational, professional qualifications, exams and tests","For Korean vocational, professional qualifications, exams and tests",4Z-KR-
4Z-KR-BA,For Korean civil service exams,For Korean civil service exams,4Z-KR-B
4Z-KR-BE,"For Korean vocational, professional qualifications, exams and tests in economics, finance, management and logistics sector","For Korean vocational, professional qualifications, exams and tests in economics, finance, management and logistics sector",4Z-KR-B
4Z-KR-BH,"For Korean vocational, professional qualifications, exams and tests in law, humanity and social science sector","For Korean vocational, professional qualifications, exams and tests in law, humanity and social science sector",4Z-KR-B
4Z-KR-BI,"For Korean vocational, professional qualifications, exams and tests for medical experts and other health care sector","For Korean vocational, professional qualifications, exams and tests for medical experts and other health care sector",4Z-KR-B
4Z-KR-BJ,"For Korean recruitment exam, general knowledge, and aptitude tests","For Korean recruitment exam, general knowledge, and aptitude tests",4Z-KR-B
4Z-KR-BK,"For Korean entry exams for 4-year course college, school qualification exams, and self-education","For Korean entry exams for 4-year course college, school qualification exams, and self-education",4Z-KR-B
4Z-KR-BL,For Korean History Proficiency Test,For Korean History Proficiency Test,4Z-KR-B
4Z-MX-,For the educational curriculum of Mexico,Освітні програми Мексики,4Z
4Z-MX-A,for Preschool education (Mexico),for Preschool education (Mexico),4Z-MX-
4Z-MX-B,For Primary education (Mexico),For Primary education (Mexico),4Z-MX-
4Z-MX-C,For Secondary Education (Mexico),For Secondary Education (Mexico),4Z-MX-
4Z-MX-D,Higher Secondary Education – Bachillerato (Mexico),Higher Secondary Education – Bachillerato (Mexico),4Z-MX-
4Z-MX-E,For Higher education (Mexico),For Higher education (Mexico),4Z-MX-
4Z-MX-F,For Vocational or technical education (Mexico),For Vocational or technical education (Mexico),4Z-MX-
4Z-NI-,For the educational curriculum of Nicaragua,Освітні програми Нікарагуа,4Z
4Z-NL-,For the educational curriculum of The Netherlands,For the educational curriculum of The Netherlands,4Z
4Z-NO-,For the educational curriculum of Norway,Освітні програми Норвегії,4Z
4Z-NO-A,KL06 Kunnskapsløftet,KL06 Kunnskapsløftet,4Z-NO-
4Z-NO-B,LK20 Fagfornyelsen,LK20 Fagfornyelsen,4Z-NO-
4Z-NO-C,LK20S Fagfornyelsen (sami curricula),LK20S Fagfornyelsen (sami curricula),4Z-NO-
4Z-NZ-,For the educational curriculum of Aotearoa / New Zealand,Освітні програми Нової Зеландії,4Z
4Z-PA-,For the educational curriculum of Panama,Освітні програми Панами,4Z
4Z-PA-A,Primary Education (Panama),Primary Education (Panama),4Z-PA-
4Z-PA-B,Pre-secondary or secondary education (Panama),Pre-secondary or secondary education (Panama),4Z-PA-
4Z-PA-C,Secondary education or Bachillerato (Panama),Secondary education or Bachillerato (Panama),4Z-PA-
4Z-PE-,For the educational curriculum of Peru,Освітні програми Перу,4Z
4Z-PL-,For the educational curriculum of Poland,Освітні програми Польщі,4Z
4Z-PL-A,For Primary / elementary education (Poland),Початкова школа (Польща),4Z-PL-
4Z-PL-B,For Eighth grade exams (Poland),Іспит у восьмому класі (Польща),4Z-PL-
4Z-PL-C,For secondary education (Poland),Середня освіта (Польща),4Z-PL-
4Z-PL-CA,For Polish general secondary schools (liceum),Середня школа (ліцей) (Польща),4Z-PL-C
4Z-PL-CB,For Polish technical secondary schools (technikum),Середня школа (технікум) (Польща),4Z-PL-C
4Z-PL-CD,For Polish basic vocational schools,Базова професійна школа (Польща),4Z-PL-C
4Z-PL-D,Polish vocational or professional exams,"Іспити, що підтверджують професійну кваліфікацію (так званий новий професійний іспит) (Польща)",4Z-PL-
4Z-PL-E,Polish secondary school leaving exams (Matura),Іспит Матура (державний іспит) (Польща),4Z-PL-
4Z-PT-,For the educational curriculum of Portugal,For the educational curriculum of Portugal,4Z
4Z-PY-,For the educational curriculum of Paraguay,Освітні програми Парагваю,4Z
4Z-RO-,For the educational curriculum of Romania,For the educational curriculum of Romania,4Z
4Z-SG-,For the educational curriculum of Singapore,Освітні програми Сінгапуру,4Z
4Z-SK-,For the educational curriculum of Slovakia,For the educational curriculum of Slovakia,4Z
4Z-SV-,For the educational curriculum of El Salvador,Освітні програми Сальвадору,4Z
4Z-TR-,For the educational curriculum of Turkey / Türkiye,For the educational curriculum of Turkey / Türkiye,4Z
4Z-UA-,For the educational curriculum of Ukraine,For the educational curriculum of Ukraine,4Z
4Z-UA-A,For preschool / pre-primary education (Ukraine),For preschool / pre-primary education (Ukraine),4Z-UA-
4Z-UA-B,For the transition to primary / elementary school or For pre-primary / preparatory classes,For the transition to primary / elementary school or For pre-primary / preparatory classes,4Z-UA-
4Z-UA-C,For primary / elementary education (4-year duration); 1st to 4th grade (Ukraine),For primary / elementary education (4-year duration); 1st to 4th grade (Ukraine),4Z-UA-
4Z-UA-CB,For the final state attestation and for state exams for 4th grade,For the final state attestation and for state exams for 4th grade,4Z-UA-C
4Z-UA-D,For complete general secondary education (Ukraine),For complete general secondary education (Ukraine),4Z-UA-
4Z-UA-DC,For basic secondary education (5-year duration); 5th to 9th grade,For basic secondary education (5-year duration); 5th to 9th grade,4Z-UA-D
4Z-UA-DD,For the final state attestation / For state exams for 9th grade,For the final state attestation / For state exams for 9th grade,4Z-UA-D
4Z-UA-DE,For specialized secondary education (3-year duration); 10th to 12th grade,For specialized secondary education (3-year duration); 10th to 12th grade,4Z-UA-D
4Z-UA-DF,For the External independent evaluation / testing (EIE / EIT) - For state exams,For the External independent evaluation / testing (EIE / EIT) - For state exams,4Z-UA-D
4Z-US-,For educational curricula of the USA,Освітні програми США,4Z
4Z-US-A,For SAT (Scholastic Assessment Test) (USA),For SAT (Scholastic Assessment Test) (USA),4Z-US-
4Z-US-B,For ACT (American College Testing) (USA),Іспит ACT (Тест у американському коледжі) (США),4Z-US-
4Z-US-C,For GED (General Educational Development Tests) (USA),For GED (General Educational Development Tests) (USA),4Z-US-
4Z-US-D,For GMAT (Graduate Management Admission Test),Іспит GMAT (тест на вступ до вищої освіти) (США),4Z-US-
4Z-US-E,For GRE (Graduate Record Examination) (USA),For GRE (Graduate Record Examination) (USA),4Z-US-
4Z-US-F,For LSAT (Law School Admission Test) (USA),LSAT (вступний тест у юридичну школу) (США),4Z-US-
4Z-US-G,For MCAT (Medical College Admission Test) (USA),MCAT (вступний тест до медичного коледжу)(США),4Z-US-
4Z-US-H,For PSAT and NMSQT (National Merit Scholarship Qualifying Test) (USA),For PSAT and NMSQT (National Merit Scholarship Qualifying Test) (USA),4Z-US-
4Z-US-I,For NTE (National Teacher Examinations) (USA),Іспит NTE (Національні випробування вчителів) (США),4Z-US-
4Z-US-J,For NCLEX (National Council Licensure Examination) (USA),For NCLEX (National Council Licensure Examination) (USA),4Z-US-
4Z-US-L,For Legal Bar (USA),Іспит для адвокатів (США),4Z-US-
4Z-US-M,For High School Entrance (USA),Вступний іспит до середньої школи (США),4Z-US-
4Z-US-N,For College Entrance (USA),Вступний іспит до коледжу (США),4Z-US-
4Z-US-O,For AP – Advanced Placement (USA),For Advance Placement (USA),4Z-US-
4Z-US-P,For Armed Forces (USA),Збройні сили (США),4Z-US-
4Z-UY-,For the educational curriculum of Uruguay,Освітні програми Уругваю,4Z
4Z-VE-,For the educational curriculum of Venezuela,Освітні програми Венесуели,4Z
4Z-ZA-,For the educational curriculum of South Africa,Освітні програми Південної Африки,4Z
5,Interest qualifiers,Визначники для вікових груп та груп особливих інтересів,
5A,Interest age / level (Content adapted or suitable for this age and above),Вікова категорія,5
5AB,For children c 0–36 months,Для дітей від 0 до 36 місяців,5A
5ABB,For babies from birth,Для немовлят від народження,5AB
5ABD,For babies from 3 months,Для немовлят від 3-х місяців,5AB
5ABF,For babies from 6 months,Для немовлят від 6-ти місяців,5AB
5ABH,For infants from c 12 months,Для немовлят від 12-ти місяців,5AB
5ABJ,For infants from c 18 months,For infants from c 18 months,5AB
5ABK,Interest age: from c 24 months,Вікова категорія: з 24-х місяців,5AB
5AC,Interest age: from c 3 years,Вікова категорія: з 3-х років,5A
5AD,Interest age: from c 4 years,Вікова категорія: з 4-х років,5A
5AF,Interest age: from c 5 years,Вікова категорія: з 5-ти років,5A
5AG,Interest age: from c 6 years,Вікова категорія: з 6-ти років,5A
5AH,Interest age: from c 7 years,Вікова категорія: з 7-ми років,5A
5AJ,Interest age: from c 8 years,Вікова категорія: з 8-ми років,5A
5AK,Interest age: from c 9 years,Вікова категорія: з 9-ти років,5A
5AL,Interest age: from c 10 years,Вікова категорія: з 10-ти років,5A
5AM,Interest age: from c 11 years,Вікова категорія: з 11-ти років,5A
5AN,Interest age: from c 12 years,Вікова категорія: з 12-ти років,5A
5AP,Interest age: from c 13 years,Вікова категорія: з 13-ти років,5A
5AQ,Interest age: from c 14 years,Вікова категорія: з 14-ти років,5A
5AR,Content adapted or suitable for reluctant or struggling readers (children / teenagers),"Для неактивних читачів, у яких труднощі з читанням (діти / підлітки)",5A
5AS,Interest age: from c 15 years,Вікова категорія: з 15-ти років,5A
5AT,Interest age: from c 16 years,Вікова категорія: з 16-ти років,5A
5AU,Interest age: from c 17 years,Вікова категорія: з 17-ти років,5A
5AV,Interest age: from c 17 years to c 29 years,Interest age: from c 17 years to c 29 years,5A
5AX,Content adapted or suitable for adult emergent / reluctant readers,Для дорослих читачів-початківців,5A
5AZ,Content adapted or suitable for people with learning / communication difficulties or impairments,Для людей з труднощами у навчанні / спілкуванні,5A
5H,"Holidays, events and seasonal interest","Свята, події та сезонні заходи",5
5HC,Holidays and celebrations,Свята й урочистості,5H
5HCA,New Year,Новий рік,5HC
5HCAL,Lunar New Year festivals and ceremonies,Lunar New Year festivals and ceremonies,5HCA
5HCB,Days of commemoration,Пам’ятні дати,5HC
5HCBA,Holocaust Memorial or Remembrance Days,День пам’яті жертв Голокосту / Холокосту,5HCB
5HCBD,Emancipation Days,Emancipation Days,5HCB
5HCB-AR-B,May Revolution Day (Argentina),День травневої революції (Аргентина),5HCB
5HCB-AR-D,Day of Remembrance for Truth and Justice,День пам’яті про правду і справедливість,5HCB
5HCB-MX-B,Mexican Revolution Day,День Мексиканської революції,5HCB
5HCC,Chinese (Lunar) New Year / Spring Festival,Китайський Новий рік / Місячний Новий рік,5HC
5HCD,Independence Days,Дні незалежності,5HC
5HC-US-A,US Independence Day,День незалежності США,5HCD
5HCE,Valentine’s Day / Lovers’ days,День Святого Валентина / День закоханих,5HC
5HCF,National / Constitution Days,Національні / Конституційні дні,5HC
5HCF-NO-B,Constitution Day of Norway / Seventeenth of May,Constitution Day of Norway / Seventeenth of May,5HCF
5HC-CN-G,Chinese National Day,День утворення Китайської Народної Республіки,5HCF
5HCG,Carnival / Mardi Gras,Карнавал / Mardi Gras,5HC
5HCH,International Women’s Day,Міжнародний жіночий день,5HC
5HCJ,Mother’s Day,День матері,5HC
5HCK,Children’s Day,День захисту дітей,5HC
5HCL,Father’s Day,День батька,5HC
5HCM,Midsummer,Свято літнього сонцестояння,5HC
5HCN,Mid-Autumn Festival,"Свято середини осені / Фестиваль, що проходить посередині осені",5HC
5HCP,Hallowe’en / Halloween,Хелловін,5HC
5HCQ,Festivals of the Dead / Ancestors,Фестиваль мертвих / Свято предків,5HC
5HC-CN-Q,Ancestors’ Day,День предків,5HCQ
5HC-MX-D,Day of the Dead / Día de Muertos,День мертвих / День мерців,5HCQ
5HCR,Harvest Festivals,Свята врожаю,5HC
5HCS,Thanksgiving,День подяки,5HC
5HCT,Indigenous Peoples / Cultural Diversity Days,Корінні народи / Дні культурної різноманітності,5HC
5HCU,World Book Day,Всесвітній день книги,5HC
5HCV,Midwinter,Свято зимового сонцестояння,5HC
5HCW,International Workers Day (Labour Day),Міжнародний день праці (День праці),5HC
5HCX,"Traditional, cultural or folkloric festivals, celebrations or holidays","Традиційні, культурні чи фольклорні фестивалі, святкування чи урочистості",5HC
5HC-CN-D,Dragon Boat Festival,Свято човнів-драконів,5HCX
5HC-IE-B,Saint Brigid’s Day,Денсвятої Бригіти,5HCX
5HC-IE-P,Saint Patrick’s Day,День святого Патріка,5HC
5HD,"Ceremonies, festivals, gatherings, events","Ceremonies, festivals, gatherings, events",5H
5HDB,State rituals and ceremonies,State rituals and ceremonies,5HD
5HDC,Ceremonies for citizens / of citizenship,Ceremonies for citizens / of citizenship,5HD
5HDE,"Animal awareness days, animal festivals","Animal awareness days, animal festivals",5HD
5HDF,Family or family member days / festivals,Family or family member days / festivals,5HD
5HDG,Youth Day,Youth Day,5HD
5HDH,"Indigenous Peoples: Ceremonies, celebrations, festivals, gatherings","Indigenous Peoples: Ceremonies, celebrations, festivals, gatherings",5HD
5HDH-AU-A,Connection to Country / Welcome to Country,Connection to Country / Welcome to Country,5HDH
5HDH-XA-A,Powwow,Powwow,5HDH
5HDH-XD-B,Stomp dance,Stomp dance,5HDH
5HDP,Pride festivals and events,Pride festivals and events,5HD
5HK,Special events / life-cycle celebrations,Спеціальні події,5H
5HKA,Birthdays,Дні народження,5HK
5HKB,Back to School,Початок навчального року. Перший дзвоник,5HK
5HKC,Graduation,Закінчення учбового закладу. Церемонія вручення дипломів. Випускний,5HK
5HKD,Pregnancy / birth / new baby,Pregnancy / birth / new baby,5HK
5HKE,Award ceremonies,Award ceremonies,5HK
5HKF,Baptism,Хрещення,5HK
5HKG,Naming ceremonies,Naming ceremonies,5HK
5HKM,"First Communion, Holy Communion","Перше Причастя, Святе Причастя",5HK
5HKQ,Confirmation,Миропомазання,5HK
5HKT,"Bar Mitzvah, Bat Mitzvah","Bar Mitzvah, Bat Mitzvah",5HK
5HKU,Wedding / marriage,"Заручини, весілля, шлюб",5HK
5HKUD,Engagement / betrothal,Engagement / betrothal,5HKU
5HKV,Coming of age celebrations / festivals / rituals,Найближчі свята / фестивалі / ритуали,5HK
5HKW,Separation / divorce,Separation / divorce,5HK
5HKX,Anniversaries,Anniversaries,5HK
5HKY,Retirements,Retirements,5HK
5HKZ,Funerals / burials / death,Funerals / burials / death,5HK
5HP,Religious holidays / festivals,Реігійні свята,5H
5HPD,Christmas,Різдво,5HP
5HPDA,Advent,Різдвяний піст,5HPD
5HPDE,Epiphany,Богоявлення,5HPD
5HPF,Easter,Великдень,5HP
5HPFD,Lent,Lent,5HPF
5HPFH,Holy Week,Страсний тиждень,5HPF
5HPFP,Pentecost,Pentecost,5HPF
5HPG,Holi (Festival of Colours),Холі (фестиваль кольорів),5HP
5HPH,Diwali,Дівалі,5HP
5HPJ,Vaisakhi (Baisakhi),Vaisakhi (Baisakhi),5HP
5HPK,Ramadan,Рамадан,5HP
5HPKE,Eid al-Fitr,Ід аль-фітр,5HPK
5HPL,Eid al-Adha,Ід аль-адха /Ід аль-кабір /Ід аль курбан / Курбан-байрам,5HP
5HPU,Hanukkah,Ханука,5HP
5HPV,Passover (Pesach),Пасха (Песах),5HP
5HPW,Rosh Hashanah,Рош Гашана (Рош-Ашана). Новий рік,5HP
5HPWY,Yom Kippur,Йом-Кіпур. День Спокути,5HPW
5HPY,"Further religious holidays, festivals, holy days or celebrations","Інші релігійні свята, фестивалі, події чи урочистості",5HP
5HPYC,Feast of Corpus Christi,Свято тіла Христа,5HPY
5HPY-MX-G,Day of the Virgin of Guadalupe,День Богородиці Гваделупської,5HPY
5HP-NL-N,Saint Nicholas Day,День Святого Миколая,5HP
5HR,Seasonal interest,Пори року,5H
5HRA,Seasonal interest: Spring,Пори року: Весна,5HR
5HRB,Seasonal interest: Summer,Пори року: Літо,5HR
5HRB-FI-P,Midnight sun,Опівнічне сонце,5HRB
5HRC,"Seasonal interest: Autumn, Fall",Пори року: Осінь,5HR
5HRD,Seasonal interest: Winter,Пори року: Зима,5HR
5HRD-FI-P,Polar night,Полярна ніч,5HRD
5J,Subject matter intended exclusively for specific groups,Конкретні цільові групи,5
5JA,Subject matter intended specifically for women and/or girls,Призначені переважно або спеціально для жінок та / або дівчат,5J
5JB,Subject matter intended specifically for men and/or boys,Призначені переважно або спеціально для чоловіків та / або хлопців,5J
5L,Relating to the stages of life,Пов’язані зі стадіями життя,5
5LB,Relating to infancy,Що стосується раннього дитинства,5L
5LC,Relating to childhood,Що стосується дитинства,5L
5LD,Relating to preteen / tween years,Що стосується майже підлітків,5L
5LF,Relating to adolescence / teenage years,Про підлітків чи підлітковий вік,5L
5LFE,Relating to older teenagers,Relating to older teenagers,5LF
5LK,Relating to adulthood,Про доросле життя,5L
5LKE,Relating to early adulthood,Пов’язане з ранньою дорослістю,5LK
5LKM,Relating to middle adulthood,Пов’язане із середнім віком,5LK
5LKS,Relating to late adulthood / old age,Пов’язане з пізньою зрілістю та старістю,5LK
5P,Relating to specific groups and cultures or social and cultural interests,Пов’язані з конкретними соціальними групами та культурами,5
5PB,"Relating to peoples: ethnic groups, indigenous peoples, cultures and other groupings of people","Що стосується народів: етнічні групи, корінні народи, культури, племена та інші угруповання людей",5P
5PBA,Relating to Indigenous peoples,Що стосується корінних народів,5PB
5PBA-XA-P,Relating to Indigenous Pacific Islanders,Relating to Indigenous Pacific Islanders,5PBA
5PBA-XD-E,Relating to Indigenous Elders,Relating to Indigenous Elders,5PBA
5PBB,Relating to peoples or groups of multiple heritage / culture,Relating to peoples or groups of multiple heritage / culture,5PB
5PBC,Relating to migrant groups / diaspora communities or peoples / groups with shared heritage,Що стосується груп / спільнот мігрантів,5PB
5PBCB,Relating to people of the Middle Eastern diasporas / heritage,Relating to people of the Middle Eastern diasporas / heritage,5PBC
5PBCD,Relating to people of the North African / Maghreb diasporas / heritage,Relating to people of the North African / Maghreb diasporas / heritage,5PBC
5PBCG,Relating to people of the South Asian diasporas / heritage,Relating to people of the South Asian diasporas / heritage,5PBC
5PBCH,Relating to people of the South East Asian diasporas / heritage,Relating to people of the South East Asian diasporas / heritage,5PBC
5PBCJ,Relating to people of the East Asian diasporas / heritage,Relating to people of the East Asian diasporas / heritage,5PBC
5PBCL,Relating to people of the Pacific Island diasporas / heritage,Relating to people of the Pacific Island diasporas / heritage,5PBC
5PBCM,Relating to people of the Caribbean diasporas / heritage,Relating to people of the Caribbean diasporas / heritage,5PBC
5PBCN,Relating to people of the Latin American diasporas / heritage,Relating to people of the Latin American diasporas / heritage,5PBC
5PBCP,Relating to people of the North American diasporas / heritage,Relating to people of the North American diasporas / heritage,5PBC
5PBCQ,Relating to people of the European diasporas / heritage,Relating to people of the European diasporas / heritage,5PBC
5PBD,Relating to people of the African diasporas / heritage,Що стосується народів африканського походження,5PB
5PBK,Relating to Kurdish people,Що стосується курдів,5PB
5PBQ,Relating to Nomads / nomadic peoples,Relating to Nomads / nomadic peoples,5PB
5PBR,Relating to Romani people and Travellers,Що стосується ромів (циган) та кочівників,5PB
5PBR-IE-T,Relating to Irish Travellers,Що стосується ірландських мандрівників,5PBR
5PBS,Relating to Sami people,Що стосується саамів,5PB
5PB-AA-A,Relating to Arab people,Relating to Arab people,5PB
5PB-AU-A,Relating to First Nations peoples in Australia,Що стосується австралійських аборигенів та жителів островів протоки Торрес,5PB
5PB-AU-AD,Relating to Australian Aboriginal peoples,Relating to Australian Aboriginal peoples,5PB-AU-A
5PB-AU-AK,Relating to Torres Strait Islanders,Relating to Torres Strait Islanders,5PB-AU-A
5PB-AU-AS,Relating to Australian South Sea Islanders,Relating to Australian South Sea Islanders,5PB-AU-A
5PB-CA-A,Relating to First Nations (peoples),Relating to First Nations (peoples),5PB
5PB-CA-B,Relating to Inuit,Relating to Inuit,5PB
5PB-CA-C,Relating to Métis (Michif),Relating to Metis (Michif),5PB
5PB-CA-F,Relating to Acadian people,Relating to Acadian people,5PB
5PB-CA-G,Relating to Black Canadians / African-Canadian and Caribbean-Canadian people,Relating to Black Canadians / African-Canadian and Caribbean-Canadian people,5PB
5PB-CA-H,Relating to Latin American Canadian people,Relating to Latin American Canadian people,5PB
5PB-CA-J,Relating to Arab or Middle Eastern Canadian people,Relating to Arab or Middle Eastern Canadian people,5PB
5PB-CA-K,Relating to East Asian Canadian people,Relating to East Asian Canadian people,5PB
5PB-CA-L,Relating to South Asian Canadian people,Relating to South Asian Canadian people,5PB
5PB-CA-M,Relating to Southeast Asian Canadian people,Relating to Southeast Asian Canadian people,5PB
5PB-CA-T,Relating to European Canadian people,Relating to European Canadian people,5PB
5PB-GB-M,Relating to Minority Ethnic or ethnically diverse peoples and groups of the UK,"Що стосується чорношкірих, азіатських та національних меншин, народів",5PB
5PB-GB-A,Relating to British Asian people,Що стосується азіатського народу Великобританії,5PB
5PB-GB-AE,Relating to British East and Southeast Asian people,"Що стосується британського народу, походженням зі Східної Азії",5PB-GB-A
5PB-GB-AS,Relating to British South Asian people,"Що стосується британського народу, походженням із Південної Азії",5PB-GB-A
5PB-GB-B,Relating to Black British people,Що стосується чорношкірих громадян Великобританії,5PB
5PB-GB-BC,Relating to Black British Caribbean people,Що стосується чорношкірих британців з Карибського басейну,5PB-GB-B
5PB-GB-BF,Relating to Black British African people,Що стосується афро-британців,5PB-GB-B
5PB-GB-N,Relating to Ulster-Scots (or Scots-Irish) people,Що стосується ольстерсько-шотландських (або шотландсько-ірландських) людей,5PB
5PB-IT-A,Relating to the Arbëreshë people,Relating to the Arbëreshë people,5PB
5PB-NO-K,Relating to Kven people,Що стосується квенамі,5PB
5PB-NZ-A,Relating to Māori people,Що стосується маорі,5PB
5PB-US-B,Relating to Amish / Mennonite people,Що стосується амішів / менонітів,5PB
5PB-US-C,Relating to African American / Black American people,Що стосується афроамериканських людей,5PB
5PB-US-D,Relating to Asian American people,Що стосується азіатського народу Америки,5PB
5PB-US-DB,Relating to Pacific Islander American people,Relating to Pacific Islander American people,5PB-US-D
5PB-US-E,Relating to Native American people / First Americans,Що стосується північноамериканських індіанців,5PB
5PB-US-F,Relating to Creole people,Що стосується креолів,5PB
5PB-US-G,Relating to Cajun people,Що стосується канадців,5PB
5PB-US-H,Relating to Latin / Hispanic US American people,Що стосується латиноамериканців,5PB
5PB-US-M,Relating to Middle Eastern and Arab Americans,Relating to Middle Eastern and Arab Americans,5PB
5PB-US-R,Relating to European US Americans,Relating to European US Americans,5PB
5PB-XT-A,Relating to Turkic peoples,Relating to Turkic peoples,5PB
5PB-XT-B,Relating to Amazigh (Berber peoples),Relating to Amazigh (Berber peoples),5PB
5PD,Relating to specific socioeconomic groups / status,Relating to specific socioeconomic groups / status,5P
5PDD,Relating to lower socioeconomic groups / status,Relating to lower socioeconomic groups / status,5PD
5PDH,Relating to middle socioeconomic groups / status,Relating to middle socioeconomic groups / status,5PD
5PDM,Relating to higher socioeconomic groups / status,Relating to higher socioeconomic groups / status,5PD
5PDMB,Relating to royalty or aristocracy,Relating to royalty or aristocracy,5PDM
5PDMD,Relating to the very rich and wealthy,Relating to the very rich and wealthy,5PDM
5PDMJ,"Relating to presidents, prime ministers, political leaders","Relating to presidents, prime ministers, political leaders",5PDM
5PG,Relating to religious groups,Що стосується релігійних груп,5P
5PGC,Relating to Confucian people and groups,Відносяться до конфуціанців,5PG
5PGD,Relating to Hindu people and groups,Відноситься до індусів,5PG
5PGE,Relating to Sikh people and groups,Relating to Sikh people and groups,5PG
5PGF,Relating to Buddhist people and groups,Пов’язані з буддистами,5PG
5PGJ,Relating to Jewish people and groups,Пов’язані з євреями,5PG
5PGM,Relating to Christian people and groups,Пов’язані з християнами,5PG
5PGQ,Relating to Druze people and groups,Relating to Druze people and groups,5PG
5PGP,Relating to Islamic / Muslim people and groups,Відносяться до ісламу / мусульман,5PG
5PGS,Relating to Shinto people and groups,Відносяться до синтоїстів,5PG
5PGT,Relating to Taoist people and groups,Відносяться до даосів,5PG
5PH,"Relating to particular relationship, family or kinship types","Relating to particular relationship, family or kinship types",5P
5PHA,Relating to family / families,Relating to family / families,5PH
5PHAB,Relating to siblings,Relating to siblings,5PHA
5PHAD,Relating to parents,Relating to parents,5PHA
5PHAG,Relating to grandparents,Relating to grandparents,5PHA
5PHAH,"Relating to alternative, blended or recomposed families","Relating to alternative, blended or recomposed families",5PHA
5PHAK,Relating to single parents / single parent families,Relating to single parents / single parent families,5PHA
5PHG,Relating to chosen families / found families,Relating to chosen families / found families,5PH
5PM,"Relating to people with visible or hidden disabilities, impairments or conditions","Що стосується осіб з видимими або прихованими вадами, порушеннями чи станами",5P
5PMB,Relating to people with mobility or physical disabilities or impairments,Що стосується осіб з обмеженими фізичними можливостями чи фізичними вадами,5PM
5PMD,Relating to people with visual disabilities or impairments,Що стосується осіб з порушеннями та вадами зору,5PM
5PME,"Relating to people with speech, language or communication impairments or disorders","Relating to people with speech, language or communication impairments or disorders",5PM
5PMF,Relating to people with hearing disabilities or impairments,Що стосується осіб з порушеннями та вадами слуху,5PM
5PMG,Relating to people with motor disorders or conditions,Relating to people with motor disorders or conditions,5PM
5PMH,Relating to people on the autism spectrum,Що стосується осіб з аутистичного спектру,5PM
5PMJ,"Relating to people with learning disorders, difficulties or disabilities",Що стосується осіб з труднощами при навчанні чи обмеженнями,5PM
5PMJB,Relating to people with Attention Deficit Hyperactivity Disorder (ADHD),Relating to people with Attention Deficit Hyperactivity Disorder (ADHD),5PMJ
5PMK,Relating to people with Down syndrome,Relating to people with Down syndrome,5PM
5PML,Relating to people with cerebral palsy,Relating to people with cerebral palsy,5PM
5PMN,Relating to people with degenerative conditions,Що стосується осіб з дегенеративними станами,5PM
5PMNB,Relating to people with dementia / Alzheimer’s,Relating to people with dementia / Alzheimer’s,5PMN
5PMP,Relating to people with hidden or invisible disabilities / disorders,Що стосується осіб із прихованими або невидимими вадами,5PM
5PMPB,Relating to people with mood disorders / affective disorders,Relating to people with mood disorders / affective disorders,5PMP
5PMT,Relating to people with Albinism or Hypopigmentation,Relating to people with Albinism or Hypopigmentation,5PM
5PN,Relates specifically to the life experience of women or girls,Relates specifically to the life experience of women or girls,5P
5PP,Relates specifically to the life experience of men or boys,Relates specifically to the life experience of men or boys,5P
5PR,"Relating to particular subcultures, subcultural groups, or communities","Relating to particular subcultures, subcultural groups, or communities",5P
5PRR,Relating to BDSM and other erotic subcultures,Relating to BDSM and other erotic subcultures,5PR
5PS,Relating to LGBTQIA+ people,Що стосується ЛГБТК + інших людей,5P
5PSB,Relating to bisexual / pansexual / polysexual people,Що стосується бісексуалів або пансексуалів,5PS
5PSG,Relating to gay people,Що стосується геїв,5PS
5PSL,Relating to lesbians,Що стосується лесбіянок,5PS
5PT,Relating to Trans / Transgender people or gender minorities,Що стосується транс / трансгендерних людей чи гендерних меншин,5P
5PTG,Relating to Non-binary people,Relating to Non-binary people,5PT
5PU,Relating to intersex people,Relating to intersex people,5P
5PV,Relating to asexual or aromantic people,Відношення до безстатевих або ароматичних людей,5P
5PW,Relating to Indigiqueer / Two-Spirit peoples,Relating to Indigiqueer / Two-Spirit peoples,5P
5PX,Relating to specific and significant cultural interests,Специфічні та значущі культурні явища,5P
5PX-GB-S,Relating to Shakespeare / Shakespearean,Шекспір,5PX
5PX-XA-A,Relating to King Arthur / Arthurian,Relating to King Arthur / Arthurian,5PX
5T,"Literature of a country, territory or region (NOT used for setting)","Literature of a country, territory or region (NOT used for setting)",5
5TD,Literature of Europe,Literature of Europe,5T
5TD-AL-A,Literature of Albania,Literature of Albania,5TD
5TD-AM-A,Literature of Armenia,Literature of Armenia,5TD
5TD-AU-A,Literature of Austria,Literature of Austria,5TD
5TD-AZ-A,Literature of Azerbaijan,Literature of Azerbaijan,5TD
5TD-BA-A,Literature of Bosnia and Herzegovina,Literature of Bosnia and Herzegovina,5TD
5TD-BE-A,Literature of Belgium,Literature of Belgium,5TD
5TD-BG-A,Literature of Bulgaria,Literature of Bulgaria,5TD
5TD-BY-A,Literature of Belarus,Literature of Belarus,5TD
5TD-CH-A,Literature of Switzerland,Literature of Switzerland,5TD
5TD-CY-A,Literature of Cyprus,Literature of Cyprus,5TD
5TD-CZ-A,Literature of Czechia,Literature of Czechia,5TD
5TD-DE-A,Literature of Germany,Literature of Germany,5TD
5TD-DK-A,Literature of Denmark,Literature of Denmark,5TD
5TD-EE-A,Literature of Estonia,Literature of Estonia,5TD
5TD-ES-A,Literature of Spain,Literature of Spain,5TD
5TD-FI-A,Literature of Finland,Literature of Finland,5TD
5TD-FO-A,Literature of the Faroe Islands,Literature of the Faroe Islands,5TD
5TD-FR-A,Literature of France,Literature of France,5TD
5TD-GB-A,"Literature of the United Kingdom, Great Britain","Literature of the United Kingdom, Great Britain",5TD
5TD-GB-AE,Literature of England,Literature of England,5TD-GB-A
5TD-GB-AN,Literature of Northern Ireland,Literature of Northern Ireland,5TD-GB-A
5TD-GB-AS,Literature of Scotland,Literature of Scotland,5TD-GB-A
5TD-GB-AW,Literature of Wales,Literature of Wales,5TD-GB-A
5TD-GE-A,Literature of Georgia,Literature of Georgia,5TD
5TD-GR-A,Literature of Greece,Literature of Greece,5TD
5TD-HR-A,Literature of Croatia,Literature of Croatia,5TD
5TD-HU-A,Literature of Hungary,Literature of Hungary,5TD
5TD-IE-A,Literature of Ireland,Literature of Ireland,5TD
5TD-IS-A,Literature of Iceland,Literature of Iceland,5TD
5TD-IT-A,Literature of Italy,Literature of Italy,5TD
5TD-LT-A,Literature of Lithuania,Literature of Lithuania,5TD
5TD-LU-A,Literature of Luxembourg,Literature of Luxembourg,5TD
5TD-LV-A,Literature of Latvia,Literature of Latvia,5TD
5TD-MD-A,Literature of Moldova,Literature of Moldova,5TD
5TD-ME-A,Literature of Montenegro,Literature of Montenegro,5TD
5TD-MK-A,Literature of North Macedonia,Literature of North Macedonia,5TD
5TD-MT-A,Literature of Malta,Literature of Malta,5TD
5TD-NL-A,Literature of The Netherlands,Literature of The Netherlands,5TD
5TD-NO-A,Literature of Norway,Literature of Norway,5TD
5TD-PL-A,Literature of Poland,Literature of Poland,5TD
5TD-PT-A,Literature of Portugal,Literature of Portugal,5TD
5TD-RO-A,Literature of Romania,Literature of Romania,5TD
5TD-RS-A,Literature of Serbia,Literature of Serbia,5TD
5TD-RU-A,Literature of Russia,Literature of Russia,5TD
5TD-SE-A,Literature of Sweden,Literature of Sweden,5TD
5TD-SI-A,Literature of Slovenia,Literature of Slovenia,5TD
5TD-SK-A,Literature of Slovakia,Literature of Slovakia,5TD
5TD-UA-A,Literature of Ukraine,Literature of Ukraine,5TD
5TF,Literature of Asia,Literature of Asia,5T
5TFB,Literature of the Middle East,Literature of the Middle East,5TF
5TFB-AE-A,Literature of the United Arab Emirates,Literature of the United Arab Emirates,5TFB
5TFB-IL-A,Literature of Israel,Literature of Israel,5TFB
5TFB-IQ-A,Literature of Iraq,Literature of Iraq,5TFB
5TFB-IR-A,Literature of Iran,Literature of Iran,5TFB
5TFB-LB-A,Literature of Lebanon,Literature of Lebanon,5TFB
5TFB-PS-A,Literature of Palestine,Literature of Palestine,5TFB
5TFB-SA-A,Literature of Saudi Arabia,Literature of Saudi Arabia,5TFB
5TFB-TR-A,Literature of Türkiye / Turkey,Literature of Türkiye / Turkey,5TFB
5TFC,Literature of Central Asia,Literature of Central Asia,5TF
5TFK,Literature of South Asia,Literature of South Asia,5TF
5TFK-BD-A,Literature of Bangladesh,Literature of Bangladesh,5TFK
5TFK-IN-A,Literature of India,Literature of India,5TFK
5TFK-LK-A,Literature of Sri Lanka,Literature of Sri Lanka,5TFK
5TFK-PK-A,Literature of Pakistan,Literature of Pakistan,5TFK
5TFM,Literature of South East Asia,Literature of South East Asia,5TF
5TFM-ID-A,Literature of Indonesia,Literature of Indonesia,5TFM
5TFM-MY-A,Literature of Malaysia,Literature of Malaysia,5TFM
5TFM-PH-A,Literature of the Philippines,Literature of the Philippines,5TFM
5TFM-TH-A,Literature of Thailand,Literature of Thailand,5TFM
5TFM-SG-A,Literature of Singapore,Literature of Singapore,5TFM
5TFP,Literature of East Asia,Literature of East Asia,5TF
5TFP-CH-A,Literature of China,Literature of China,5TFP
5TFP-JP-A,Literature of Japan,Literature of Japan,5TFP
5TFP-KR-A,Literature of Korea,Literature of Korea,5TFP
5TH,Literature of Africa,Literature of Africa,5T
5THB,Literature of Northern Africa,Literature of Northern Africa,5TH
5THB-DZ-A,Literature of Algeria,Literature of Algeria,5THB
5THB-EG-A,Literature of Egypt,Literature of Egypt,5THB
5THB-MA-A,Literature of Morocco,Literature of Morocco,5THB
5THB-TN-A,Literature of Tunisia,Literature of Tunisia,5THB
5THD,Literature of Western Africa,Literature of Western Africa,5TH
5THD-CI-A,Literature of Cote d’Ivoire,Literature of Cote d’Ivoire,5THD
5THD-GH-A,Literature of Ghana,Literature of Ghana,5THD
5THD-NG-A,Literature of Nigeria,Literature of Nigeria,5THD
5THD-SN-A,Literature of Senegal,Literature of Senegal,5THD
5THG,Literature of Eastern Africa,Literature of Eastern Africa,5TH
5THG-KE-A,Literature of Kenya,Literature of Kenya,5THG
5THG-MG-A,Literature of Madagascar,Literature of Madagascar,5THG
5THJ,Literature of Central Africa,Literature of Central Africa,5TH
5THM,Literature of Southern Africa,Literature of Southern Africa,5TH
5THM-MW-A,Literature of Malawi,Literature of Malawi,5THM
5THM-ZA-A,Literature of South Africa,Literature of South Africa,5THM
5THM-ZW-A,Literature of Zimbabwe,Literature of Zimbabwe,5THM
5TK,Literature of the Americas,Literature of the Americas,5T
5TK-AR-A,Literature of Argentina,Literature of Argentina,5TK
5TK-BO-A,Literature of Bolivia,Literature of Bolivia,5TK
5TK-BR-A,Literature of Brazil,Literature of Brazil,5TK
5TK-CA-A,Literature of Canada,Literature of Canada,5TK
5TK-CA-AQ,Literature of Quebec,Literature of Quebec,5TK-CA-A
5TK-CL-A,Literature of Chile,Literature of Chile,5TK
5TK-CO-A,Literature of Colombia,Literature of Colombia,5TK
5TK-CR-A,Literature of Costa Rica,Literature of Costa Rica,5TK
5TK-EC-A,Literature of Ecuador,Literature of Ecuador,5TK
5TK-GL-A,Literature of Greenland,Literature of Greenland,5TK
5TK-HN-A,Literature of Honduras,Literature of Honduras,5TK
5TK-MX-A,Literature of Mexico,Literature of Mexico,5TK
5TK-NI-A,Literature of Nicaragua,Literature of Nicaragua,5TK
5TK-PA-A,Literature of Panama,Literature of Panama,5TK
5TK-PE-A,Literature of Peru,Literature of Peru,5TK
5TK-PY-A,Literature of Paraguay,Literature of Paraguay,5TK
5TK-SV-A,Literature of El Salvador,Literature of El Salvador,5TK
5TK-US-A,Literature of the United States of America (USA),Literature of the United States of America (USA),5TK
5TK-UY-A,Literature of Uruguay,Literature of Uruguay,5TK
5TK-VE-A,Literature of Venezuela,Literature of Venezuela,5TK
5TKJ,Literature of the Caribbean,Literature of the Caribbean,5TK
5TKJ-CU-A,Literature of Cuba,Literature of Cuba,5TKJ
5TKJ-JM-A,Literature of Jamaica,Literature of Jamaica,5TKJ
5TKJ-PR-A,Literature of Puerto Rico,Literature of Puerto Rico,5TKJ
5TM,Literature of Oceania,Literature of Oceania,5T
5TM-AU-A,Literature of Australia,Literature of Australia,5TM
5TM-NZ-A,Literature of Aotearoa / New Zealand,Literature of Aotearoa / New Zealand,5TM
5TM-XA-A,Literatures of the Pacific Islands and nations,Literatures of the Pacific Islands and nations,5TM
5X,Contains explicit or offensive material or content,Містить явні або образливі матеріали чи вміст. Тільки для дорослих,5
5Y,Relating to special / particular aspects of the content,Relating to special / particular aspects of the content,5
5YA,Relating to non-stereotypical gender roles,Relating to non-stereotypical gender roles,5Y
5YD,Content relating to body acceptance / body positivity,Content relating to body acceptance / body positivity,5Y
5YH,Content relates specifically to anthropomorphic characters,Content relates specifically to anthropomorphic characters,5Y
5YK,Content relates specifically to multiple perspectives,Content relates specifically to multiple perspectives,5Y
5YS,Relating to UN Sustainable Development Goals (SDGs),Relating to UN Sustainable Development Goals (SDGs),5Y
5YS-UN-A,Relating to UN SDG 1 - Ending Poverty,Relating to UN SDG 1 - Ending Poverty,5YS
5YS-UN-B,Relating to UN SDG 2 - Zero Hunger,Relating to UN SDG 2 - Zero Hunger,5YS
5YS-UN-C,Relating to UN SDG 3 - Good Health and Well-Being,Relating to UN SDG 3 - Good Health and Well-Being,5YS
5YS-UN-D,Relating to UN SDG 4 - Quality Education,Relating to UN SDG 4 - Quality Education,5YS
5YS-UN-E,Relating to UN SDG 5 - Gender Equality,Relating to UN SDG 5 - Gender Equality,5YS
5YS-UN-F,Relating to UN SDG 6 - Clean Water and Sanitation,Relating to UN SDG 6 - Clean Water and Sanitation,5YS
5YS-UN-G,Relating to UN SDG 7 - Affordable and Clean Energy,Relating to UN SDG 7 - Affordable and Clean Energy,5YS
5YS-UN-H,Relating to UN SDG 8 - Decent Work and Economic Growth,Relating to UN SDG 8 - Decent Work and Economic Growth,5YS
5YS-UN-J,"Relating to UN SDG 9 - Industry, Innovation and Infrastructure","Relating to UN SDG 9 - Industry, Innovation and Infrastructure",5YS
5YS-UN-K,Relating to UN SDG 10 - Reduced Inequalities,Relating to UN SDG 10 - Reduced Inequalities,5YS
5YS-UN-L,Relating to UN SDG 11 - Sustainable Cities and Communities,Relating to UN SDG 11 - Sustainable Cities and Communities,5YS
5YS-UN-M,Relating to UN SDG 12 - Responsible Consumption and Production,Relating to UN SDG 12 - Responsible Consumption and Production,5YS
5YS-UN-N,Relating to UN SDG 13 - Climate Action,Relating to UN SDG 13 - Climate Action,5YS
5YS-UN-P,Relating to UN SDG 14 - Life Below Water,Relating to UN SDG 14 - Life Below Water,5YS
5YS-UN-Q,Relating to UN SDG 15 - Life on Land,Relating to UN SDG 15 - Life on Land,5YS
5YS-UN-R,"Relating to UN SDG 16 - Peace, Justice and Strong Institutions","Relating to UN SDG 16 - Peace, Justice and Strong Institutions",5YS
5YS-UN-S,Relating to UN SDG 17 - Partnerships for Goals,Relating to UN SDG 17 - Partnerships for Goals,5YS
6,Style qualifiers,Визначники стилю,
6A,Styles (A),Стилі для літери «А» англійською мовою,6
6AA,Abstractism,Абстракція,6A
6AB,Abstract Expressionism,Абстрактний експресіонізм,6A
6AC,Art Deco,Ар деко,6A
6AD,Art Nouveau,Нове мистецтво. Ар-нуво. Модерн,6A
6AF,Arts and Crafts,Мистецтво. Художні промисли,6A
6AG,"Academic style, Academism, Academicism",Академічний стиль. Академічний,6A
6AH,Aestheticism,Естетизм,6A
6AJ,Altermodernism,Альтемодернізм. Альтернативна сучасність,6A
6AK,Analytic Cubism,Аналітичний кубізм,6A
6AL,Arbeitsrat für Kunst,Arbeitsrat für Kunst. Асоціація митців,6A
6AM,Art Informel,Інформалізм. Неформальне мистецтво,6A
6AN,Arte Povera,Arte povera. Арте повера,6A
6AP,Assemblage,Ассамбляж,6A
6AQ,Avant-garde,Авангард,6A
6AR,Afrofuturism,Афрофутуризм,6A
6AS,Africanfuturism,Africanfuturism,6A
6AT,Afrobeats,Afrobeats,6A
6AU,Academia styles,Academia styles,6A
6B,Styles (B),Стилі для літери «B» англійською мовою,6
6BA,Baroque,Бароко,6B
6BB,Barbizon school,Барбізонська школа,6B
6BC,Bauhaus,Баухаус,6B
6BD,Berliner Sezession,Берлінський сецесіон,6B
6BF,Biedermeier,Бідермеєр,6B
6BG,Beat style,Біґ-біт стиль (рок-музика) або може бути Біт-покоління. Бітники,6B
6BH,Bebop,Бібоп,6B
6BJ,Der Blaue Reiter,Der Blaue Reiter (Німецький експресіонізм),6B
6BK,Bloomsbury Group style,Стиль групи Блумсбері. Стиль групи Блумзбері,6B
6BL,Bluegrass,Блюграс,6B
6BM,Blues,Блюз,6B
6BN,Die Brücke,Die Brücke. Міст (група художників у Німеччині),6B
6BP,Byzantine style,Візантійський стиль,6B
6BQ,Brutalism,Бруталізм,6B
6C,Styles (C),Стилі для літери «C» англійською мовою,6
6CA,Classical style,Класичний стиль. Класицизм,6C
6CB,Cubism,Кубізм,6C
6CC,Celtic style,Кельтський стиль,6C
6CD,Camden Town Group,Камден-Таун (група англійських художників),6C
6CF,Cloisonnism,Клуазонізм,6C
6CG,CoBrA,CoBrA,6C
6CH,Color Field painting,Живопис кольорового поля,6C
6CJ,Computer art,Комп’ютерне мистецтво,6C
6CK,Conceptualism,Концептуалізм,6C
6CL,Constructivism,Конструктивізм,6C
6CM,Country and Western,Заміський і західний,6C
6CN,Cubo-Futurism,Кубо-футуризм,6C
6CP,Colonial style,Колоніальний стиль,6C
6CQ,Cordel style,Cordel style,6C
6D,Styles (D),Стилі для літери «D» англійською мовою,6
6DA,Dada,Дадаїзм,6D
6DB,Divisionism,Дивізіонізм,6D
6DC,Düsseldorf School,Дюссельдорфська художня школа,6D
6E,Styles (E),Стилі для літери «E» англійською мовою,6
6EA,Empire style,Стиль ампір,6E
6EB,Easy listening,Легка музика. Оркестровий поп,6E
6EC,The Eight,Вісімка (художники),6E
6ED,Ancient Etruscan style,Античний етруський стиль,6E
6EF,Expressionism,Експресіонізм,6E
6EG,Ancient Egyptian style,Давньоєгипетський стиль,6E
6EH,Epic,Епічний,6E
6EJ,Elegy / Elegiac styles,Елегії,6E
6EK,EDM (Electronic Dance Music),EDM (Електронна танцювальна музика. Клубна музика),6E
6F,Styles (F),Стилі для літери «F» англійською мовою,6
6FA,Fauvism,Фовізм,6F
6FB,Fado,Фаду (портуґальська музика),6F
6FC,Flamenco,Фламенко,6F
6FD,"Folk, Folkloric styles","Народний, фольклорний стилі",6F
6FF,Futurism,Футуризм,6F
6FG,Fantasy art,Мистецтво фентезі,6F
6G,Styles (G),Стилі для літери «G» англійською мовою,6
6GA,Gothic,Готичний. Готика,6G
6GB,Georgian style,Георгіанський стиль,6G
6GC,Ancient Greek style,Давньогрецький стиль,6G
6GD,Gospel style,Євангельський стиль,6G
6GE,Gauchoesque style (gauchesco),Гаушескій стиль (гауческо),6G
6GF,Goth aesthetics and styles,Goth aesthetics and styles,6G
6H,Styles (H),Стилі для літери «H» англійською мовою,6
6HA,"Metal, Heavy Metal",Метал. Важкий метал (музика),6H
6HB,Hague School,Гаазька школа живопису,6H
6HC,Heidelberg School,Гайдельберзька школа романтиків,6H
6J,Styles (IJ),Стилі для літер «I» та «J» англійською мовою,6
6JA,Impressionism,Імпресіонізм,6J
6JB,Iberian style,Іберійський стиль,6J
6JC,Indie / underground styles,Інді,6J
6JD,Jazz,Джаз,6J
6JF,Jack of Diamonds,Бубновий валет (творче об’єднання),6J
6JG,Jugendstil,Югендштиль (Югендстиль),6J
6JL,Islamic styles,Ісламський стиль,6J
6JN,Indigenous styles,"Стиль корінних жителів, аборигенів",6J
6JM,Indigenous Futurisms,Indigenous Futurisms,6J
6K,Styles (K),Стилі для літери «K» англійською мовою,6
6KA,K-pop style,K-pop style,6K
6KB,Kimono style,Kimono style,6K
6L,Styles (L),Стилі для літери «L» англійською мовою,6
6LA,Lettrism,Летризм,6L
6LB,Lyric / Lyrical styles,Лірика. Ліричний,6L
6LC,Latin style,Латинський стиль,6L
6M,Styles (M),Стилі для літери «M» англійською мовою,6
6MA,Mannerism,Маньєризм. Пізнє Відродження,6M
6MB,Medieval style,Середньовічний стиль,6M
6MC,Modernism,Модернізм,6M
6MD,Macchiaioli,Мак’яйолі (творче товариство художників),6M
6ME,Maximalism,Maximalism,6M
6MF,Minimalism,Мінімалізм,6M
6MG,Ancient Minoan style,Мінойський стиль,6M
6MH,Mir iskusstva,Світ мистецтва (товариство),6M
6MJ,Mozarabic style,Мосарабський стиль,6M
6MK,Ancient Mycenaean style,Мікенський стиль,6M
6ML,Marches,Marches,6M
6MM,Mid-century modern,Модерн середини століття,6M
6MN,Muralism,Муралізм,6M
6MQ,Mughal style,Могольський стиль,6M
6MR,Mariachi and related regional Mexican styles,Mariachi and related regional Mexican styles,6M
6N,Styles (NO),Стилі для літер «H» та «О» англійською мовою,6
6NA,Naive style,Наївний стиль,6N
6NB,Naturalism,Натуралізм,6N
6NC,"Op art, Kinetic art",Оп-арт (оптичне мистецтво). Кінетичне мистецтво,6N
6ND,"Outsider art, Art brut",Ар брют. Аутсайдерське мистецтво,6N
6NE,Orientalism,Орієнталізм,6N
6NF,Les Nabis,Набі (група художників),6N
6NG,Nazarene,Назарейці,6N
6NH,Neo-Classicism,Неокласицизм,6N
6NJ,Neo-impressionism,Неоімпресіонізм,6N
6NK,New age,Новий вік (Нью Ейдж),6N
6NL,Norwich School,Норіджська школа художників,6N
6NM,Orphism,Орфізм,6N
6NN,Neorealism,Neorealism,6N
6NP,Ouxpo / Pataphysics and other constrained styles,Ouxpo / Pataphysics and other constrained styles,6N
6NW,New Wave,Нова хвиля (музичний напрям),6N
6P,Styles (P),Стилі для літери «P» англійською мовою,6
6PA,Pop art,Поп-арт,6P
6PB,Pop music,Популярна музика. Поп-музика,6P
6PC,Post-Impressionism,Постімпресіонізм,6P
6PD,Postmodernism,Постмодернізм,6P
6PF,Peredvizhniki,Передвижники. Товариство пересувних художніх виставок,6P
6PG,Pittura Metafisica,Метафізичний живопис,6P
6PH,Pointillism,Пуантилізм,6P
6PJ,Prehistoric styles,Доісторичні стилі,6P
6PK,Prog Rock,Прогресивний рок,6P
6PL,Pre-Raphaelite,Прерафаеліти,6P
6PM,Psychedelic,Психоделічний арт. Психоделічне мистецтво,6P
6PN,Punk,Панк,6P
6PP,Purism,Пуризм,6P
6PQ,Pre-contacts (Pre-Columbian) styles,Доколумбові стилі,6P
6PR,Persian / Iranian styles,Персидський / Іранський стилі,6P
6PS,Postcolonial styles,Postcolonial styles,6P
6PT,Palladianism / Neo-Palladianism,Palladianism / Neo-Palladianism,6P
6Q,Styles (Q),Стилі для літери «Q» англійською мовою,6
6QA,Queen Anne style,Стиль королеви Анни,6Q
6R,Styles (R),Стилі для літери «R» англійською мовою,6
6RA,Romanticism,Романтизм,6R
6RB,Romanesque,Романське мистецтво,6R
6RC,Renaissance style,Відродження (Ренесанс),6R
6RD,Rococo,Рококо,6R
6RE,Regency style,Регентство,6R
6RF,Rock,Рок,6R
6RG,Rock and Roll,Рок-н-рол,6R
6RH,"Rhythm and blues, R’n’B",Ритм-енд-блюз,6R
6RJ,Rap and Hip Hop,Реп та Хіп-хоп,6R
6RK,Reggae and Ska,Реггі (Регі) та Ска,6R
6RL,Rayonism,Районізм (Променизм),6R
6RM,Realism,Реалізм,6R
6RN,Relational art,Мистецтво взаємовідносин . Реляційне мистецтво,6R
6RP,Retro art,Ретро мистецтво. Ретростиль,6R
6RQ,Return to order,Return to order (європейський арт рух),6R
6RR,Ancient Roman style,Давньоримський стиль,6R
6RS,Reggaeton,Reggaeton,6R
6S,Styles (S),Стилі для літери «S» англійською мовою,6
6SA,Surrealism,Сюрреалізм,6S
6SB,Soul and Funk,Соул та Фанк,6S
6SC,Samba and Bossa Nova,Самба та Босанова (Босса-Нова),6S
6SD,Schweizerischer Werkbund,Schweizerischer Werkbund (швейцарська асоціація митців),6S
6SF,Scuola Romana,Римська школа (образотворче мистецтво),6S
6SG,Secession Groups,Групи Сецесії,6S
6SH,Section d’Or,Section d’Or. Пюто (группа) (творче об’єднання художників),6S
6SJ,Shaker style,Стиль Шейкера (Архітектура),6S
6SK,Situationist International,Ситуаціонізм,6S
6SL,Soviet style,Радянський стиль,6S
6SM,Spanish Eclecticism,Іспанський еклектизм,6S
6SN,"De Stijl, Neoplasticism","Стиль (художня група), Неопластицизм",6S
6SP,Stuckism International,Стакізм,6S
6SQ,Sturm und Drang,Sturm Und Drang (музичний гурт),6S
6SR,Suprematism,Супрематизм,6S
6SS,Swing,Свінг (музичний термін),6S
6ST,Symbolist / symbolism,Символістичний / Символізм,6S
6SU,Synthetic Cubism,Синтетичний кубізм,6S
6SV,Synthetism,Синтетизм,6S
6SW,Satirical style / satire,Сатира,6S
6SX,Styles (S) – continued,Styles (S) – continued,6S
6SXA,Spatialism / Spazialismo,Spatialism / Spazialismo,6SX
6T,Styles (T),Стилі для літери «T» англійською мовою,6
6TA,Tango,Танго,6T
6TB,Tachism,Ташизм,6T
6TC,Tartessian style,Стиль Тартесс,6T
6TE,Transavanguardia,Трансавангард,6T
6TF,Turkish / Ottoman styles,Турецький / Османський стилі,6T
6U,Styles (U),Стилі для літери «U» англійською мовою,6
6UB,Urban / ‘Street’ styles,Міський / Вуличний стилі,6U
6UC,Ukiyo-e,Укійо-е,6U
6V,Styles (V),Стилі для літери «V» англійською мовою,6
6VA,Vienna Secession,Віденська сецесія,6V
6VB,Viking style,Мистецтво вікінґів,6V
6VC,Visigoth style,Вестґотське мистецтво,6V
6VD,Vorticism,Вортицизм,6V
6VE,Vernacular,Народний (місцевий),6V
6W,Styles (W),Стилі для літери «W» англійською мовою,6
6X,Styles (XYZ),Стилі для літер «X» «Y» «Z» англійською мовою,6
6XZ,Zydeco,Зайдеко,6X
